reservoir_id,reservoir_name,date,source_type,storage_current (million m^3),storage_pct_current (%),storage_prev_year_same_day (million m^3),storage_pct_prev_year_same_day (%),storage_jan1_current_year (million m^3),storage_jan1_prev_year (million m^3),inflow_daily (million m^3/day),inflow_ytd (million m^3),outflow_daily (million m^3/day),outflow_ytd (million m^3),usable_water_current (million m^3)
200102,เขื่อนสิริกิติ์,2022-04-21,large,3748.0,39.0,3851.0,40.0,4382.0,5320.0,4.86,365.31,10.12,917.23,
200101,เขื่อนภูมิพล,2022-04-21,large,5974.0,44.0,4644.0,34.0,7978.0,5469.0,,151.14,19.12,1989.8,
100104,เขื่อนแม่กวงอุดมธารา,2022-04-21,large,83.58,32.0,51.44,20.0,85.71,110.44,0.12,193.8,0.04,12.0,
100107,เขื่อนแควน้อยบำรุงแดน,2022-04-21,large,408.0,43.0,317.34,34.0,859.0,407.04,1.58,79.54,4.32,511.91,
200103,เขื่อนแม่งัดสมบูรณ์ชล,2022-04-21,large,91.88,35.0,92.11,35.0,114.33,141.52,0.14,13.12,0.3,35.52,
100108,เขื่อนแม่มอก,2022-04-21,large,50.0,45.0,35.38,32.0,100.0,42.6,0.02,43.12,0.02,58.47,
100105,เขื่อนกิ่วลม,2022-04-21,large,61.81,58.0,53.51,50.0,96.84,68.43,2.1,68.63,1.06,104.83,
100106,เขื่อนกิ่วคอหมา,2022-04-21,large,95.9,56.0,47.27,28.0,140.54,75.88,1.01,14.2,1.31,54.8,
200205,เขื่อนอุบลรัตน์,2022-04-21,large,1139.27,47.0,901.54,37.0,2071.33,1495.11,0.99,136.34,4.41,869.81,
200204,เขื่อนจุฬาภรณ์,2022-04-21,large,106.57,65.0,72.06,44.0,154.52,145.37,0.28,19.17,,29.71,
200203,เขื่อนน้ำพุง,2022-04-21,large,71.33,43.0,66.37,40.0,93.59,87.27,,6.45,0.2,17.75,
200212,เขื่อนสิรินธร,2022-04-21,large,1193.67,61.0,1151.6,59.0,1693.75,1626.06,,126.09,5.03,283.12,
100208,เขื่อนลำพระเพลิง,2022-04-21,large,108.0,70.0,95.08,61.0,153.0,154.41,0.11,25.58,1.13,81.13,
100207,เขื่อนลำตะคอง,2022-04-21,large,210.0,67.0,250.27,80.0,325.0,345.22,0.38,40.08,1.73,124.62,
100210,เขื่อนลำแชะ,2022-04-21,large,174.0,63.0,153.9,56.0,275.0,243.38,0.5,22.43,0.9,87.46,
100201,เขื่อนห้วยหลวง,2022-04-21,large,45.0,33.0,40.38,30.0,72.08,57.8,0.02,21.63,0.33,20.44,
100206,เขื่อนลำปาว,2022-04-21,large,676.0,34.0,474.75,24.0,1213.0,946.48,0.99,138.45,4.27,422.2,
100211,เขื่อนลำนางรอง,2022-04-21,large,99.0,82.0,83.77,69.0,116.0,99.13,0.5,17.32,0.2,21.73,
100209,เขื่อนมูลบน,2022-04-21,large,93.0,66.0,102.48,73.0,139.0,141.0,0.12,15.01,0.68,47.37,
100202,เขื่อนน้ำอูน,2022-04-21,large,213.0,41.0,182.19,35.0,306.0,232.75,0.02,38.53,0.18,81.46,
100301,เขื่อนป่าสักชลสิทธิ์,2022-04-21,large,386.0,40.0,231.56,24.0,855.0,656.66,1.29,214.07,5.19,491.21,
100302,เขื่อนทับเสลา,2022-04-21,large,76.54,48.0,52.32,33.0,137.08,108.19,,14.66,,94.72,
100303,เขื่อนกระเสียว,2022-04-21,large,204.7,68.0,126.2,42.0,299.99,199.15,1.09,41.14,1.44,106.98,
200402,เขื่อนวชิราลงกรณ,2022-04-21,large,5526.65,62.0,3765.87,43.0,7491.08,4675.21,0.71,168.72,23.03,1927.34,
200401,เขื่อนศรีนครินทร์,2022-04-21,large,14962.6,84.0,11748.91,66.0,16338.26,13191.95,3.88,533.4,21.16,1768.63,
100514,เขื่อนนฤบดินทรจินดา,2022-04-21,large,76.0,26.0,96.2,33.0,248.0,222.9,0.05,19.68,1.0,142.38,
100503,เขื่อนบางพระ,2022-04-21,large,92.0,79.0,51.24,44.0,108.0,75.48,0.05,13.41,0.31,29.98,
100501,เขื่อนขุนด่านปราการชล,2022-04-21,large,67.0,30.0,45.62,20.0,196.0,192.53,0.05,5.12,0.58,130.53,
100502,เขื่อนคลองสียัด,2022-04-21,large,73.0,17.0,69.37,17.0,206.0,161.87,0.05,8.65,1.14,126.8,
100504,เขื่อนหนองปลาไหล,2022-04-21,large,119.0,73.0,123.65,76.0,164.0,157.62,0.05,49.53,0.22,25.31,
100505,เขื่อนประแสร์,2022-04-21,large,206.29,70.0,169.69,58.0,277.34,228.21,,6.73,0.88,57.02,
200603,เขื่อนรัชชประภา,2022-04-21,large,3492.9,62.0,3375.25,60.0,4473.53,3750.77,4.0,439.84,15.64,1366.0,
200604,เขื่อนบางลาง,2022-04-21,large,1186.3,82.0,1139.59,78.0,1048.76,1369.0,5.55,871.49,12.25,691.61,
200601,เขื่อนแก่งกระจาน,2022-04-21,large,414.25,58.0,307.44,43.0,636.55,520.16,0.28,110.63,3.46,237.18,
100602,เขื่อนปราณบุรี,2022-04-21,large,242.0,62.0,244.26,62.0,345.0,354.8,0.3,87.91,2.19,131.16,
rsv01,อ่างเก็บน้ำห้วยแม่ออน,2022-04-21,middle,1.179,26.03,1.458,32.19,0.133,,,,0.015,,0.379
rsv02,อ่างเก็บน้ำแม่จอกหลวง,2022-04-21,middle,0.664,60.36,0.524,47.64,0.0,,,,0.035,,0.564
rsv03,อ่างเก็บน้ำห้วยมะนาว,2022-04-21,middle,2.084,48.47,1.809,42.07,0.01,,,,,,1.984
rsv04,อ่างเก็บน้ำห้วยโป่งจ้อ,2022-04-21,middle,1.247,44.99,0.39,14.07,0.0,,,,,,1.197
rsv05,อ่างเก็บน้ำแม่ตูบ,2022-04-21,middle,16.25,41.67,2.891,7.41,0.056,,,,,,15.75
rsv06,อ่างเก็บน้ำแม่โก๋น,2022-04-21,middle,2.3,41.59,1.37,24.77,0.0,,,,,,1.98
rsv07,อ่างเก็บน้ำห้วยเดื่อ,2022-04-21,middle,3.356,78.48,1.774,41.49,0.0,,,,,,3.073
rsv08,อ่างเก็บน้ำแม่แหลงหลวง,2022-04-21,middle,2.455,67.43,1.241,34.08,0.01,,,,,,2.328
rsv09,อ่างเก็บน้ำแม่ข้อน,2022-04-21,middle,2.371,58.11,1.8,44.12,0.006,,,,,,2.021
rsv10,อ่างเก็บน้ำสันหนอง,2022-04-21,middle,0.895,61.72,0.85,58.62,0.005,,,,,,0.545
rsv11,อ่างเก็บน้ำแม่ทะลบหลวง,2022-04-21,middle,11.744,76.76,7.584,49.57,0.055,,,,,,9.444
rsv531,อ่างเก็บน้ำ แม่สะลวม,,middle,,,,,,,,,,,
rsv13,อ่างเก็บน้ำแม่ตีบ,2022-04-21,middle,2.016,20.16,1.34,13.4,0.006,,,,,,1.516
rsv14,อ่างเก็บน้ำแม่สาน,2022-04-21,middle,4.021,25.13,3.037,18.98,0.072,,,,,,3.141
rsv15,อ่างเก็บน้ำแม่ธิ,2022-04-21,middle,2.446,44.47,2.384,43.35,0.043,,,,0.005,,2.296
rsv16,อ่างเก็บน้ำแม่เมย,2022-04-21,middle,2.953,82.03,2.074,57.61,0.153,,,,,,2.933
rsv19,อ่างเก็บน้ำห้วยช้าง,2022-04-21,middle,3.507,55.67,2.521,40.02,0.655,,0.002,,,,3.207
rsv20,อ่างเก็บน้ำแม่ต๊าก,2022-04-21,middle,3.17,24.38,3.25,25.0,0.38,,,,0.1,,1.72
rsv21,อ่างเก็บน้ำแม่สรวย,2022-04-21,middle,45.868,62.83,21.393,29.31,26.986,,0.447,,0.365,,42.868
rsv483,อ่างเก็บน้ำดอยงู,2022-04-21,middle,5.317,72.14,2.658,36.07,2.302,,0.036,,0.036,,3.977
rsv22,อ่างเก็บน้ำแม่ทะ,2022-04-21,middle,1.7,66.93,0.787,30.98,0.019,,,,,,1.46
rsv23,อ่างเก็บน้ำแม่อาบ,2022-04-21,middle,5.644,74.66,1.435,18.98,0.017,,0.012,,,,5.104
rsv24,อ่างเก็บน้ำแม่ทาน,2022-04-21,middle,10.546,77.54,4.175,30.7,0.005,,,,,,9.186
rsv25,อ่างเก็บน้ำห้วยสมัย,2022-04-21,middle,0.931,77.58,1.101,91.75,0.0,,,,0.004,,0.771
rsv26,อ่างเก็บน้ำแม่พริก,2022-04-21,middle,1.9,45.24,1.304,31.05,0.0,,,,0.04,,1.5
rsv27,อ่างเก็บน้ำแม่เลียงพัฒนา,2022-04-21,middle,5.375,77.9,3.447,49.96,0.078,,,,,,4.575
rsv29,อ่างเก็บน้ำแม่ทรายคำ,2022-04-21,middle,0.245,19.63,0.135,10.82,0.005,,,,0.02,,0.107
rsv30,อ่างเก็บน้ำห้วยหลวงวังวัว,2022-04-21,middle,0.575,35.71,0.547,33.98,0.005,,,,0.02,,0.425
rsv31,อ่างเก็บน้ำห้วยแม่ค่อม,2022-04-21,middle,0.95,70.06,0.606,44.69,0.279,,0.068,,,,0.79
rsv32,อ่างเก็บน้ำแม่ต๋ำน้อย,2022-04-21,middle,0.547,54.7,0.291,29.1,0.003,,,,,,0.477
rsv33,อ่างเก็บน้ำแม่เฟือง,2022-04-21,middle,0.508,44.88,0.223,19.7,0.0,,,,0.021,,0.33
rsv34,อ่างเก็บน้ำแม่ไฮ,2022-04-21,middle,0.948,77.39,0.931,76.0,0.006,,,,,,0.833
rsv35,อ่างเก็บน้ำแม่ธิ,2022-04-21,middle,0.107,6.73,0.089,5.6,0.0,,,,,,0.002
rsv36,อ่างเก็บน้ำห้วยแม่งอน,2022-04-21,middle,0.896,70.0,0.184,14.37,0.157,,0.063,,,,0.78
rsv37,อ่างเก็บน้ำแม่ต๋ำตอนล่าง,2022-04-21,middle,1.967,77.44,2.204,86.77,0.044,,,,,,1.276
rsv38,อ่างเก็บน้ำแม่วะ,2022-04-21,middle,2.656,45.02,4.671,79.17,0.542,,0.464,,,,1.706
rsv39,อ่างเก็บน้ำแม่ล้อหัก,2022-04-21,middle,0.521,39.0,0.12,8.98,0.001,,,,,,0.473
rsv40,อ่างเก็บน้ำแม่ทก,2022-04-21,middle,0.859,77.18,1.101,98.92,0.023,,,,,,0.805
rsv41,อ่างเก็บน้ำแม่เรียง,2022-04-21,middle,0.858,76.61,1.101,98.3,0.083,,,,,,0.52
rsv42,อ่างเก็บน้ำห้วยหลวง,2022-04-21,middle,0.971,77.06,0.369,29.29,0.068,,,,,,0.801
rsv43,อ่างเก็บน้ำแม่กึ๊ด,2022-04-21,middle,0.996,76.62,0.77,59.23,0.084,,,,,,0.836
rsv44,อ่างเก็บน้ำห้วยเกี๋ยง,2022-04-21,middle,8.236,71.0,2.38,20.52,0.0,,,,,,7.636
rsv45,อ่างเก็บน้ำแม่ปอน,2022-04-21,middle,0.499,27.57,0.136,7.51,0.0,,,,,,0.348
rsv46,อ่างเก็บน้ำห้วยแม่ยาว,2022-04-21,middle,2.681,77.04,0.731,21.01,0.0,,,,,,2.401
rsv47,อ่างเก็บน้ำแม่ไพร,2022-04-21,middle,2.478,77.44,0.64,20.0,0.104,,,,,,2.348
rsv48,อ่างเก็บน้ำห้วยแม่สัน,2022-04-21,middle,2.609,74.01,1.579,44.79,0.012,,,,,,2.569
rsv478,อ่างเก็บน้ำแม่พริก (ผาวิ่งชู้),2022-04-21,middle,28.364,77.75,9.215,25.26,0.138,,,,0.185,,22.524
rsv479,อ่างเก็บน้ำแม่ฟ้า,2022-04-21,middle,10.913,54.78,8.042,40.37,0.175,,0.057,,,,9.813
rsv523,อ่างเก็บน้ำแม่อ้อน 2,,middle,,,,,,,,,,,
rsv532,อ่างเก็บน้ำ แม่อาง,,middle,,,,,,,,,,,
rsv49,อ่างเก็บน้ำห้วยแฮต,2022-04-21,middle,0.547,10.94,1.438,28.76,1.151,,0.02,,0.014,,0.007
rsv50,อ่างเก็บน้ำน้ำแหง,2022-04-21,middle,5.68,43.69,6.126,47.12,4.17,,0.009,,,,2.81
rsv51,อ่างเก็บน้ำน้ำพงษ์,2022-04-21,middle,0.848,56.91,0.449,30.13,0.456,,0.104,,,,0.478
rsv52,อ่างเก็บน้ำห้วยน้ำฮิ,2022-04-21,middle,2.486,41.43,2.032,33.87,0.579,,0.004,,,,2.086
rsv533,อ่างเก็บน้ำ น้ำริม,,middle,,,,,,,,,,,
rsv534,อ่างเก็บน้ำ ห้วยชื่น,,middle,,,,,,,,,,,
rsv53,อ่างเก็บน้ำแม่ต๋ำ,2022-04-21,middle,21.125,50.9,12.481,30.07,3.987,,0.169,,,,18.625
rsv54,อ่างเก็บน้ำแม่ปืม,2022-04-21,middle,22.087,43.89,4.355,8.65,1.375,,,,,,20.437
rsv480,อ่างเก็บน้ำแม่ใจ,2022-04-21,middle,2.467,82.23,0.468,15.6,0.249,,,,,,1.367
rsv522,อ่างเก็บน้ำแม่จุน,,middle,,,,,,,,,,,
rsv55,อ่างเก็บน้ำคลองตรอน,2022-04-21,middle,8.939,15.15,26.111,44.26,5.732,,,,0.3,,2.939
rsv450,อ่างเก็บน้ำห้วยแม่เฉย,2022-04-21,middle,2.8,70.0,2.699,67.47,0.075,,,,0.001,,2.53
rsv518,อ่างเก็บน้ำห้วยน้ำรี,,middle,,,,,,,,,,,
rsv387,อ่างเก็บน้ำห้วยน้ำลาด,2022-04-21,middle,0.736,60.33,,0.0,0.0,,,,0.003,,0.614
rsv388,อ่างเก็บน้ำห้วยใหญ่(ไพศาลี),2022-04-21,middle,10.615,89.43,7.497,63.16,1.489,,,,0.03,,9.585
rsv485,อ่างเก็บน้ำคลองโพธิ์,2022-04-21,middle,53.93,62.71,37.926,44.1,3.44,,,,0.49,,47.93
rsv519,อ่างเก็บน้ำห้วยน้ำคับ,,middle,,,,,,,,,,,
rsv520,อ่างเก็บน้ำห้วยน้ำจวง,,middle,,,,,,,,,,,
rsv56,อ่างเก็บน้ำห้วยป่าบง,2022-04-21,middle,1.123,80.21,0.419,29.93,0.056,,0.001,,,,1.103
rsv57,อ่างเก็บน้ำคลองน้ำไหล,2022-04-21,middle,35.1,91.17,25.1,65.19,2.676,,0.016,,0.096,,34.35
rsv511,อ่างเก็บน้ำคลองไพร,2022-04-21,middle,12.715,88.56,8.608,59.95,0.258,,,,0.024,,12.684
rsv58,อ่างเก็บน้ำแม่มาน,2022-04-21,middle,13.576,72.41,13.845,73.84,3.818,,0.125,,0.089,,12.476
rsv59,อ่างเก็บน้ำแม่สอง,2022-04-21,middle,36.24,55.08,19.95,30.32,0.288,,,,,,23.64
rsv60,อ่างเก็บน้ำแม่ถาง,2022-04-21,middle,12.155,39.7,17.434,56.94,2.236,,,,,,9.655
rsv61,อ่างเก็บน้ำแม่คำปอง,2022-04-21,middle,3.125,46.23,2.195,32.47,2.099,,,,,,2.997
rsv464,อ่างเก็บน้ำแม่สาย,2022-04-21,middle,6.68,63.62,5.766,54.91,4.129,,0.06,,0.06,,5.28
rsv62,อ่างเก็บน้ำคลองข้างใน,2022-04-21,middle,5.804,64.49,,0.0,0.119,,0.034,,,,5.464
rsv63,อ่างเก็บน้ำห้วยท่าแพ,2022-04-21,middle,30.447,52.49,26.013,44.85,3.163,,0.036,,0.036,,21.647
rsv64,อ่างเก็บน้ำห้วยแม่สูง,2022-04-21,middle,3.548,28.5,1.856,14.91,2.486,,,,,,2.508
rsv490,อ่างเก็บน้ำห้วยทรวง,2022-04-21,middle,5.107,63.84,2.435,30.44,0.009,,,,,,4.707
rsv494,อ่างเก็บน้ำแม่กองค่าย,2022-04-21,middle,8.325,64.04,4.274,32.88,0.277,,,,,,7.745
rsv536,อ่างเก็บน้ำ ห้วยไร่,,middle,,,,,,,,,,,
rsv537,อ่างเก็บน้ำ ห้วยแม่สำ,,middle,,,,,,,,,,,
rsv65,อ่างเก็บน้ำห้วยแม่สอด,2022-04-21,middle,2.515,45.73,0.736,13.38,4.381,,0.013,,,,2.081
rsv66,อ่างเก็บน้ำห้วยลึก,2022-04-21,middle,2.995,51.64,0.353,6.09,0.047,,,,0.01,,2.895
rsv486,อ่างเก็บน้ำห้วยแม่ท้อ,2022-04-21,middle,43.969,69.79,36.978,58.7,1.573,,,,0.218,,40.469
rsv535,อ่างเก็บน้ำ แม่สอดตอนบน,,middle,,,,,,,,,,,
rsv71,อ่างเก็บน้ำห้วยน้ำสวย,2022-04-21,middle,2.563,77.67,2.245,68.03,0.605,,,,0.003,,1.618
rsv72,อ่างเก็บน้ำห้วยยาง,2022-04-21,middle,1.998,53.81,1.49,40.13,0.616,,0.014,,,,1.278
rsv73,อ่างเก็บน้ำห้วยลิ้นควาย,2022-04-21,middle,21.143,72.91,19.914,68.67,2.745,,0.008,,0.019,,19.143
rsv74,อ่างเก็บน้ำห้วยอีเลิศ,2022-04-21,middle,0.836,50.67,0.599,36.3,0.789,,0.01,,0.016,,0.756
rsv75,อ่างเก็บน้ำห้วยน้ำพาว,2022-04-21,middle,1.264,92.67,0.542,39.74,0.243,,0.003,,,,1.234
rsv76,อ่างเก็บน้ำห้วยน้ำหมาน,2022-04-21,middle,23.591,89.02,21.32,80.45,2.666,,0.039,,0.025,,22.121
rsv77,อ่างเก็บน้ำห้วยแห้ว,2022-04-21,middle,1.869,68.46,0.753,27.58,0.532,,0.003,,,,1.681
rsv502,อ่างเก็บน้ำน้ำเลย,2022-04-21,middle,29.602,82.67,31.039,86.68,9.591,,0.082,,0.17,,23.744
rsv505,อ่างเก็บน้ำ ห้วยศอก,,middle,,,,0.0,0.074,,,,,,
rsv521,อ่างเก็บน้ำห้วยน้ำทบ,,middle,,,,,,,,,,,
rsv538,อ่างเก็บน้ำ ห้วยน้ำไพร้,,middle,,,,,,,,,,,
rsv83,อ่างเก็บน้ำห้วยบังพวน,2022-04-21,middle,0.886,10.28,0.662,7.68,0.785,,0.004,,,,0.636
rsv84,อ่างเก็บน้ำห้วยทอน (ตอนบน),2022-04-21,middle,6.923,88.76,5.434,69.67,2.798,,0.058,,0.069,,6.77
rsv85,อ่างเก็บน้ำห้วยเปลวเงือก,2022-04-21,middle,1.544,56.15,0.832,30.25,1.437,,0.007,,,,1.424
rsv88,อ่างเก็บน้ำห้วยหินแก้ว,2022-04-21,middle,3.347,83.67,3.62,90.5,1.544,,0.042,,0.065,,3.047
rsv512,อ่างเก็บน้ำห้วยไฮ,2022-04-21,middle,3.45,84.15,3.014,73.51,2.663,,0.079,,0.101,,3.25
rsv86,อ่างเก็บน้ำห้วยซำ,2022-04-21,middle,0.87,36.25,1.016,42.33,0.103,,,,0.002,,0.345
rsv87,อ่างเก็บน้ำห้วยสหาย,2022-04-21,middle,0.458,23.37,0.226,11.53,0.208,,,,,,0.321
rsv91,อ่างเก็บน้ำภูเพ็ก,2022-04-21,middle,1.58,58.52,0.588,21.78,0.019,,,,,,1.405
rsv92,อ่างเก็บน้ำห้วยเดียก,2022-04-21,middle,3.296,82.4,2.295,57.38,0.956,,,,,,3.056
rsv93,อ่างเก็บน้ำห้วยโท-ห้วยยาง,2022-04-21,middle,3.524,45.47,1.776,22.92,0.906,,,,,,2.524
rsv94,อ่างเก็บน้ำห้วยหวด,2022-04-21,middle,13.389,63.76,11.204,53.35,0.695,,,,,,12.099
rsv95,อ่างเก็บน้ำห้วยโป่ง,2022-04-21,middle,1.031,63.25,0.716,43.93,0.005,,,,,,0.201
rsv96,อ่างเก็บน้ำห้วยกระเฌอ,2022-04-21,middle,3.066,34.1,1.216,13.53,0.044,,,,,,2.366
rsv97,อ่างเก็บน้ำห้วยโทง,2022-04-21,middle,4.682,61.61,2.808,36.95,0.48,,,,0.046,,4.642
rsv98,อ่างเก็บน้ำห้วยทรายสว่าง,2022-04-21,middle,0.247,22.45,0.152,13.82,0.002,,,,,,0.097
rsv100,อ่างเก็บน้ำห้วยก้านเหลือง,2022-04-21,middle,2.06,34.92,2.1,35.59,0.971,,,,,,1.54
rsv101,อ่างเก็บน้ำห้วยขี้หิน,2022-04-21,middle,1.846,46.15,1.542,38.55,0.008,,,,,,1.296
rsv103,อ่างเก็บน้ำห้วยคำ,2022-04-21,middle,3.732,57.42,1.428,21.97,0.476,,,,,,3.332
rsv104,อ่างเก็บน้ำห้วยซวง,2022-04-21,middle,3.454,57.57,1.457,24.28,0.506,,,,,,3.054
rsv105,อ่างเก็บน้ำห้วยรังแร้ง,2022-04-21,middle,1.08,49.09,0.499,22.68,0.549,,,,,,0.98
rsv106,อ่างเก็บน้ำห้วยหินแตก,2022-04-21,middle,0.605,40.33,0.316,21.07,0.009,,,,,,0.455
rsv107,อ่างเก็บน้ำห้วยน้ำบ่อ,2022-04-21,middle,1.583,71.95,0.558,25.36,0.022,,,,,,1.508
rsv108,อ่างเก็บน้ำห้วยแข้,2022-04-21,middle,0.942,24.79,0.971,25.55,0.01,,,,,,0.717
rsv109,อ่างเก็บน้ำห้วยนาอ่าง,2022-04-21,middle,1.365,75.0,0.83,45.6,0.0,,,,,,1.205
rsv110,อ่างเก็บน้ำห้วยซับคำโรงสี,2022-04-21,middle,0.89,44.5,0.362,18.1,0.109,,,,,,0.39
rsv111,อ่างเก็บน้ำบ้านดงมะไฟ,2022-04-21,middle,0.365,36.5,0.1,10.0,0.018,,,,,,0.265
rsv112,อ่างเก็บน้ำห้วยทราย,2022-04-21,middle,0.437,29.13,0.434,28.93,0.184,,,,,,0.434
rsv113,อ่างเก็บน้ำห้วยทรายขมิ้น,2022-04-21,middle,1.657,52.11,1.747,54.94,0.363,,,,,,1.417
rsv114,อ่างเก็บน้ำห้วยคำบากน้อย,2022-04-21,middle,1.042,26.05,1.17,29.25,0.293,,,,,,0.547
rsv117,อ่างเก็บน้ำห้วยหินชะแนนใหญ่,2022-04-21,middle,9.165,73.32,3.16,25.28,1.271,,,,,,8.995
rsv118,อ่างเก็บน้ำห้วยคำผักหนาม,2022-04-21,middle,0.948,32.58,0.444,15.26,0.15,,,,,,0.508
rsv128,อ่างเก็บน้ำโคกภูใหม่ 2,2022-04-21,middle,0.183,18.3,0.16,16.0,0.003,,,,,,0.063
rsv131,อ่างเก็บน้ำห้วยเคลิ้ม,2022-04-21,middle,0.223,14.87,0.523,34.87,0.0,,,,,,0.113
rsv132,อ่างเก็บน้ำห้วยเรือ,2022-04-21,middle,1.533,52.86,1.145,39.48,0.0,,,,,,1.383
rsv133,อ่างเก็บน้ำห้วยอ่าง,2022-04-21,middle,0.268,17.87,0.638,42.53,0.0,,,,,,0.148
rsv134,อ่างเก็บน้ำห้วยทรายตอนบน 1,2022-04-21,middle,1.615,76.9,0.68,32.38,0.0,,,,,,1.345
rsv135,อ่างเก็บน้ำห้วยทราย,2022-04-21,middle,1.904,83.22,1.962,85.75,0.553,,0.003,,,,1.654
rsv136,อ่างเก็บน้ำห้วยสามพาด,2022-04-21,middle,7.059,38.16,8.833,47.75,1.525,,0.019,,,,6.169
rsv137,อ่างเก็บน้ำบ้านจั่น,2022-04-21,middle,2.788,64.09,2.838,65.24,1.435,,0.006,,,,2.788
rsv138,อ่างเก็บน้ำกุดลิงง้อ,2022-04-21,middle,1.28,19.88,1.69,26.24,0.541,,0.007,,,,1.055
rsv139,อ่างเก็บน้ำหนองสำโรง,2022-04-21,middle,6.669,58.5,0.028,0.25,0.663,,0.006,,,,
rsv140,อ่างเก็บน้ำหนองปะโค,2022-04-21,middle,2.022,65.71,2.094,68.05,0.955,,0.012,,,,1.022
rsv465,อ่างเก็บน้ำลำพันชาด,2022-04-21,middle,39.02,72.93,31.257,58.42,5.99,,0.063,,0.013,,33.14
rsv466,อ่างเก็บน้ำลำพันชาดน้อย,2022-04-21,middle,1.736,91.37,1.758,92.53,0.251,,,,,,1.596
rsv513,อ่างเก็บน้ำห้วยตะคลองใหญ่,2022-04-21,middle,7.29,86.79,5.62,66.9,1.167,,0.006,,,,6.99
rsv514,อ่างเก็บน้ำห้วยน้ำม้า,2022-04-21,middle,4.679,86.65,4.028,74.59,0.844,,0.006,,,,4.399
rsv149,อ่างเก็บน้ำห้วยเหล่ายาง,2022-04-21,middle,0.958,38.8,0.398,16.12,0.229,,,,0.003,,0.838
rsv501,อ่างเก็บน้ำห้วยน้ำบอง,2022-04-21,middle,14.1,67.79,14.78,71.06,1.884,,,,,,11.92
rsv150,อ่างเก็บน้ำห้วยส้มป่อย,2022-04-21,middle,6.29,82.27,4.18,54.67,0.02,,,,,,5.69
rsv151,อ่างเก็บน้ำลำช่อระกา,2022-04-21,middle,7.15,69.34,6.775,65.7,2.073,,,,,,6.117
rsv152,อ่างเก็บน้ำน้ำพรม,2022-04-21,middle,3.51,105.09,0.738,22.1,40.666,,0.093,,0.034,,3.43
rsv153,อ่างเก็บน้ำลำคันฉู,2022-04-21,middle,36.659,86.05,32.38,76.01,1.396,,,,0.235,,33.359
rsv154,อ่างเก็บน้ำบ้านเพชร,2022-04-21,middle,12.905,65.59,4.13,20.99,1.887,,,,,,9.905
rsv155,อ่างเก็บน้ำห้วยทราย,2022-04-21,middle,7.88,76.5,8.14,79.03,0.724,,,,,,6.38
rsv539,อ่างเก็บน้ำ โปร่งขุนเพชร,,middle,,,,,,,,,,,
rsv159,อ่างเก็บน้ำห้วยแกง,2022-04-21,middle,6.03,25.85,4.094,17.55,0.253,,,,,,5.38
rsv160,อ่างเก็บน้ำห้วยสะทด,2022-04-21,middle,1.95,16.72,1.6,13.72,0.014,,,,,,1.45
rsv161,อ่างเก็บน้ำบึงอร่าม,2022-04-21,middle,1.836,51.0,1.358,37.72,2.234,,,,,,1.551
rsv162,อ่างเก็บน้ำหนองหญ้าม้า,2022-04-21,middle,0.918,35.89,0.544,21.27,0.654,,,,,,0.618
rsv163,อ่างเก็บน้ำห้วยวังลิ้นฟ้า,2022-04-21,middle,2.244,66.99,0.97,28.96,0.042,,,,,,2.074
rsv164,อ่างเก็บน้ำห้วยสังเคียบ,2022-04-21,middle,1.308,17.44,1.33,17.73,0.409,,,,,,0.779
rsv165,อ่างเก็บน้ำลำพะยัง (ตอนบน),2022-04-21,middle,1.95,47.14,2.138,51.68,4.214,,0.108,,0.133,,1.8
rsv166,อ่างเก็บน้ำห้วยสีทน,2022-04-21,middle,1.924,54.2,2.127,59.92,2.737,,0.005,,0.02,,1.834
rsv167,อ่างเก็บน้ำห้วยโพธิ์,2022-04-21,middle,1.881,76.96,2.092,85.6,7.196,,0.117,,0.088,,1.651
rsv168,อ่างเก็บน้ำห้วยมะโน,2022-04-21,middle,1.68,28.89,1.452,24.97,1.664,,,,,,1.08
rsv169,อ่างเก็บน้ำห้วยผึ้ง,2022-04-21,middle,1.412,34.02,0.922,22.22,0.291,,,,,,1.172
rsv170,อ่างเก็บน้ำห้วยฝา,2022-04-21,middle,2.602,40.52,1.827,28.45,0.124,,,,,,1.902
rsv171,อ่างเก็บน้ำห้วยจุมจัง,2022-04-21,middle,1.991,26.97,3.316,44.93,1.999,,,,,,1.324
rsv540,อ่างเก็บน้ำ ห้วยสมอทบ,,middle,,,,,,,,,,,
rsv177,อ่างเก็บน้ำแก่งละว้า,2022-04-21,middle,33.88,74.0,32.92,71.9,9.933,,0.152,,0.01,,32.58
rsv178,อ่างเก็บน้ำห้วยยาง,2022-04-21,middle,2.029,67.21,1.992,65.98,0.523,,0.006,,,,1.499
rsv179,อ่างเก็บน้ำหนองนาวัว,2022-04-21,middle,0.679,48.81,0.492,35.37,0.311,,,,,,0.472
rsv180,อ่างเก็บน้ำห้วยทราย,2022-04-21,middle,1.856,78.81,1.297,55.07,0.655,,0.007,,,,1.626
rsv181,อ่างเก็บน้ำหนองกรองแก้ว,2022-04-21,middle,9.295,68.4,6.718,49.44,0.6,,,,,,4.985
rsv182,อ่างเก็บน้ำห้วยใหญ่,2022-04-21,middle,0.741,52.93,0.744,53.14,0.0,,,,,,0.371
rsv183,อ่างเก็บน้ำละเลิงหวาย,2022-04-21,middle,1.833,49.05,1.495,40.01,0.043,,,,0.005,,1.803
rsv184,อ่างเก็บน้ำห้วยเตย,2022-04-21,middle,2.379,44.58,2.998,56.17,0.0,,,,,,2.349
rsv185,อ่างเก็บน้ำห้วยลอมไผ่,2022-04-21,middle,4.38,78.21,2.724,48.64,0.17,,,,,,4.12
rsv188,อ่างเก็บน้ำโสกรวก,2022-04-21,middle,0.141,14.1,0.158,15.8,0.0,,,,,,
rsv190,อ่างเก็บน้ำแก่งเลิงจาน,2022-04-21,middle,4.129,51.46,5.01,62.44,0.419,,,,0.02,,1.854
rsv191,อ่างเก็บน้ำห้วยขอนสัก,2022-04-21,middle,6.014,69.45,5.432,62.73,0.468,,,,0.025,,4.934
rsv192,อ่างเก็บน้ำหนองเทวราช,2022-04-21,middle,0.513,31.94,0.337,20.98,0.155,,0.002,,0.002,,0.235
rsv193,อ่างเก็บน้ำหนองบัว,2022-04-21,middle,1.149,32.09,1.004,28.04,1.04,,,,0.017,,0.657
rsv194,อ่างเก็บน้ำร่องหัวช้าง,2022-04-21,middle,0.708,54.88,0.566,43.88,0.298,,,,0.007,,
rsv195,อ่างเก็บน้ำห้วยประดู่,2022-04-21,middle,2.033,72.5,1.095,39.05,0.707,,0.008,,0.008,,1.993
rsv196,อ่างเก็บน้ำห้วยคะคาง,2022-04-21,middle,1.502,36.4,1.221,29.59,0.355,,,,0.012,,1.168
rsv197,อ่างเก็บน้ำหนองกระทุ่ม,2022-04-21,middle,0.786,29.82,0.775,29.4,0.36,,0.005,,0.005,,0.711
rsv198,อ่างเก็บน้ำหนองแกดำ,2022-04-21,middle,0.72,44.31,1.023,62.95,0.203,,0.003,,0.003,,0.6
rsv199,อ่างเก็บน้ำห้วยค้อ,2022-04-21,middle,10.003,31.92,12.134,38.72,1.189,,,,0.059,,6.81
rsv201,อ่างฯ อ่างเก็บน้ำหนองบ่อ,2022-04-21,middle,1.416,39.51,2.186,60.99,0.02,,,,0.018,,1.225
rsv202,อ่างเก็บน้ำห้วยเชียงคำ,2022-04-21,middle,2.448,48.32,1.136,22.42,0.518,,,,0.015,,1.769
rsv203,อ่างเก็บน้ำห้วยจอกขวาง,2022-04-21,middle,2.233,73.45,2.028,66.71,0.302,,0.004,,0.004,,2.094
rsv204,อ่างเก็บน้ำหนองไฮ,2022-04-21,middle,0.955,42.56,0.575,25.62,0.3,,,,0.009,,0.788
rsv207,อ่างเก็บน้ำห้วยแอ่ง,2022-04-21,middle,4.945,22.18,1.83,8.21,0.076,,,,,,4.545
rsv208,อ่างเก็บน้ำหนองหญ้าม้า,2022-04-21,middle,0.127,6.0,0.523,24.7,0.025,,,,,,0.036
rsv209,อ่างเก็บน้ำธวัชชัย,2022-04-21,middle,1.812,36.19,1.754,35.03,0.178,,,,,,1.702
rsv210,อ่างเก็บน้ำห้วยแล้ง,2022-04-21,middle,1.767,40.03,0.55,12.46,0.276,,,,,,1.582
rsv211,อ่างเก็บน้ำห้วยวังนอง,2022-04-21,middle,2.015,17.53,3.743,32.57,0.155,,,,,,1.701
rsv212,อ่างเก็บน้ำห้วยกุดแคน,2022-04-21,middle,0.902,45.19,0.675,33.82,0.119,,,,,,0.679
rsv213,อ่างเก็บน้ำห้วยกุดแดง,2022-04-21,middle,0.877,31.25,1.326,47.26,0.018,,,,,,0.609
rsv214,อ่างเก็บน้ำห้วยจานใต้,2022-04-21,middle,1.554,26.82,0.931,16.07,0.149,,,,,,0.994
rsv215,อ่างเก็บน้ำหนองผือ,2022-04-21,middle,1.739,41.62,1.584,37.91,0.0,,,,,,0.535
rsv217,อ่างเก็บน้ำห้วยพุงใหญ่,2022-04-21,middle,3.861,49.5,4.198,53.82,0.029,,,,,,3.411
rsv218,อ่างเก็บน้ำห้วยหินชะแนน,2022-04-21,middle,0.727,30.29,1.265,52.71,0.046,,,,0.005,,0.602
rsv219,อ่างเก็บน้ำห้วยผักดอก,2022-04-21,middle,1.856,66.29,1.669,59.61,0.0,,,,,,1.556
rsv220,อ่างเก็บน้ำห้วยก้านเหลือง,2022-04-21,middle,1.82,24.57,2.824,38.12,0.0,,,,,,1.1
rsv221,อ่างเก็บน้ำห้วยศรีคุณ,2022-04-21,middle,1.538,66.52,1.351,58.43,0.0,,,,,,1.515
rsv222,อ่างเก็บน้ำบ้านดงน้อย,2022-04-21,middle,0.98,18.85,0.98,18.85,0.0,,,,,,0.73
rsv223,อ่างเก็บน้ำห้วยแคน,2022-04-21,middle,3.09,28.06,3.05,27.69,0.127,,,,0.06,,2.54
rsv224,อ่างเก็บน้ำห้วยส้มโฮง,2022-04-21,middle,0.43,13.78,0.49,15.71,0.067,,,,0.008,,0.41
rsv225,อ่างเก็บน้ำบุ่งหมากโมง,2022-04-21,middle,1.216,55.53,0.92,42.01,0.024,,,,0.006,,0.816
rsv226,อ่างเก็บน้ำห้วยนางออ,2022-04-21,middle,2.49,75.45,2.565,77.73,0.0,,,,,,2.04
rsv227,อ่างเก็บน้ำห้วยกกคูณ,2022-04-21,middle,1.04,52.0,0.593,29.65,0.0,,,,,,0.96
rsv228,อ่างเก็บน้ำห้วยกะเบา,2022-04-21,middle,3.65,71.57,3.305,64.8,0.0,,,,,,3.25
rsv229,อ่างเก็บน้ำห้วยวังม่วง,2022-04-21,middle,0.83,55.33,0.438,29.2,0.0,,,,,,0.8
rsv515,อ่างเก็บน้ำห้วยอ้วน,2022-04-21,middle,2.978,57.05,2.238,42.87,0.519,,,,0.024,,0.878
rsv235,อ่างเก็บน้ำห้วยขี้เหล็ก,2022-04-21,middle,10.4,38.88,10.68,39.93,0.0,,,,,,8.4
rsv236,อ่างเก็บน้ำห้วยชะโนด,2022-04-21,middle,8.345,45.35,7.085,38.51,1.28,,,,,,7.695
rsv237,อ่างเก็บน้ำห้วยมุก,2022-04-21,middle,1.685,34.39,3.18,64.9,0.29,,,,,,1.485
rsv238,อ่างเก็บน้ำห้วยหินลับ,2022-04-21,middle,2.555,63.88,2.935,73.38,1.02,,0.02,,0.01,,1.955
rsv239,อ่างเก็บน้ำห้วยไร่,2022-04-21,middle,1.951,69.68,2.153,76.89,1.02,,0.01,,0.02,,1.841
rsv240,อ่างเก็บน้ำห้วยไผ่,2022-04-21,middle,1.96,15.31,2.2,17.19,0.74,,,,,,1.16
rsv241,อ่างเก็บน้ำห้วยพุ (ห้วยแข้),2022-04-21,middle,1.354,30.09,1.386,30.8,0.87,,,,,,0.654
rsv242,อ่างเก็บน้ำห้วยพุง,2022-04-21,middle,1.2,30.0,0.936,23.4,0.24,,,,,,0.35
rsv243,อ่างเก็บน้ำห้วยทา,2022-04-21,middle,0.824,36.95,1.84,82.51,0.3,,,,0.01,,0.294
rsv244,อ่างเก็บน้ำห้วยหอย,2022-04-21,middle,0.436,21.8,0.4,20.0,0.02,,,,,,0.136
rsv245,อ่างเก็บน้ำห้วยขี้เหล็ก (ตอนบน),2022-04-21,middle,0.373,31.08,0.269,22.42,0.0,,,,,,0.223
rsv247,อ่างเก็บน้ำห้วยไร่ 2,2022-04-21,middle,1.181,44.07,1.676,62.54,0.1,,,,0.02,,0.881
rsv455,อ่างเก็บน้ำห้วยแคน,2022-04-21,middle,1.54,73.33,1.257,59.86,0.01,,,,,,1.45
rsv456,อ่างเก็บน้ำห้วยหมากไฟ,2022-04-21,middle,0.526,35.07,0.541,36.07,0.16,,,,,,0.226
rsv458,อ่างเก็บน้ำห้วยขาหน้า,2022-04-21,middle,1.542,90.71,1.47,86.47,0.0,,,,,,1.172
rsv460,อ่างเก็บน้ำห้วยถ้ำไม้ดู่,2022-04-21,middle,0.623,36.65,0.578,34.0,0.34,,,,,,0.383
rsv468,อ่างเก็บน้ำห้วยหินลาด,2022-04-21,middle,1.07,79.26,1.099,81.41,0.03,,,,,,0.67
rsv504,อ่างเก็บน้ำห้วยคันแทใหญ่,2022-04-21,middle,3.536,76.54,4.074,88.18,0.08,,,,,,3.536
rsv248,อ่างเก็บน้ำห้วยถ้ำแข้,2022-04-21,middle,8.152,59.5,7.117,51.95,0.03,,,,,,7.302
rsv249,อ่างเก็บน้ำห้วยพลาญเสือ (ตอนล่าง),2022-04-21,middle,19.81,59.13,26.62,79.46,0.0,,,,,,18.69
rsv250,อ่างเก็บน้ำห้วยจันลา,2022-04-21,middle,11.99,70.95,10.39,61.48,0.054,,,,0.059,,11.39
rsv251,อ่างเก็บน้ำห้วยวังใหญ่,2022-04-21,middle,6.0,75.0,3.95,49.38,0.004,,,,,,5.2
rsv252,อ่างเก็บน้ำห้วยเดือนห้า,2022-04-21,middle,7.27,60.58,10.39,86.58,0.241,,0.002,,,,5.424
rsv253,อ่างเก็บน้ำห้วยสะพงน้อย,2022-04-21,middle,9.29,63.2,11.66,79.32,0.358,,0.001,,,,7.69
rsv254,อ่างเก็บน้ำสระสมิง,2022-04-21,middle,0.433,42.83,0.424,41.94,0.043,,,,,,0.133
rsv255,อ่างเก็บน้ำหนองเหล่าหิน,2022-04-21,middle,1.144,46.13,0.574,23.15,0.311,,,,,,0.782
rsv256,อ่างเก็บน้ำหนองช้างใหญ่,2022-04-21,middle,2.789,36.34,5.139,66.96,7.047,,,,0.265,,2.748
rsv258,อ่างเก็บน้ำห้วยโดน,2022-04-21,middle,3.66,77.87,4.03,85.74,0.914,,0.037,,0.074,,3.11
rsv451,อ่างเก็บน้ำห้วยละมืด,2022-04-21,middle,5.36,80.0,6.02,89.85,0.871,,0.023,,0.089,,5.26
rsv452,อ่างเก็บน้ำห้วยหินกอง,2022-04-21,middle,4.43,55.38,3.69,46.13,0.017,,0.001,,,,2.73
rsv524,อ่างเก็บน้ำห้วยพลาญเสือ (ตอนบน),,middle,,,,,,,,,,,
rsv259,อ่างเก็บน้ำห้วยลิงโจน,2022-04-21,middle,11.15,52.97,7.89,37.48,0.08,,,,,,10.75
rsv260,อ่างเก็บน้ำห้วยสะแบก,2022-04-21,middle,11.05,36.47,9.81,32.38,0.27,,,,,,10.45
rsv453,อ่างเก็บน้ำห้วยโพง (ตอนบน),2022-04-21,middle,7.16,57.74,8.53,68.79,0.05,,,,0.04,,6.16
rsv261,อ่างเก็บน้ำพุทธอุทธยาน,2022-04-21,middle,10.499,54.33,5.719,29.59,1.093,,,,0.019,,9.608
rsv262,อ่างเก็บน้ำห้วยโพธิ์ (ตอนบน),2022-04-21,middle,4.34,58.35,2.661,35.78,0.344,,,,,,3.796
rsv263,อ่างเก็บน้ำห้วยสีโท,2022-04-21,middle,5.647,53.27,3.716,35.06,0.666,,0.011,,,,5.247
rsv265,อ่างเก็บน้ำลำตะโคง,2022-04-21,middle,0.719,9.55,0.616,8.18,3.054,,0.343,,0.288,,0.411
rsv266,อ่างเก็บน้ำห้วยยาง,2022-04-21,middle,6.26,45.36,11.973,86.76,5.133,,0.008,,0.007,,5.26
rsv267,อ่างเก็บน้ำห้วยตาเขียว,2022-04-21,middle,1.759,92.58,1.737,91.42,0.122,,,,,,1.469
rsv268,อ่างเก็บน้ำห้วยสวาย,2022-04-21,middle,5.857,43.19,2.288,16.87,0.602,,,,0.003,,4.887
rsv269,อ่างเก็บน้ำห้วยตลาด,2022-04-21,middle,22.999,74.55,14.156,45.89,2.871,,,,0.035,,20.069
rsv270,อ่างเก็บน้ำห้วยจระเข้มาก,2022-04-21,middle,18.718,71.93,13.93,53.53,3.915,,0.033,,,,17.108
rsv271,อ่างเก็บน้ำห้วยเมฆา,2022-04-21,middle,2.553,62.73,2.999,73.69,0.358,,,,0.005,,2.453
rsv272,อ่างเก็บน้ำคลองมะนาว,2022-04-21,middle,2.317,81.36,2.433,85.43,0.232,,0.003,,,,1.873
rsv273,อ่างเก็บน้ำหนองทะลอก,2022-04-21,middle,2.831,60.95,1.48,31.86,0.687,,0.007,,,,2.731
rsv274,อ่างเก็บน้ำห้วยขี้หนู,2022-04-21,middle,1.351,84.97,0.755,47.48,0.03,,,,,,1.321
rsv275,อ่างเก็บน้ำห้วยน้อย,2022-04-21,middle,0.183,15.25,0.146,12.17,0.107,,0.001,,0.001,,
rsv276,อ่างเก็บน้ำห้วยใหญ่,2022-04-21,middle,0.954,73.38,0.569,43.77,0.103,,,,0.001,,0.814
rsv277,อ่างเก็บน้ำลำปะเทีย,2022-04-21,middle,20.209,79.56,22.295,87.78,3.188,,0.067,,0.04,,19.009
rsv278,อ่างเก็บน้ำลำจังหัน,2022-04-21,middle,19.776,54.93,30.865,85.74,2.38,,0.005,,,,17.976
rsv279,อ่างเก็บน้ำห้วยตะโก,2022-04-21,middle,3.045,93.69,2.362,72.68,0.405,,0.003,,,,2.645
rsv281,อ่างเก็บน้ำลำปลายมาศ,2022-04-21,middle,59.211,60.42,63.538,64.83,3.926,,0.026,,0.131,,49.911
rsv288,อ่างเก็บน้ำลำสำลาย,2022-04-21,middle,24.039,57.24,27.171,64.69,2.042,,0.034,,0.19,,22.039
rsv296,อ่างเก็บน้ำห้วยเตย,2022-04-21,middle,1.891,43.02,1.099,25.0,1.363,,0.054,,0.075,,1.751
rsv298,อ่างเก็บน้ำลำเชียงสา,2022-04-21,middle,4.471,59.61,2.833,37.77,6.777,,0.034,,0.108,,3.071
rsv489,อ่างเก็บน้ำสันกำแพง,2022-04-21,middle,4.28,66.88,2.471,38.61,7.762,,0.005,,,,3.52
rsv302,อ่างเก็บน้ำห้วยขนุน,2022-04-21,middle,6.195,61.81,6.064,60.5,1.135,,0.024,,0.065,,5.568
rsv303,อ่างเก็บน้ำห้วยโอตาลัต,2022-04-21,middle,2.554,67.21,2.03,53.42,4.239,,0.004,,,,2.104
rsv304,อ่างเก็บน้ำห้วยด่านไอ,2022-04-21,middle,5.683,70.8,4.498,56.04,4.906,,0.046,,,,4.984
rsv305,อ่างเก็บน้ำห้วยตาจู,2022-04-21,middle,8.243,37.0,5.465,24.53,2.568,,0.121,,0.239,,6.443
rsv306,อ่างเก็บน้ำห้วยสำราญ,2022-04-21,middle,7.181,58.15,5.012,40.58,4.728,,0.012,,,,5.881
rsv307,อ่างเก็บน้ำห้วยศาลา,2022-04-21,middle,13.771,37.15,14.1,38.04,4.632,,0.025,,,,10.971
rsv308,อ่างเก็บน้ำห้วยติ๊กชู,2022-04-21,middle,14.923,56.96,8.581,32.75,2.085,,0.018,,,,12.103
rsv309,อ่างเก็บน้ำห้วยน้ำคำ,2022-04-21,middle,2.271,92.69,2.028,82.78,0.279,,0.003,,,,2.161
rsv310,อ่างเก็บน้ำห้วยคล้า,2022-04-21,middle,2.386,63.07,2.833,74.89,0.358,,,,,,2.272
rsv311,อ่างเก็บน้ำห้วยน้ำเค็ม,2022-04-21,middle,0.622,58.13,0.201,18.79,0.23,,,,,,0.022
rsv312,อ่างเก็บน้ำห้วยซัน,2022-04-21,middle,1.021,37.68,0.69,25.46,0.314,,,,,,0.351
rsv313,อ่างเก็บน้ำห้วยตามาย,2022-04-21,middle,14.302,38.35,12.172,32.64,11.443,,0.119,,0.232,,13.652
rsv314,อ่างเก็บน้ำหนองสิ,2022-04-21,middle,1.957,47.04,0.799,19.21,4.024,,0.062,,0.074,,
rsv316,อ่างเก็บน้ำห้วยทา,2022-04-21,middle,22.082,74.65,12.1,40.9,10.384,,0.1,,0.046,,18.782
rsv317,อ่างเก็บน้ำห้วยตะแบง,2022-04-21,middle,5.5,80.0,3.6,52.36,4.307,,0.133,,0.127,,5.2
rsv318,อ่างเก็บน้ำห้วยแก้ว,2022-04-21,middle,1.692,34.4,1.647,33.48,0.219,,,,0.004,,1.252
rsv319,อ่างเก็บน้ำห้วยเชิง,2022-04-21,middle,6.547,81.84,6.301,78.76,0.661,,0.018,,0.039,,6.107
rsv320,อ่างเก็บน้ำห้วยขนาดมอญ,2022-04-21,middle,10.53,67.94,9.97,64.32,0.828,,0.012,,,,9.88
rsv321,อ่างเก็บน้ำอำปึล,2022-04-21,middle,20.145,72.78,13.019,47.04,3.857,,,,0.037,,18.715
rsv322,อ่างเก็บน้ำห้วยเสนง,2022-04-21,middle,15.204,69.23,13.459,61.29,4.665,,0.011,,0.127,,14.384
rsv323,อ่างเก็บน้ำลำพอก,2022-04-21,middle,6.144,42.14,4.948,33.94,2.28,,0.044,,0.005,,5.494
rsv324,อ่างเก็บน้ำห้วยด่าน,2022-04-21,middle,6.285,66.86,6.412,68.21,0.229,,0.008,,,,5.145
rsv325,อ่างเก็บน้ำบ้านทำนบ,2022-04-21,middle,7.282,60.68,5.668,47.23,0.462,,0.01,,0.002,,6.882
rsv326,อ่างเก็บน้ำบ้านจรัส,2022-04-21,middle,10.677,71.18,9.015,60.1,0.884,,0.01,,,,10.177
rsv328,อ่างเก็บน้ำห้วยตาเกาว์,2022-04-21,middle,5.172,60.14,3.47,40.35,0.228,,,,0.001,,5.113
rsv329,อ่างเก็บน้ำสุวรรณภา,2022-04-21,middle,1.133,72.17,0.188,11.97,0.21,,0.006,,0.002,,1.113
rsv330,อ่างเก็บน้ำห้วยกะเลงเวก,2022-04-21,middle,3.133,92.15,2.482,73.0,0.75,,,,0.007,,2.733
rsv331,อ่างเก็บน้ำห้วยระหาร,2022-04-21,middle,0.247,24.41,0.386,38.14,0.065,,,,,,0.217
rsv290,อ่างเก็บน้ำห้วยบ้านยาง,2022-04-21,middle,5.124,78.6,2.828,43.38,0.568,,,,,,4.604
rsv286,อ่างเก็บน้ำห้วยยาง,2022-04-21,middle,3.536,63.94,2.385,43.13,0.882,,0.011,,0.035,,3.236
rsv299,อ่างเก็บน้ำห้วยบะอีแตน,2022-04-21,middle,1.085,60.28,1.002,55.67,2.134,,0.049,,0.062,,0.783
rsv289,อ่างเก็บน้ำห้วยซับประดู่,2022-04-21,middle,16.86,60.95,15.61,56.43,0.907,,0.049,,0.152,,15.459
rsv530,อ่างเก็บน้ำทับรั้ง,,middle,,,,,,,,,,,
rsv295,อ่างเก็บน้ำห้วยปราสาทใหญ่,2022-04-21,middle,6.283,72.22,6.424,73.84,0.157,,0.027,,,,5.433
rsv300,อ่างเก็บน้ำลำเชียงไกรตอนบน,2022-04-21,middle,8.323,99.08,4.681,55.73,2.79,,,,,,7.373
rsv292,อ่างเก็บน้ำลำเชียงไกรตอนล่าง,2022-04-21,middle,15.68,56.61,12.352,44.59,3.989,,0.038,,,,14.53
rsv293,อ่างเก็บน้ำหนองกก,2022-04-21,middle,1.49,50.22,1.514,51.03,1.162,,0.015,,,,1.31
rsv297,อ่างเก็บน้ำห้วยตะคร้อ,2022-04-21,middle,6.676,70.27,5.902,62.13,1.393,,,,,,6.046
rsv294,อ่างเก็บน้ำห้วยยางพะไล,2022-04-21,middle,11.049,83.08,9.521,71.59,0.911,,,,,,10.499
rsv285,อ่างเก็บน้ำบึงกระโตน,2022-04-21,middle,3.455,33.84,1.2,11.75,1.089,,0.018,,,,2.223
rsv287,อ่างเก็บน้ำห้วยบง,2022-04-21,middle,9.395,64.79,7.598,52.4,0.747,,0.009,,,,8.635
rsv284,อ่างเก็บน้ำห้วยสะกาด,2022-04-21,middle,2.362,66.01,2.015,56.32,0.341,,,,,,2.242
rsv283,อ่างเก็บน้ำลำฉมวก,2022-04-21,middle,18.552,79.11,17.789,75.86,2.166,,0.014,,0.049,,17.292
rsv291,อ่างเก็บน้ำห้วยทับครัว,2022-04-21,middle,4.0,80.0,4.144,82.88,0.621,,,,,,3.23
rsv280,อ่างเก็บน้ำห้วยเพลียก,2022-04-21,middle,1.302,86.8,1.242,82.8,0.397,,0.001,,,,1.0
rsv282,อ่างเก็บน้ำห้วยหิน,2022-04-21,middle,0.718,36.82,0.655,33.59,1.273,,0.053,,0.076,,0.668
rsv336,อ่างเก็บน้ำคลองระบม,2022-04-21,middle,14.133,25.46,15.4,27.75,0.0,,,,0.205,,6.333
rsv337,อ่างเก็บน้ำลาดกระทิง,2022-04-21,middle,2.095,49.88,2.56,60.95,0.19,,,,0.01,,1.895
rsv338,อ่างเก็บน้ำลุ่มน้ำโจน 16,2022-04-21,middle,1.036,52.59,0.97,49.24,0.008,,,,,,0.866
rsv339,อ่างเก็บน้ำลุ่มน้ำโจน 2,2022-04-21,middle,0.77,39.29,0.63,32.14,0.026,,,,,,0.47
rsv340,อ่างเก็บน้ำคลองบอน,2022-04-21,middle,0.03,1.2,0.03,1.2,0.0,,,,,,
rsv341,อ่างเก็บน้ำคลองศาลทราย,2022-04-21,middle,6.845,68.45,4.304,43.04,2.689,,,,0.196,,5.845
rsv342,อ่างเก็บน้ำคลองพระพุทธ,2022-04-21,middle,56.983,80.82,48.421,68.67,0.052,,,,0.009,,55.993
rsv516,อ่างเก็บน้ำคลองประแกด,2022-04-21,middle,44.113,73.2,42.538,70.59,12.636,,0.149,,0.134,,41.213
rsv343,อ่างเก็บน้ำหนองกลางดง,2022-04-21,middle,5.148,67.29,4.908,64.16,2.831,,0.004,,0.028,,4.848
rsv344,อ่างเก็บน้ำชากนอก,2022-04-21,middle,5.967,84.88,0.438,6.23,2.439,,,,0.029,,5.567
rsv345,อ่างเก็บน้ำมาบประชัน,2022-04-21,middle,13.576,81.78,6.89,41.51,4.962,,0.042,,0.073,,12.816
rsv346,อ่างเก็บน้ำหนองค้อ,2022-04-21,middle,18.58,86.82,11.83,55.28,6.672,,0.011,,0.082,,17.58
rsv347,อ่างเก็บน้ำห้วยขุนจิต,2022-04-21,middle,3.501,72.94,2.523,52.56,0.877,,,,0.005,,3.251
rsv348,อ่างเก็บน้ำมาบฟักทอง 1,2022-04-21,middle,1.062,86.34,0.57,46.34,0.412,,0.004,,0.004,,0.862
rsv349,อ่างเก็บน้ำห้วยสะพาน,2022-04-21,middle,2.913,75.86,3.202,83.39,0.655,,0.003,,0.011,,2.613
rsv350,อ่างเก็บน้ำมาบฟักทอง 2,2022-04-21,middle,1.756,87.8,1.125,56.25,0.395,,,,0.004,,1.566
rsv351,อ่างเก็บน้ำบ้านบึง,2022-04-21,middle,8.546,77.84,4.184,38.11,2.015,,0.039,,0.039,,5.726
rsv352,อ่างเก็บน้ำห้วยตู้ 1,2022-04-21,middle,1.304,86.93,0.953,63.53,0.659,,,,0.006,,1.214
rsv353,อ่างเก็บน้ำห้วยตู้ 2,2022-04-21,middle,2.394,82.55,1.264,43.59,0.926,,0.001,,0.007,,2.194
rsv491,อ่างเก็บน้ำคลองหลวง รัชชโลทร,2022-04-21,middle,45.0,45.92,27.9,28.47,15.834,,0.074,,1.509,,42.05
rsv354,อ่างเก็บน้ำเขาอีโต้ 1,2022-04-21,middle,1.353,46.66,1.06,36.55,1.902,,0.096,,0.091,,0.853
rsv355,อ่างเก็บน้ำทับลาน,2022-04-21,middle,1.984,72.81,2.27,83.3,0.562,,0.027,,0.06,,1.484
rsv499,อ่างเก็บน้ำคลองไม้ปล้อง,2022-04-21,middle,4.08,35.99,5.92,52.23,0.383,,0.174,,0.009,,3.97
rsv357,อ่างเก็บน้ำดอกกราย,2022-04-21,middle,70.851,99.23,42.808,59.96,30.762,,0.365,,,,67.851
rsv358,อ่างเก็บน้ำคลองระโอก,2022-04-21,middle,9.856,50.16,8.92,45.39,1.285,,0.142,,,,9.366
rsv359,อ่างเก็บน้ำคลองใหญ่,2022-04-21,middle,27.756,69.22,10.127,25.25,14.774,,0.103,,0.33,,24.756
rsv360,อ่างเก็บน้ำเขาระกำ,2022-04-21,middle,30.468,63.89,30.63,64.23,0.001,,,,0.149,,28.158
rsv361,อ่างเก็บน้ำบ้านมะนาว,2022-04-21,middle,1.955,83.19,1.632,69.45,0.732,,,,0.016,,1.885
rsv362,อ่างเก็บน้ำด่านชุมพล,2022-04-21,middle,4.72,84.29,4.48,80.0,0.817,,,,0.028,,4.42
rsv363,อ่างเก็บน้ำห้วยแร้ง,2022-04-21,middle,20.662,56.15,22.39,60.84,0.485,,,,0.286,,18.162
rsv364,อ่างเก็บน้ำวังปลาหมอ,2022-04-21,middle,6.241,94.1,5.69,85.8,0.138,,0.002,,,,5.641
rsv497,อ่างเก็บน้ำคลองสะพานหิน,2022-04-21,middle,17.32,86.6,10.6,53.0,1.458,,,,0.033,,16.82
rsv498,อ่างเก็บน้ำคลองโสน,2022-04-21,middle,43.487,66.9,42.5,65.38,1.558,,,,0.474,,41.007
rsv365,อ่างเก็บน้ำพระปรง,2022-04-21,middle,61.5,63.4,49.18,50.7,4.392,,,,0.562,,57.5
rsv366,อ่างเก็บน้ำห้วยชัน,2022-04-21,middle,0.921,23.03,1.964,49.1,0.876,,,,0.019,,0.061
rsv367,อ่างเก็บน้ำท่ากะบาก,2022-04-21,middle,5.06,69.32,3.4,46.58,0.241,,,,0.004,,4.26
rsv368,อ่างเก็บน้ำคลองสามสิบ,2022-04-21,middle,4.0,69.26,2.616,45.3,0.48,,,,0.002,,3.2
rsv369,อ่างเก็บน้ำเขารัง,2022-04-21,middle,2.471,66.42,0.65,17.47,0.957,,0.002,,0.009,,2.351
rsv370,อ่างเก็บน้ำคลองเกลือ,2022-04-21,middle,3.919,71.25,4.028,73.24,0.592,,0.026,,0.043,,3.119
rsv371,อ่างเก็บน้ำช่องกล่ำล่าง,2022-04-21,middle,0.854,38.82,0.681,30.95,0.146,,0.006,,0.001,,0.654
rsv372,อ่างเก็บน้ำห้วยเขาดิน,2022-04-21,middle,0.906,64.71,0.39,27.86,0.098,,,,,,0.806
rsv373,อ่างเก็บน้ำห้วยยาง,2022-04-21,middle,14.87,24.78,5.39,8.98,1.695,,,,0.283,,10.87
rsv374,อ่างเก็บน้ำห้วยตะเคียน,2022-04-21,middle,5.431,54.31,4.118,41.18,1.648,,0.008,,0.026,,5.231
rsv375,อ่างเก็บน้ำคลองส้มป่อย,2022-04-21,middle,0.71,39.44,0.65,36.11,0.099,,,,,,0.61
rsv379,อ่างเก็บน้ำคลองตาด้วง,2022-04-21,middle,1.25,69.44,1.165,64.72,0.074,,,,,,1.15
rsv496,อ่างเก็บน้ำคลองพระสะทึง,2022-04-21,middle,23.882,36.74,28.329,43.58,7.146,,0.132,,0.4,,19.882
rsv380,อ่างเก็บน้ำห้วยปรือ,2022-04-21,middle,6.046,68.16,1.4,15.78,0.044,,,,0.02,,5.926
rsv381,อ่างเก็บน้ำคลองสีเสียด,2022-04-21,middle,0.581,50.96,0.767,67.28,0.0,,,,,,0.511
rsv382,อ่างเก็บน้ำคลองโบด,2022-04-21,middle,1.641,38.61,0.88,20.71,0.509,,0.007,,0.004,,1.631
rsv383,อ่างเก็บน้ำทรายทอง,2022-04-21,middle,1.295,64.75,0.97,48.5,0.007,,,,0.013,,1.175
rsv384,อ่างเก็บน้ำคลองวังบอน,2022-04-21,middle,4.465,58.75,2.644,34.79,0.025,,,,0.025,,4.185
rsv386,อ่างเก็บน้ำคลองกลาง,2022-04-21,middle,2.019,65.13,1.631,52.61,0.152,,,,0.013,,1.919
rsv67,อ่างเก็บน้ำคลองเฉลียงลับ,2022-04-21,middle,4.109,52.34,0.812,10.34,1.497,,0.018,,,,3.509
rsv68,อ่างเก็บน้ำห้วยขอนแก่น,2022-04-21,middle,19.24,57.92,15.32,46.12,35.746,,0.257,,0.257,,16.02
rsv69,อ่างเก็บน้ำห้วยป่าแดง,2022-04-21,middle,10.852,57.91,6.882,36.72,0.726,,,,0.018,,10.752
rsv70,อ่างเก็บน้ำห้วยป่าเลา,2022-04-21,middle,5.159,61.42,1.435,17.08,0.722,,,,,,4.975
rsv472,อ่างเก็บน้ำน้ำก้อ,2022-04-21,middle,10.089,49.02,7.564,36.75,7.079,,0.053,,0.079,,9.279
rsv473,อ่างเก็บน้ำห้วยใหญ่,2022-04-21,middle,6.874,51.88,2.56,19.32,3.745,,0.018,,0.018,,5.874
rsv474,อ่างเก็บน้ำห้วยนา,2022-04-21,middle,3.106,54.97,1.574,27.86,0.136,,,,,,2.506
rsv475,อ่างเก็บน้ำคลองลำกง,2022-04-21,middle,35.536,73.24,18.846,38.84,2.239,,,,0.144,,30.736
rsv476,อ่างเก็บน้ำห้วยน้ำชุนใหญ่,2022-04-21,middle,4.911,65.31,3.768,50.11,0.95,,0.008,,0.02,,4.271
rsv477,อ่างเก็บน้ำห้วยเล็ง,2022-04-21,middle,10.72,62.33,6.3,36.63,1.721,,0.026,,0.091,,7.42
rsv506,อ่างเก็บน้ำห้วยท่าพล,2022-04-21,middle,10.38,80.97,2.412,18.81,1.487,,0.006,,0.006,,9.53
rsv390,อ่างเก็บน้ำซับตะเคียน,2022-04-21,middle,6.517,77.4,3.175,37.71,0.08,,,,0.009,,6.167
rsv391,อ่างเก็บน้ำห้วยโป่ง,2022-04-21,middle,0.611,29.52,0.055,2.66,0.0,,,,,,0.561
rsv392,อ่างเก็บน้ำกุดตาเพชร,2022-04-21,middle,34.501,80.23,20.932,48.68,1.351,,,,0.299,,32.501
rsv393,อ่างเก็บน้ำห้วยใหญ่ (วังแขม),2022-04-21,middle,6.542,54.52,4.662,38.85,0.969,,,,0.018,,5.042
rsv396,อ่างเก็บน้ำห้วยหิน,2022-04-21,middle,1.312,58.31,1.28,56.89,0.024,,,,0.002,,1.112
rsv525,อ่างเก็บน้ำห้วยแฟน,,middle,,,,,,,,,,,
rsv526,อ่างเก็บน้ำห้วยใหญ่,,middle,,,,,,,,,,,
rsv397,อ่างเก็บน้ำบ้านดง,2022-04-21,middle,0.84,26.42,1.674,52.64,0.95,,0.01,,,,0.59
rsv398,อ่างเก็บน้ำคลองเพรียว,2022-04-21,middle,4.13,57.36,4.15,57.64,1.66,,0.06,,,,4.033
rsv399,อ่างเก็บน้ำห้วยหินขาว,2022-04-21,middle,0.421,38.27,0.439,39.91,0.0,,,,,,0.321
rsv470,อ่างเก็บน้ำมวกเหล็ก,2022-04-21,middle,38.151,62.54,36.99,60.64,5.407,,0.23,,0.43,,37.051
rsv389,อ่างเก็บน้ำห้วยขุนแก้ว,2022-04-21,middle,13.08,25.15,6.27,12.06,3.67,,0.06,,,,10.91
rsv529,อ่างเก็บน้ำวังร่มเกล้า,,middle,,,,,,,,,,,
rsv401,อ่างเก็บน้ำห้วยท่าเดื่อ,2022-04-21,middle,1.65,58.93,1.65,58.93,0.0,,,,,,1.45
rsv484,อ่างเก็บน้ำห้วยยาง,2022-04-21,middle,1.39,86.87,1.39,86.87,0.0,,,,,,1.24
rsv527,อ่างเก็บน้ำห้วยหนองโรง,,middle,,,,,,,,,,,
rsv402,อ่างเก็บน้ำลำตะเพิน,2022-04-21,middle,47.084,94.17,49.458,98.92,40.984,,0.443,,0.65,,42.284
rsv403,อ่างเก็บน้ำห้วยเทียน,2022-04-21,middle,6.821,64.05,2.305,21.64,0.994,,,,0.08,,5.421
rsv404,อ่างเก็บน้ำห้วยพุตะเคียน,2022-04-21,middle,3.409,85.22,2.598,64.95,3.707,,0.06,,0.06,,3.169
rsv517,อ่างเก็บน้ำห้วยกระพร้อย,2022-04-21,middle,17.967,77.54,,,21.828,,0.334,,0.4,,16.825
rsv405,อ่างเก็บน้ำชัฎป่าหวาย,2022-04-21,middle,1.93,77.2,1.836,73.44,0.099,,,,0.01,,1.68
rsv406,อ่างเก็บน้ำห้วยสำนักไม้เต็ง,2022-04-21,middle,32.093,70.57,31.451,69.15,2.248,,,,0.054,,30.093
rsv407,อ่างเก็บน้ำห้วยมะหาด,2022-04-21,middle,4.003,93.09,2.852,66.33,1.315,,,,0.077,,3.783
rsv408,อ่างเก็บน้ำห้วยท่าเคย,2022-04-21,middle,20.148,86.1,17.238,73.67,1.354,,,,0.064,,19.148
rsv410,อ่างเก็บน้ำห้วยสามเขา,2022-04-21,middle,2.26,66.47,1.979,58.21,6.228,,0.06,,,,2.14
rsv411,อ่างเก็บน้ำห้วยสงสัย,2022-04-21,middle,2.946,72.67,2.314,57.08,0.0,,,,,,2.546
rsv412,อ่างเก็บน้ำห้วยทราย,2022-04-21,middle,1.334,68.41,0.944,48.41,0.606,,0.006,,,,1.294
rsv413,อ่างเก็บน้ำทุ่งขาม,2022-04-21,middle,5.653,70.66,4.476,55.95,0.0,,,,0.004,,5.043
rsv414,อ่างเก็บน้ำห้วยตะแปด,2022-04-21,middle,2.975,74.38,2.547,63.68,3.558,,0.034,,,,2.845
rsv420,อ่างเก็บน้ำบ้านกระหร่างสาม,2022-04-21,middle,3.685,61.42,4.555,75.92,0.175,,,,,,3.465
rsv421,อ่างเก็บน้ำแม่ประจันต์,2022-04-21,middle,32.93,78.03,27.74,65.73,20.603,,0.154,,0.216,,30.89
rsv467,อ่างเก็บน้ำห้วยผาก,2022-04-21,middle,16.32,59.35,15.12,54.98,14.611,,0.298,,0.346,,13.32
rsv423,อ่างเก็บน้ำคลองช่องลม,2022-04-21,middle,4.587,83.4,2.791,50.75,0.586,,,,0.01,,4.287
rsv424,อ่างเก็บน้ำคลองจะกระ,2022-04-21,middle,7.754,74.56,1.758,16.9,1.794,,,,0.111,,7.254
rsv425,อ่างเก็บน้ำยางชุม,2022-04-21,middle,34.411,83.73,23.022,56.01,8.52,,0.003,,0.104,,30.411
rsv426,อ่างเก็บน้ำคลองบึง,2022-04-21,middle,11.593,52.22,7.41,33.38,3.238,,,,0.041,,10.793
rsv427,อ่างเก็บน้ำห้วยอ่างหิน,2022-04-21,middle,1.859,66.39,1.674,59.79,0.161,,,,,,1.709
rsv428,อ่างเก็บน้ำห้วยไทรงาม,2022-04-21,middle,6.131,64.54,3.592,37.81,0.516,,0.001,,0.03,,5.231
rsv429,อ่างเก็บน้ำห้วยวังเต็น,2022-04-21,middle,10.146,89.0,7.179,62.97,1.744,,0.007,,0.02,,9.476
rsv488,อ่างเก็บน้ำห้วยมงคล,2022-04-21,middle,4.092,69.95,4.079,69.73,1.702,,0.01,,0.035,,3.852
rsv500,อ่างเก็บน้ำหาดส้มแป้น,2022-04-21,middle,7.19,71.9,7.546,75.46,2.642,,0.006,,0.021,,5.39
rsv430,อ่างเก็บน้ำบางกำปรัด,2022-04-21,middle,10.602,66.26,10.112,63.2,4.404,,0.02,,0.042,,9.102
rsv431,อ่างเก็บน้ำห้วยลึก,2022-04-21,middle,1.229,50.16,1.795,73.27,1.501,,,,,,1.169
rsv432,อ่างเก็บน้ำห้วยน้ำเขียว,2022-04-21,middle,0.814,11.15,3.379,46.29,1.216,,0.019,,0.005,,0.658
rsv433,อ่างเก็บน้ำคลองหยา,2022-04-21,middle,3.11,97.19,2.246,70.19,6.14,,0.047,,0.052,,3.07
rsv471,อ่างเก็บน้ำคลองแห้ง,2022-04-21,middle,10.512,84.1,8.803,70.42,2.375,,,,0.036,,9.512
rsv542,อ่างเก็บน้ำ ห้วยทรายขาว,2022-04-21,middle,3.46,69.2,3.52,70.4,2.413,,,,,,3.36
rsv434,อ่างเก็บน้ำห้วยน้ำใส,2022-04-21,middle,80.404,100.5,59.766,74.71,66.496,,0.426,,0.548,,78.404
rsv435,อ่างเก็บน้ำคลองกะทูน,2022-04-21,middle,62.22,88.26,54.01,76.61,34.217,,0.579,,0.579,,47.92
rsv436,อ่างเก็บน้ำบ้านเสม็ดจวน,2022-04-21,middle,1.31,77.06,0.94,55.29,0.82,,,,,,1.26
rsv437,อ่างเก็บน้ำคลองดินแดง,2022-04-21,middle,53.51,89.18,42.47,70.78,36.636,,0.415,,0.415,,40.51
rsv543,อ่างเก็บน้ำ คลองสังข์,,middle,,,,,,,,,,,
rsv438,อ่างเก็บน้ำบางวาด,2022-04-21,middle,7.73,75.78,6.09,59.71,0.434,,,,0.031,,7.46
rsv439,อ่างเก็บน้ำบางเหนียวดำ,2022-04-21,middle,5.54,71.12,5.54,71.12,0.385,,,,0.02,,5.512
rsv510,อ่างเก็บน้ำคลองกะทะ,2022-04-21,middle,3.49,84.3,3.21,77.54,0.525,,0.016,,0.013,,3.327
rsv446,อ่างเก็บน้ำบางทรายนวล,2022-04-21,middle,1.976,89.82,1.552,70.55,0.104,,,,,,1.876
rsv447,อ่างเก็บน้ำคลองสวนหนัง,2022-04-21,middle,1.086,84.19,0.73,56.59,0.193,,,,,,1.066
rsv440,อ่างเก็บน้ำคลองท่างิ้ว,2022-04-21,middle,16.34,88.32,15.0,81.08,16.801,,0.059,,0.147,,15.94
rsv492,อ่างเก็บน้ำบ้านพรุเตย,2022-04-21,middle,0.76,67.74,0.745,66.4,0.111,,0.001,,,,0.28
rsv528,อ่างเก็บน้ำคลองทรายขาว,,middle,,,,,,,,,,,
rsv441,อ่างเก็บน้ำคลองป่าบอน,2022-04-21,middle,19.028,95.14,16.67,83.35,25.555,,0.164,,0.237,,18.128
rsv442,อ่างเก็บน้ำป่าพะยอม,2022-04-21,middle,19.136,93.35,16.4,80.0,9.951,,0.082,,0.241,,18.336
rsv482,อ่างเก็บน้ำคลองหัวช้าง,2022-04-21,middle,27.67,92.23,25.07,83.57,31.113,,0.1,,0.2,,27.12
rsv443,อ่างเก็บน้ำคลองจำไหร,2022-04-21,middle,4.23,70.5,4.71,78.5,2.944,,0.03,,0.021,,4.13
rsv444,อ่างเก็บน้ำคลองหลา,2022-04-21,middle,18.86,88.05,17.31,80.81,9.968,,0.15,,0.062,,18.555
rsv445,อ่างเก็บน้ำคลองสะเดา,2022-04-21,middle,54.519,96.08,49.936,88.01,21.031,,0.208,,0.281,,52.963
rsv448,อ่างเก็บน้ำใกล้บ้าน,2022-04-21,middle,3.35,89.81,2.63,70.51,4.138,,,,,,3.3
rsv509,อ่างเก็บน้ำบ้านไบก์ (บ้านไบ้),2022-04-21,middle,1.168,97.33,1.109,92.42,0.912,,0.009,,0.01,,1.138
