reservoir_id,reservoir_name,reservoir_name_en,country,admin_unit,river,basin,lat,lon,capacity_total (千m^3),dead_storage (千m^3),frl (m),dam_height (m),year_built,main_use,source_agency,source_url,last_updated,detail_slug,location,data_period_start,data_period_end,data_period_days,last_updated_source,list_storage_rate_current (%),list_storage_volume_current (千m^3),list_7d_change_current (pt)
JP_OPENGOV_agikawa,阿木川ダム,阿木川ダム,Japan,Gifu (岐阜),阿木川,木曽川,,,44000,,,,,Flood Control River Maintenance Water Supply Industrial Water,MLIT Hydro DB (via OpenGov.jp),https://opengov.jp/en/geo/dam-reservoir/agikawa/,2026-04-28 13:45:41,agikawa,岐阜県恵那市東野字花無山2201-79,2002-05-30,2026-04-28,8523,2026-04-28,70.2,30882,2.1
JP_OPENGOV_aha,安波ダム,安波ダム,Japan,Okinawa (沖縄),安波川,安波川,,,14275,,,,,Flood Control River Maintenance Water Supply Industrial Water,MLIT Hydro DB (via OpenGov.jp),https://opengov.jp/en/geo/dam-reservoir/aha/,2026-04-28 13:45:41,aha,沖縄県国頭郡国頭村字安波川瀬原1301-22,2008-03-28,2026-04-28,6553,2026-04-28,49.1,7007,4.8
JP_OPENGOV_aimata-5090,相俣ダム,相俣ダム,Japan,Gunma (群馬),赤谷川,利根川,,,20015,,,,,Flood Control River Maintenance Power Generation,MLIT Hydro DB (via OpenGov.jp),https://opengov.jp/en/geo/dam-reservoir/aimata-5090/,2026-04-28 13:45:41,aimata-5090,群馬県利根郡みなかみ町相俣,2002-05-30,2026-04-28,8660,2026-04-28,85.4,17095,-0.2
JP_OPENGOV_asaseishikawa,浅瀬石川ダム,浅瀬石川ダム,Japan,Aomori (青森),浅瀬石川,岩木川,,,34266,,,,,Flood Control River Maintenance Water Supply Power Generation,MLIT Hydro DB (via OpenGov.jp),https://opengov.jp/en/geo/dam-reservoir/asaseishikawa/,2026-04-28 13:45:41,asaseishikawa,青森県黒石市大字板留字杉の沢2,2002-05-30,2026-04-28,8700,2026-04-28,93.1,31992,-3.0
JP_OPENGOV_chouankuchi,長安口ダム,長安口ダム,Japan,Tokushima (徳島),那賀川,那賀川,,,35037,,,,,Flood Control River Maintenance Irrigation Industrial Water Power Generation,MLIT Hydro DB (via OpenGov.jp),https://opengov.jp/en/geo/dam-reservoir/chouankuchi/,2026-04-28 13:45:41,chouankuchi,徳島県那賀郡那賀町長安向イ22-1,2009-08-20,2026-04-28,6063,2026-04-28,90.3,30499,2.0
JP_OPENGOV_chuubetsu-5190,忠別ダム,忠別ダム,Japan,Hokkaido (北海道),忠別川,石狩川,,,60876,,,,,Flood Control River Maintenance Irrigation Water Supply Power Generation,MLIT Hydro DB (via OpenGov.jp),https://opengov.jp/en/geo/dam-reservoir/chuubetsu-5190/,2026-04-28 13:45:41,chuubetsu-5190,北海道上川郡東川町東20号,2008-10-07,2026-04-28,6362,2026-04-28,6.9,4209,0.7
JP_OPENGOV_dono,殿ダム,殿ダム,Japan,Tottori (鳥取),袋川,千代川,,,5380,,,,,Flood Control River Maintenance Water Supply Industrial Water Power Generation,MLIT Hydro DB (via OpenGov.jp),https://opengov.jp/en/geo/dam-reservoir/dono/,2026-04-28 13:45:41,dono,鳥取県鳥取市国府町殿206-4,2019-08-21,2026-04-28,2437,2026-04-28,99.9,5375,0.0
JP_OPENGOV_egawa,江川ダム,江川ダム,Japan,Fukuoka (福岡),小石原川,筑後川,,,24000,,,,,Irrigation Water Supply Industrial Water,MLIT Hydro DB (via OpenGov.jp),https://opengov.jp/en/geo/dam-reservoir/egawa/,2026-04-28 13:45:41,egawa,福岡県朝倉市江川1660-67,2002-05-30,2026-04-28,8693,2026-04-28,33.5,8037,4.5
JP_OPENGOV_fujiwara-5030,藤原ダム,藤原ダム,Japan,Gunma (群馬),利根川,利根川,,,31022,,,,,Flood Control River Maintenance Power Generation,MLIT Hydro DB (via OpenGov.jp),https://opengov.jp/en/geo/dam-reservoir/fujiwara-5030/,2026-04-28 13:45:41,fujiwara-5030,群馬県利根郡みなかみ町夜後,2002-05-30,2026-04-28,8666,2026-04-28,62.8,19464,-23.4
JP_OPENGOV_fukuchi,福地ダム,福地ダム,Japan,Okinawa (沖縄),福地川,福地川,,,44643,,,,,Water Supply,MLIT Hydro DB (via OpenGov.jp),https://opengov.jp/en/geo/dam-reservoir/fukuchi/,2026-04-28 13:45:41,fukuchi,沖縄県国頭郡東村字川田中上原1105-108,2008-03-28,2026-04-28,6520,2026-04-28,48.7,21726,-2.2
JP_OPENGOV_funkawa,普久川ダム,普久川ダム,Japan,Okinawa (沖縄),普久川,安波川,,,1025,,,,,Flood Control River Maintenance Water Supply Industrial Water,MLIT Hydro DB (via OpenGov.jp),https://opengov.jp/en/geo/dam-reservoir/funkawa/,2026-04-28 13:45:41,funkawa,沖縄県国頭郡国頭村字安田福地原1285-90,2008-03-28,2026-04-28,6558,2026-04-28,19.5,200,0.1
JP_OPENGOV_futase,二瀬ダム,二瀬ダム,Japan,Saitama (埼玉),荒川,荒川,,,19216,,,,,Flood Control River Maintenance Power Generation,MLIT Hydro DB (via OpenGov.jp),https://opengov.jp/en/geo/dam-reservoir/futase/,2026-04-28 13:45:41,futase,埼玉県秩父市大滝3875-1,2002-05-30,2026-04-28,8699,2026-04-28,31.0,5911,0.9
JP_OPENGOV_gassan,月山ダム,月山ダム,Japan,Yamagata (山形),梵字川,赤川,,,37419,,,,,Flood Control River Maintenance Water Supply Power Generation,MLIT Hydro DB (via OpenGov.jp),https://opengov.jp/en/geo/dam-reservoir/gassan/,2026-04-28 13:45:41,gassan,山形県東田川郡朝日村大字上名川字東山８−１１２,2002-05-30,2026-04-28,8701,2026-04-28,100.0,38777,0.0
JP_OPENGOV_gosho,御所ダム,御所ダム,Japan,Iwate (岩手),雫石川,北上川,,,32851,,,,,Flood Control River Maintenance Water Supply Power Generation,MLIT Hydro DB (via OpenGov.jp),https://opengov.jp/en/geo/dam-reservoir/gosho/,2026-04-28 13:45:41,gosho,岩手県盛岡市繋字山根192-4,2002-05-30,2026-04-28,8694,2026-04-28,81.7,26872,-7.7
JP_OPENGOV_hachitsuba,八ッ場ダム,八ッ場ダム,Japan,Gunma (群馬),吾妻川,利根川,,,89973,,,,,Flood Control River Maintenance Water Supply Industrial Water Power Generation,MLIT Hydro DB (via OpenGov.jp),https://opengov.jp/en/geo/dam-reservoir/hachitsuba/,2026-04-28 13:45:41,hachitsuba,群馬県吾妻郡長野原町,2020-07-20,2026-04-28,2086,2026-04-28,89.3,80377,8.0
JP_OPENGOV_haizuka,灰塚ダム,灰塚ダム,Japan,Hiroshima (広島),上下川,江の川,,,9720,,,,,Flood Control River Maintenance Water Supply,MLIT Hydro DB (via OpenGov.jp),https://opengov.jp/en/geo/dam-reservoir/haizuka/,2026-04-28 13:45:41,haizuka,広島県三次市三良坂町仁賀1575,2016-02-19,2026-04-28,3566,2026-04-28,100.0,10633,0.0
JP_OPENGOV_haji,土師ダム,土師ダム,Japan,Hiroshima (広島),江の川,江の川,,,33901,,,,,Flood Control River Maintenance Irrigation Water Supply Industrial Water Power Generation,MLIT Hydro DB (via OpenGov.jp),https://opengov.jp/en/geo/dam-reservoir/haji/,2026-04-28 13:45:41,haji,広島県安芸高田市八千代町土師369-24,2002-03-31,2026-04-28,8671,2026-04-28,41.1,13933,-3.8
JP_OPENGOV_haneji,羽地ダム,羽地ダム,Japan,Okinawa (沖縄),羽地大川,羽地大川,,,16197,,,,,Flood Control River Maintenance Irrigation Water Supply,MLIT Hydro DB (via OpenGov.jp),https://opengov.jp/en/geo/dam-reservoir/haneji/,2026-04-28 13:45:41,haneji,沖縄県名護市田井等1017-8,2008-03-28,2026-04-28,6546,2026-04-28,71.9,11639,-0.1
JP_OPENGOV_hasu,蓮ダム,蓮ダム,Japan,Mie (三重),蓮川,櫛田川,,,28378,,,,,Flood Control River Maintenance Water Supply Power Generation,MLIT Hydro DB (via OpenGov.jp),https://opengov.jp/en/geo/dam-reservoir/hasu/,2026-04-28 13:45:41,hasu,三重県松阪市飯高町森1810,2002-05-30,2026-04-28,8679,2026-04-28,66.6,18901,2.8
JP_OPENGOV_hattahara,八田原ダム,八田原ダム,Japan,Hiroshima (広島),芦田川,芦田川,,,22996,,,,,Flood Control River Maintenance Water Supply Industrial Water,MLIT Hydro DB (via OpenGov.jp),https://opengov.jp/en/geo/dam-reservoir/hattahara/,2026-04-28 13:45:41,hattahara,広島県世羅郡世羅町大字小谷字苦谷山,2002-05-30,2026-04-28,8679,2026-04-28,91.0,20821,21.1
JP_OPENGOV_hennoki,辺野喜ダム,辺野喜ダム,Japan,Okinawa (沖縄),辺野喜川,辺野喜川,,,2156,,,,,Flood Control River Maintenance Water Supply Industrial Water,MLIT Hydro DB (via OpenGov.jp),https://opengov.jp/en/geo/dam-reservoir/hennoki/,2026-04-28 13:45:41,hennoki,沖縄県国頭郡国頭村字辺野喜大川山1567-177,2008-03-28,2026-04-28,6558,2026-04-28,54.4,1174,6.4
JP_OPENGOV_hinachidamu-kikou,比奈知ダム(機構),比奈知ダム(機構),Japan,Mie (三重),名張川,淀川,,,15293,,,,,Flood Control River Maintenance Water Supply Power Generation,MLIT Hydro DB (via OpenGov.jp),https://opengov.jp/en/geo/dam-reservoir/hinachidamu-kikou/,2026-04-28 13:45:41,hinachidamu-kikou,三重県名張市上比奈知字熊走り1706,2002-10-11,2026-04-28,8177,2026-04-28,67.4,10305,4.8
JP_OPENGOV_hiyoshidamu-kikou,日吉ダム(機構),日吉ダム(機構),Japan,Kyoto (京都),桂川,淀川,,,35984,,,,,Flood Control River Maintenance Water Supply,MLIT Hydro DB (via OpenGov.jp),https://opengov.jp/en/geo/dam-reservoir/hiyoshidamu-kikou/,2026-04-28 13:45:41,hiyoshidamu-kikou,京都府南丹市日吉町中神子ヶ谷68,2002-05-30,2026-04-28,8689,2026-04-28,87.3,31433,-2.8
JP_OPENGOV_ichikodamu-kikou,一庫ダム(機構),一庫ダム(機構),Japan,Hyogo (兵庫),一庫大路次川,淀川,,,26789,,,,,Flood Control River Maintenance Water Supply,MLIT Hydro DB (via OpenGov.jp),https://opengov.jp/en/geo/dam-reservoir/ichikodamu-kikou/,2026-04-28 13:45:41,ichikodamu-kikou,兵庫県川西市一庫字唐松,2002-05-30,2026-04-28,8645,2026-04-28,84.3,22582,-3.5
JP_OPENGOV_ikari,五十里ダム,五十里ダム,Japan,Tochigi (栃木),男鹿川,利根川,,,29898,,,,,Flood Control River Maintenance Power Generation,MLIT Hydro DB (via OpenGov.jp),https://opengov.jp/en/geo/dam-reservoir/ikari/,2026-04-28 13:45:41,ikari,栃木県日光市川治温泉川治,2002-05-30,2026-04-28,8701,2026-04-28,65.0,20803,-18.0
JP_OPENGOV_ikeda,池田ダム,池田ダム,Japan,Tokushima (徳島),吉野川,吉野川,,,8600,,,,,Flood Control River Maintenance Irrigation Water Supply Industrial Water Power Generation,MLIT Hydro DB (via OpenGov.jp),https://opengov.jp/en/geo/dam-reservoir/ikeda/,2026-04-28 13:45:41,ikeda,徳島県三好市池田町西山谷尻地先,2002-05-30,2026-04-28,8607,2026-04-28,,,
JP_OPENGOV_isawa,胆沢ダム,胆沢ダム,Japan,Iwate (岩手),胆沢川,北上川,,,84518,,,,,Flood Control River Maintenance Irrigation Water Supply,MLIT Hydro DB (via OpenGov.jp),https://opengov.jp/en/geo/dam-reservoir/isawa/,2026-04-28 13:45:41,isawa,岩手県奥州市胆沢若柳字横岳前山６,2016-11-28,2026-04-28,3431,2026-04-28,100.0,89835,0.0
JP_OPENGOV_ishifuchi,石淵ダム,石淵ダム,Japan,Iwate (岩手),胆沢川,北上川,,,11734,,,,,Flood Control Irrigation Power Generation,MLIT Hydro DB (via OpenGov.jp),https://opengov.jp/en/geo/dam-reservoir/ishifuchi/,2026-04-28 13:45:41,ishifuchi,岩手県胆沢郡胆沢町若柳字尿前１番地の６,2002-05-30,2012-10-04,3778,2012-10-04,20.7,2430,3.6
JP_OPENGOV_ishitekawa,石手川ダム,石手川ダム,Japan,Ehime (愛媛),石手川,重信川,,,6302,,,,,Flood Control Irrigation Water Supply,MLIT Hydro DB (via OpenGov.jp),https://opengov.jp/en/geo/dam-reservoir/ishitekawa/,2026-04-28 13:45:41,ishitekawa,愛媛県松山市宿野町,2002-05-30,2026-04-28,8663,2026-04-28,92.9,5851,7.6
JP_OPENGOV_iwaonai,岩尾内ダム,岩尾内ダム,Japan,Hokkaido (北海道),天塩川,天塩川,,,97041,,,,,Flood Control Irrigation Water Supply Industrial Water Power Generation,MLIT Hydro DB (via OpenGov.jp),https://opengov.jp/en/geo/dam-reservoir/iwaonai/,2026-04-28 13:45:41,iwaonai,北海道士別市朝日町岩尾内,2002-05-30,2026-04-28,8684,2026-04-28,56.1,54205,4.9
JP_OPENGOV_iwaya,岩屋ダム,岩屋ダム,Japan,Gifu (岐阜),馬瀬川,木曽川,,,150000,,,,,Flood Control Irrigation Water Supply Industrial Water Power Generation,MLIT Hydro DB (via OpenGov.jp),https://opengov.jp/en/geo/dam-reservoir/iwaya/,2026-04-28 13:45:41,iwaya,岐阜県下呂市卯野原,2002-05-30,2026-04-28,8650,2026-04-28,66.7,66734,-0.3
JP_OPENGOV_iyasaka,弥栄ダム,弥栄ダム,Japan,Hiroshima (広島),小瀬川,小瀬川,,,47992,,,,,Flood Control River Maintenance Water Supply Industrial Water Power Generation,MLIT Hydro DB (via OpenGov.jp),https://opengov.jp/en/geo/dam-reservoir/iyasaka/,2026-04-28 13:45:41,iyasaka,広島県大竹市小方町小方字前飯谷793-1,2002-05-30,2026-04-28,8645,2026-04-28,93.7,44982,0.4
JP_OPENGOV_izarigawa,漁川ダム,漁川ダム,Japan,Hokkaido (北海道),漁川,石狩川,,,3798,,,,,Flood Control River Maintenance Water Supply,MLIT Hydro DB (via OpenGov.jp),https://opengov.jp/en/geo/dam-reservoir/izarigawa/,2026-04-28 13:45:41,izarigawa,北海道恵庭市漁平,2002-05-30,2026-04-28,8508,2026-04-28,87.3,3318,1.6
JP_OPENGOV_jouzankei,定山渓ダム,定山渓ダム,Japan,Hokkaido (北海道),小樽内川,石狩川,,,57377,,,,,Flood Control Water Supply Power Generation,MLIT Hydro DB (via OpenGov.jp),https://opengov.jp/en/geo/dam-reservoir/jouzankei/,2026-04-28 13:45:41,jouzankei,北海道札幌市南区定山渓8区,2002-05-30,2026-04-28,8684,2026-04-28,54.9,31478,7.2
JP_OPENGOV_kamafusa,釜房ダム,釜房ダム,Japan,Miyagi (宮城),碁石川,名取川,,,42927,,,,,Flood Control River Maintenance Water Supply Industrial Water Power Generation,MLIT Hydro DB (via OpenGov.jp),https://opengov.jp/en/geo/dam-reservoir/kamafusa/,2026-04-28 13:45:41,kamafusa,宮城県柴田郡川崎町大字小野字大平山10-6,2002-05-30,2026-04-28,8702,2026-04-28,91.5,35575,0.4
JP_OPENGOV_kanatake,金武ダム,金武ダム,Japan,Okinawa (沖縄),億首川,億首川,,,5865,,,,,Flood Control Water Supply Irrigation,MLIT Hydro DB (via OpenGov.jp),https://opengov.jp/en/geo/dam-reservoir/kanatake/,2026-04-28 13:45:41,kanatake,沖縄県国頭郡金武町字金武地先,2019-03-28,2026-04-28,2527,2026-04-28,53.1,3114,2.7
JP_OPENGOV_kanayama,金山ダム,金山ダム,Japan,Hokkaido (北海道),空知川,石狩川,,,130039,,,,,Flood Control Irrigation Water Supply Power Generation,MLIT Hydro DB (via OpenGov.jp),https://opengov.jp/en/geo/dam-reservoir/kanayama/,2026-04-28 13:45:41,kanayama,北海道空知郡南富良野町字金山,2002-05-30,2026-04-28,8692,2026-04-28,47.5,61848,10.3
JP_OPENGOV_kanna,漢那ダム,漢那ダム,Japan,Okinawa (沖縄),漢那福地川,漢那福地川,,,6521,,,,,Flood Control River Maintenance Irrigation Water Supply,MLIT Hydro DB (via OpenGov.jp),https://opengov.jp/en/geo/dam-reservoir/kanna/,2026-04-28 13:45:41,kanna,沖縄県国頭郡宜野座村字漢那中山原2015-2,2008-03-28,2026-04-28,6454,2026-04-28,63.8,4162,0.4
JP_OPENGOV_kanokawa,鹿野川ダム,鹿野川ダム,Japan,Ehime (愛媛),肱川,肱川,,,29644,,,,,Flood Control River Maintenance,MLIT Hydro DB (via OpenGov.jp),https://opengov.jp/en/geo/dam-reservoir/kanokawa/,2026-04-28 13:45:41,kanokawa,愛媛県大洲市肱川町,2006-03-07,2026-04-28,7318,2026-04-28,87.4,25962,8.7
JP_OPENGOV_kasekawa,嘉瀬川ダム,嘉瀬川ダム,Japan,Saga (佐賀),嘉瀬川,嘉瀬川,,,50502,,,,,Flood Control River Maintenance Irrigation Water Supply Industrial Water Power Generation,MLIT Hydro DB (via OpenGov.jp),https://opengov.jp/en/geo/dam-reservoir/kasekawa/,2026-04-28 13:45:41,kasekawa,佐賀県佐賀市富士町大字畑瀬地先,2012-11-08,2026-04-28,4888,2026-04-28,57.4,28975,2.1
JP_OPENGOV_kawaji,川治ダム,川治ダム,Japan,Tochigi (栃木),鬼怒川,利根川,,,75984,,,,,Flood Control River Maintenance Irrigation Water Supply Industrial Water,MLIT Hydro DB (via OpenGov.jp),https://opengov.jp/en/geo/dam-reservoir/kawaji/,2026-04-28 13:45:41,kawaji,栃木県日光市川治温泉川治,2002-05-30,2026-04-28,8672,2026-04-28,80.1,60899,-8.9
JP_OPENGOV_kawamata,川俣ダム,川俣ダム,Japan,Tochigi (栃木),鬼怒川,利根川,,,73096,,,,,Flood Control River Maintenance Power Generation,MLIT Hydro DB (via OpenGov.jp),https://opengov.jp/en/geo/dam-reservoir/kawamata/,2026-04-28 13:45:41,kawamata,栃木県日光市川俣,2002-05-30,2026-04-28,8701,2026-04-28,89.2,65212,-6.2
JP_OPENGOV_koshibu,小渋ダム,小渋ダム,Japan,Nagano (長野),小渋川,天竜川,,,23890,,,,,Flood Control River Maintenance Irrigation Power Generation,MLIT Hydro DB (via OpenGov.jp),https://opengov.jp/en/geo/dam-reservoir/koshibu/,2026-04-28 13:45:41,koshibu,長野県上伊那郡中川村大草6884-19,2002-05-30,2026-04-28,8399,2026-04-28,36.5,8686,-9.2
JP_OPENGOV_kouzandamu-kikou,高山ダム(機構),高山ダム(機構),Japan,Kyoto (京都),名張川,淀川,,,49174,,,,,Flood Control River Maintenance Water Supply Power Generation,MLIT Hydro DB (via OpenGov.jp),https://opengov.jp/en/geo/dam-reservoir/kouzandamu-kikou/,2026-04-28 13:45:41,kouzandamu-kikou,京都府相楽郡南山城村大字田山字ツルギ43,2002-05-30,2026-04-28,8030,2026-04-28,84.2,41409,6.7
JP_OPENGOV_kuzuryuu,九頭竜ダム,九頭竜ダム,Japan,Fukui (福井),九頭竜川,九頭竜川,,,189996,,,,,Flood Control Power Generation,MLIT Hydro DB (via OpenGov.jp),https://opengov.jp/en/geo/dam-reservoir/kuzuryuu/,2026-04-28 13:45:41,kuzuryuu,福井県大野市長野第33号4番地の1,2002-05-30,2026-04-28,8655,2026-04-28,66.4,126160,-0.4
JP_OPENGOV_kyuuragi,厳木ダム,厳木ダム,Japan,Saga (佐賀),厳木川,松浦川,,,3891,,,,,Flood Control River Maintenance Water Supply Industrial Water Power Generation,MLIT Hydro DB (via OpenGov.jp),https://opengov.jp/en/geo/dam-reservoir/kyuuragi/,2026-04-28 13:45:41,kyuuragi,佐賀県唐津市厳木町大字広瀬,2002-05-30,2026-04-28,8658,2026-04-28,96.6,4592,0.0
JP_OPENGOV_makio,牧尾ダム,牧尾ダム,Japan,Nagano (長野),王滝川,木曽川,,,68000,,,,,Flood Control River Maintenance Irrigation Water Supply Industrial Water,MLIT Hydro DB (via OpenGov.jp),https://opengov.jp/en/geo/dam-reservoir/makio/,2026-04-28 13:45:41,makio,長野県木曽郡木曽町三岳7696-1,2002-05-30,2026-04-28,8617,2026-04-28,91.3,62097,0.0
JP_OPENGOV_manakawa,真名川ダム,真名川ダム,Japan,Fukui (福井),真名川,九頭竜川,,,49256,,,,,Flood Control River Maintenance Power Generation,MLIT Hydro DB (via OpenGov.jp),https://opengov.jp/en/geo/dam-reservoir/manakawa/,2026-04-28 13:45:41,manakawa,福井県大野市下若生子26字,2002-05-30,2026-04-28,8699,2026-04-28,83.3,41055,-6.9
JP_OPENGOV_maruyama,丸山ダム,丸山ダム,Japan,Gifu (岐阜),木曽川,木曽川,,,15996,,,,,Water Supply,MLIT Hydro DB (via OpenGov.jp),https://opengov.jp/en/geo/dam-reservoir/maruyama/,2026-04-28 13:45:41,maruyama,岐阜県加茂郡八百津町八百津1276-2,2002-05-30,2026-04-28,8580,2026-04-28,81.5,13065,-5.8
JP_OPENGOV_matsubara,松原ダム,松原ダム,Japan,Oita (大分),筑後川,筑後川,,,46130,,,,,Flood Control River Maintenance Power Generation,MLIT Hydro DB (via OpenGov.jp),https://opengov.jp/en/geo/dam-reservoir/matsubara/,2026-04-28 13:45:41,matsubara,大分県日田市大山町西大山松原ダム管理支所,2002-05-30,2026-04-28,8670,2026-04-28,16.3,7507,5.2
JP_OPENGOV_midorikawa,緑川ダム,緑川ダム,Japan,Kumamoto (熊本),緑川,緑川,,,25848,,,,,Flood Control River Maintenance Irrigation Power Generation,MLIT Hydro DB (via OpenGov.jp),https://opengov.jp/en/geo/dam-reservoir/midorikawa/,2026-04-28 13:45:41,midorikawa,熊本県下益城郡美里町畝野3456,2002-05-30,2026-04-28,8616,2026-04-28,23.5,5907,6.0
JP_OPENGOV_miharu,三春ダム,三春ダム,Japan,Fukushima (福島),大滝根川,阿武隈川,,,19790,,,,,Flood Control River Maintenance Irrigation Water Supply Industrial Water,MLIT Hydro DB (via OpenGov.jp),https://opengov.jp/en/geo/dam-reservoir/miharu/,2026-04-28 13:45:41,miharu,福島県田村郡三春町大字西方字中ノ内403-4,2002-05-30,2026-04-28,8702,2026-04-28,79.4,15724,-11.7
JP_OPENGOV_mikunikawa,三国川ダム,三国川ダム,Japan,Niigata (新潟),三国川,信濃川,,,16764,,,,,Flood Control River Maintenance Water Supply Power Generation,MLIT Hydro DB (via OpenGov.jp),https://opengov.jp/en/geo/dam-reservoir/mikunikawa/,2026-04-28 13:45:41,mikunikawa,新潟県南魚沼市大字清水瀬686-59,2002-05-30,2026-04-28,5307,2026-04-28,100.0,17400,0.0
JP_OPENGOV_misokawa,味噌川ダム,味噌川ダム,Japan,Nagano (長野),木曽川,木曽川,,,54979,,,,,Flood Control River Maintenance Water Supply Industrial Water Power Generation,MLIT Hydro DB (via OpenGov.jp),https://opengov.jp/en/geo/dam-reservoir/misokawa/,2026-04-28 13:45:41,misokawa,長野県木曽郡木祖村大字小木曽2058-22,2002-05-30,2026-04-28,8652,2026-04-28,88.5,48649,-1.7
JP_OPENGOV_miwa,美和ダム,美和ダム,Japan,Nagano (長野),三峰川,天竜川,,,17970,,,,,Flood Control Irrigation Power Generation,MLIT Hydro DB (via OpenGov.jp),https://opengov.jp/en/geo/dam-reservoir/miwa/,2026-04-28 13:45:41,miwa,長野県伊那市長谷非持345,2002-05-30,2026-04-28,8219,2026-04-28,47.0,8485,-7.9
JP_OPENGOV_miyakese,宮ヶ瀬ダム,宮ヶ瀬ダム,Japan,Kanagawa (神奈川),中津川,相模川,,,182564,,,,,Flood Control River Maintenance Water Supply Power Generation,MLIT Hydro DB (via OpenGov.jp),https://opengov.jp/en/geo/dam-reservoir/miyakese/,2026-04-28 13:45:41,miyakese,神奈川県相模原市緑区青山,2003-06-19,2026-04-28,8318,2026-04-28,39.0,71233,2.0
JP_OPENGOV_muroudamu-kikou,室生ダム(機構),室生ダム(機構),Japan,Nara (奈良),宇陀川,淀川,,,13294,,,,,Flood Control River Maintenance Water Supply,MLIT Hydro DB (via OpenGov.jp),https://opengov.jp/en/geo/dam-reservoir/muroudamu-kikou/,2026-04-28 13:45:41,muroudamu-kikou,奈良県宇陀市室生区大字大野3846,2002-05-30,2026-04-28,8462,2026-04-28,74.4,9897,6.3
JP_OPENGOV_nagai,長井ダム,長井ダム,Japan,Yamagata (山形),置賜野川,最上川,,,22076,,,,,Flood Control River Maintenance Irrigation Water Supply Power Generation,MLIT Hydro DB (via OpenGov.jp),https://opengov.jp/en/geo/dam-reservoir/nagai/,2026-04-28 13:45:41,nagai,山形県長井市平野字北脇ノ沢4164-9,2011-02-25,2026-04-28,299,2026-04-28,100.0,22829,0.0
JP_OPENGOV_nagashima,長島ダム,長島ダム,Japan,Shizuoka (静岡),大井川,大井川,,,46468,,,,,Flood Control River Maintenance Irrigation Water Supply,MLIT Hydro DB (via OpenGov.jp),https://opengov.jp/en/geo/dam-reservoir/nagashima/,2026-04-28 13:45:41,nagashima,静岡県榛原郡川根本町梅地,2003-07-31,2026-04-28,8172,2026-04-28,56.1,26075,-5.6
JP_OPENGOV_nakasujikawa,中筋川ダム,中筋川ダム,Japan,Kochi (高知),中筋川,渡川,,,3950,,,,,Flood Control River Maintenance Irrigation Water Supply Industrial Water,MLIT Hydro DB (via OpenGov.jp),https://opengov.jp/en/geo/dam-reservoir/nakasujikawa/,2026-04-28 13:45:41,nakasujikawa,高知県宿毛市平田町黒川,2002-05-30,2026-04-28,8677,2026-04-28,100.0,4233,30.4
JP_OPENGOV_naramata,奈良俣ダム,奈良俣ダム,Japan,Gunma (群馬),楢俣川,利根川,,,84984,,,,,Flood Control River Maintenance Irrigation Water Supply Industrial Water Power Generation,MLIT Hydro DB (via OpenGov.jp),https://opengov.jp/en/geo/dam-reservoir/naramata/,2026-04-28 13:45:41,naramata,群馬県利根郡みなかみ町藤原,2002-05-30,2026-04-28,8673,2026-04-28,98.5,83701,6.7
JP_OPENGOV_naruko,鳴子ダム,鳴子ダム,Japan,Miyagi (宮城),江合川,北上川,,,32995,,,,,Flood Control Irrigation Power Generation,MLIT Hydro DB (via OpenGov.jp),https://opengov.jp/en/geo/dam-reservoir/naruko/,2026-04-28 13:45:41,naruko,宮城県大崎市鳴子温泉字岩渕2-8,2002-05-30,2026-04-28,8680,2026-04-28,100.0,33300,3.0
JP_OPENGOV_nibutani,二風谷ダム,二風谷ダム,Japan,Hokkaido (北海道),沙流川,沙流川,,,8128,,,,,Flood Control River Maintenance Irrigation Water Supply Industrial Water Power Generation,MLIT Hydro DB (via OpenGov.jp),https://opengov.jp/en/geo/dam-reservoir/nibutani/,2026-04-28 13:45:41,nibutani,北海道沙流郡平取町字二風谷,2002-05-30,2026-04-28,8501,2026-04-28,91.3,7298,84.5
JP_OPENGOV_nomura,野村ダム,野村ダム,Japan,Ehime (愛媛),肱川,肱川,,,12188,,,,,Flood Control Irrigation Water Supply,MLIT Hydro DB (via OpenGov.jp),https://opengov.jp/en/geo/dam-reservoir/nomura/,2026-04-28 13:45:41,nomura,愛媛県西予市野村町野村8-153-1,2002-05-30,2026-04-28,8701,2026-04-28,92.4,11267,-0.9
JP_OPENGOV_nukui,温井ダム,温井ダム,Japan,Hiroshima (広島),滝山川,太田川,,,47982,,,,,Flood Control River Maintenance Water Supply Power Generation,MLIT Hydro DB (via OpenGov.jp),https://opengov.jp/en/geo/dam-reservoir/nukui/,2026-04-28 13:45:41,nukui,広島県山県郡安芸太田町大字加計地先,2002-05-30,2026-04-28,8643,2026-04-28,85.6,41092,-0.7
JP_OPENGOV_nunomedamu-kikou,布目ダム(機構),布目ダム(機構),Japan,Nara (奈良),布目川,淀川,,,12694,,,,,Flood Control River Maintenance Water Supply,MLIT Hydro DB (via OpenGov.jp),https://opengov.jp/en/geo/dam-reservoir/nunomedamu-kikou/,2026-04-28 13:45:41,nunomedamu-kikou,奈良県奈良市北野山町字長町869番地,2002-05-30,2026-04-28,8596,2026-04-28,75.6,9607,9.0
JP_OPENGOV_ohara,尾原ダム,尾原ダム,Japan,Shimane (島根),斐伊川,斐伊川,,,31659,,,,,Flood Control River Maintenance Water Supply,MLIT Hydro DB (via OpenGov.jp),https://opengov.jp/en/geo/dam-reservoir/ohara/,2026-04-28 13:45:41,ohara,島根県雲南市木次町平田211-5,2016-02-23,2026-04-28,3669,2026-04-28,97.4,30856,-2.6
JP_OPENGOV_ooishi,大石ダム,大石ダム,Japan,Niigata (新潟),大石川,荒川,,,14925,,,,,Flood Control Power Generation,MLIT Hydro DB (via OpenGov.jp),https://opengov.jp/en/geo/dam-reservoir/ooishi/,2026-04-28 13:45:41,ooishi,新潟県岩船郡関川村大字大石404-3,2002-05-30,2026-04-28,8611,2026-04-28,85.2,12721,-9.1
JP_OPENGOV_ookawa,大川ダム,大川ダム,Japan,Fukushima (福島),阿賀川,阿賀野川,,,25861,,,,,Flood Control River Maintenance Irrigation Water Supply Industrial Water Power Generation,MLIT Hydro DB (via OpenGov.jp),https://opengov.jp/en/geo/dam-reservoir/ookawa/,2026-04-28 13:45:41,ookawa,福島県会津若松市大戸町大字大川季平乙121,2002-05-30,2026-04-28,8661,2026-04-28,77.9,18998,5.2
JP_OPENGOV_oomachi,大町ダム,大町ダム,Japan,Nagano (長野),高瀬川,信濃川,,,24092,,,,,Flood Control River Maintenance Water Supply Power Generation,MLIT Hydro DB (via OpenGov.jp),https://opengov.jp/en/geo/dam-reservoir/oomachi/,2026-04-28 13:45:41,oomachi,長野県大町市平2112-71,2002-05-30,2026-04-28,8615,2026-04-28,29.5,7121,3.4
JP_OPENGOV_ootaki,大滝ダム,大滝ダム,Japan,Nara (奈良),紀の川,紀の川,,,70917,,,,,Flood Control River Maintenance Water Supply Industrial Water Power Generation,MLIT Hydro DB (via OpenGov.jp),https://opengov.jp/en/geo/dam-reservoir/ootaki/,2026-04-28 13:45:41,ootaki,奈良県吉野郡川上村大字大滝,2003-07-31,2026-04-28,8264,2026-04-28,16.8,11911,2.2
JP_OPENGOV_oowatari,大渡ダム,大渡ダム,Japan,Kochi (高知),仁淀川,仁淀川,,,32647,,,,,Flood Control River Maintenance Water Supply Power Generation,MLIT Hydro DB (via OpenGov.jp),https://opengov.jp/en/geo/dam-reservoir/oowatari/,2026-04-28 13:45:41,oowatari,高知県吾川郡仁淀川町,2002-05-30,2026-04-28,8623,2026-04-28,96.1,32690,0.7
JP_OPENGOV_ooyasu,大保ダム,大保ダム,Japan,Okinawa (沖縄),大保川,大保川,,,17363,,,,,Flood Control River Maintenance Water Supply,MLIT Hydro DB (via OpenGov.jp),https://opengov.jp/en/geo/dam-reservoir/ooyasu/,2026-04-28 13:45:41,ooyasu,沖縄県国頭郡大宜味村字田港地先,2010-07-26,2026-04-28,5692,2026-04-28,35.1,6090,-0.3
JP_OPENGOV_ooyuki,大雪ダム,大雪ダム,Japan,Hokkaido (北海道),石狩川,石狩川,,,55380,,,,,Flood Control River Maintenance Irrigation Water Supply Power Generation,MLIT Hydro DB (via OpenGov.jp),https://opengov.jp/en/geo/dam-reservoir/ooyuki/,2026-04-28 13:45:41,ooyuki,北海道上川郡上川町字層雲峡大学平,2002-05-30,2026-04-28,8683,2026-04-28,3.9,2157,-0.5
JP_OPENGOV_ozatokawa,小里川ダム,小里川ダム,Japan,Gifu (岐阜),小里川,庄内川,,,3124,,,,,Flood Control River Maintenance Power Generation,MLIT Hydro DB (via OpenGov.jp),https://opengov.jp/en/geo/dam-reservoir/ozatokawa/,2026-04-28 13:45:41,ozatokawa,岐阜県恵那市山岡町大字田代,2013-01-24,2026-04-28,4763,2026-04-28,95.3,2983,2.1
JP_OPENGOV_pirika,美利河ダム,美利河ダム,Japan,Hokkaido (北海道),後志利別川,後志利別川,,,9150,,,,,Flood Control River Maintenance Irrigation Power Generation,MLIT Hydro DB (via OpenGov.jp),https://opengov.jp/en/geo/dam-reservoir/pirika/,2026-04-28 13:45:41,pirika,北海道瀬棚郡今金町字美利河,2002-05-30,2026-04-28,8539,2026-04-28,59.7,5462,-8.0
JP_OPENGOV_rumoi,留萌ダム,留萌ダム,Japan,Hokkaido (北海道),チバベリ川,留萌川,,,10294,,,,,Flood Control River Maintenance Water Supply,MLIT Hydro DB (via OpenGov.jp),https://opengov.jp/en/geo/dam-reservoir/rumoi/,2026-04-28 13:45:41,rumoi,北海道留萌市大字留萌村字チバベリ,2013-11-22,2026-04-28,4496,2026-04-28,100.0,11692,0.0
JP_OPENGOV_ryuumon,竜門ダム,竜門ダム,Japan,Kumamoto (熊本),迫間川,菊池川,,,33499,,,,,Flood Control River Maintenance Irrigation Industrial Water,MLIT Hydro DB (via OpenGov.jp),https://opengov.jp/en/geo/dam-reservoir/ryuumon/,2026-04-28 13:45:41,ryuumon,熊本県菊池市竜門,2002-05-30,2026-04-28,8691,2026-04-28,56.2,18836,2.8
JP_OPENGOV_sagae,寒河江ダム,寒河江ダム,Japan,Yamagata (山形),寒河江川,最上川,,,89859,,,,,Flood Control River Maintenance Irrigation Water Supply Power Generation,MLIT Hydro DB (via OpenGov.jp),https://opengov.jp/en/geo/dam-reservoir/sagae/,2026-04-28 13:45:41,sagae,山形県西村山郡西川町砂子関158,2002-05-30,2026-04-28,8654,2026-04-28,69.2,61394,-1.5
JP_OPENGOV_sameura,早明浦ダム,早明浦ダム,Japan,Kochi (高知),吉野川,吉野川,,,176489,,,,,Flood Control River Maintenance Irrigation Water Supply Industrial Water Power Generation,MLIT Hydro DB (via OpenGov.jp),https://opengov.jp/en/geo/dam-reservoir/sameura/,2026-04-28 13:45:41,sameura,高知県土佐郡土佐町中島地先,2002-05-30,2026-04-28,8653,2026-04-28,99.9,181840,14.9
JP_OPENGOV_sanru,サンルダム,サンルダム,Japan,Hokkaido (北海道),サンル川,天塩川,,,15850,,,,,Flood Control River Maintenance Water Supply Power Generation,MLIT Hydro DB (via OpenGov.jp),https://opengov.jp/en/geo/dam-reservoir/sanru/,2026-04-28 13:45:41,sanru,北海道上川郡下川町珊瑠,2020-06-30,2026-04-28,2128,2026-04-28,100.0,18806,0.0
JP_OPENGOV_saruya,猿谷ダム,猿谷ダム,Japan,Nara (奈良),熊野川,新宮川,,,17312,,,,,River Maintenance Power Generation,MLIT Hydro DB (via OpenGov.jp),https://opengov.jp/en/geo/dam-reservoir/saruya/,2026-04-28 13:45:41,saruya,奈良県五條市大塔町辻堂,2002-05-30,2026-04-28,8613,2026-04-28,49.5,8577,9.9
JP_OPENGOV_satsunaikawa,札内川ダム,札内川ダム,Japan,Hokkaido (北海道),札内川,十勝川,,,26347,,,,,Flood Control River Maintenance Irrigation Water Supply Power Generation,MLIT Hydro DB (via OpenGov.jp),https://opengov.jp/en/geo/dam-reservoir/satsunaikawa/,2026-04-28 13:45:41,satsunaikawa,北海道河西郡中札内村南札内,2002-05-30,2026-04-28,8691,2026-04-28,42.8,11280,-1.1
JP_OPENGOV_shichigashuku,七ヶ宿ダム,七ヶ宿ダム,Japan,Miyagi (宮城),白石川,阿武隈川,,,64504,,,,,Flood Control River Maintenance Irrigation Water Supply Industrial Water,MLIT Hydro DB (via OpenGov.jp),https://opengov.jp/en/geo/dam-reservoir/shichigashuku/,2026-04-28 13:45:41,shichigashuku,宮城県刈田郡七ヶ宿町字切通52-40,2002-05-30,2026-04-28,8701,2026-04-28,100.0,64621,0.0
JP_OPENGOV_shijuushita,四十四田ダム,四十四田ダム,Japan,Iwate (岩手),北上川,北上川,,,29713,,,,,Flood Control Power Generation,MLIT Hydro DB (via OpenGov.jp),https://opengov.jp/en/geo/dam-reservoir/shijuushita/,2026-04-28 13:45:41,shijuushita,岩手県盛岡市下厨川字四十四田1番地,2002-05-30,2026-04-28,8699,2026-04-28,85.9,25620,-2.8
JP_OPENGOV_shikanoko,鹿ノ子ダム,鹿ノ子ダム,Japan,Hokkaido (北海道),常呂川,常呂川,,,20489,,,,,Flood Control River Maintenance Irrigation Water Supply,MLIT Hydro DB (via OpenGov.jp),https://opengov.jp/en/geo/dam-reservoir/shikanoko/,2026-04-28 13:45:41,shikanoko,北海道常呂郡置戸町字常元,2002-05-30,2026-04-28,8570,2026-04-28,71.3,14615,4.6
JP_OPENGOV_shimachikawa,島地川ダム,島地川ダム,Japan,Yamaguchi (山口),島地川,佐波川,,,12404,,,,,Flood Control River Maintenance Water Supply Industrial Water,MLIT Hydro DB (via OpenGov.jp),https://opengov.jp/en/geo/dam-reservoir/shimachikawa/,2026-04-28 13:45:41,shimachikawa,山口県周南市大字高瀬字青ヶ平257,2002-05-30,2026-04-28,8673,2026-04-28,100.0,12565,0.0
JP_OPENGOV_shimokubo,下久保ダム,下久保ダム,Japan,Saitama (埼玉),神流川,利根川,,,119970,,,,,Flood Control River Maintenance Water Supply Industrial Water Power Generation,MLIT Hydro DB (via OpenGov.jp),https://opengov.jp/en/geo/dam-reservoir/shimokubo/,2026-04-28 13:45:41,shimokubo,埼玉県児玉郡神川町大字矢納（右岸）,2002-06-01,2026-04-28,8676,2026-04-28,29.4,35329,0.2
JP_OPENGOV_shimouke-0060,下筌ダム,下筌ダム,Japan,Kumamoto (熊本),津江川,筑後川,,,51020,,,,,Flood Control River Maintenance Power Generation,MLIT Hydro DB (via OpenGov.jp),https://opengov.jp/en/geo/dam-reservoir/shimouke-0060/,2026-04-28 13:45:41,shimouke-0060,熊本県阿蘇郡小国町大字黒渕（下筌ダム管理支所）,2002-05-30,2026-04-28,8699,2026-04-28,70.0,35781,13.4
JP_OPENGOV_shinguu,新宮ダム,新宮ダム,Japan,Ehime (愛媛),銅山川,吉野川,,,7300,,,,,Flood Control Irrigation Industrial Water Power Generation,MLIT Hydro DB (via OpenGov.jp),https://opengov.jp/en/geo/dam-reservoir/shinguu/,2026-04-28 13:45:41,shinguu,愛媛県四国中央市新宮町馬立地先,2002-05-30,2026-04-28,8640,2026-04-28,156.4,11416,15.2
JP_OPENGOV_shinkatsurazawa,新桂沢ダム,新桂沢ダム,Japan,Hokkaido (北海道),幾春別川,石狩川,,,112770,,,,,Flood Control River Maintenance Water Supply Power Generation,MLIT Hydro DB (via OpenGov.jp),https://opengov.jp/en/geo/dam-reservoir/shinkatsurazawa/,2026-04-28 13:45:41,shinkatsurazawa,北海道三笠市桂沢,2002-05-30,2026-04-28,8387,2026-04-28,92.5,104357,6.2
JP_OPENGOV_shinkawa,新川ダム,新川ダム,Japan,Okinawa (沖縄),新川川,新川川,,,698,,,,,Flood Control River Maintenance Water Supply Industrial Water,MLIT Hydro DB (via OpenGov.jp),https://opengov.jp/en/geo/dam-reservoir/shinkawa/,2026-04-28 13:45:41,shinkawa,沖縄県国頭郡東村字高江高江原466-1,2008-03-28,2026-04-28,6502,2026-04-28,18.0,126,2.6
JP_OPENGOV_shintoyone,新豊根ダム,新豊根ダム,Japan,Aichi (愛知),大入川,天竜川,,,40505,,,,,Flood Control Power Generation,MLIT Hydro DB (via OpenGov.jp),https://opengov.jp/en/geo/dam-reservoir/shintoyone/,2026-04-28 13:45:41,shintoyone,愛知県北設楽郡豊根村大字古真立字月代1-3,2002-05-30,2026-04-28,8608,2026-04-28,48.3,19577,-20.2
JP_OPENGOV_shirakawa,白川ダム,白川ダム,Japan,Yamagata (山形),置賜白川,最上川,,,33446,,,,,Flood Control River Maintenance Irrigation Water Supply Industrial Water Power Generation,MLIT Hydro DB (via OpenGov.jp),https://opengov.jp/en/geo/dam-reservoir/shirakawa/,2026-04-28 13:45:41,shirakawa,山形県西置賜郡飯豊町大字高峰字栗梨沢4215,2002-01-10,2026-04-28,8673,2026-04-28,86.0,28777,0.8
JP_OPENGOV_shizuken,志津見ダム,志津見ダム,Japan,Shimane (島根),神戸川,斐伊川,,,6226,,,,,Flood Control River Maintenance Industrial Water Power Generation,MLIT Hydro DB (via OpenGov.jp),https://opengov.jp/en/geo/dam-reservoir/shizuken/,2026-04-28 13:45:41,shizuken,島根県飯石郡飯南町角井1891-20,2016-02-23,2026-04-28,3681,2026-04-28,100.0,6261,0.0
JP_OPENGOV_shourenteradamu-kikou,青蓮寺ダム(機構),青蓮寺ダム(機構),Japan,Mie (三重),青蓮寺川,淀川,,,19092,,,,,Flood Control River Maintenance Irrigation Water Supply Power Generation,MLIT Hydro DB (via OpenGov.jp),https://opengov.jp/en/geo/dam-reservoir/shourenteradamu-kikou/,2026-04-28 13:45:41,shourenteradamu-kikou,三重県名張市中知山字下ン田1-166,2002-05-30,2026-04-28,8495,2026-04-28,61.8,11802,5.0
JP_OPENGOV_sonohara-5130,薗原ダム,薗原ダム,Japan,Gunma (群馬),片品川,利根川,,,13215,,,,,Flood Control River Maintenance Power Generation,MLIT Hydro DB (via OpenGov.jp),https://opengov.jp/en/geo/dam-reservoir/sonohara-5130/,2026-04-28 13:45:41,sonohara-5130,群馬県沼田市利根町園原,2002-05-30,2026-04-28,8495,2026-04-28,17.4,2306,-52.0
JP_OPENGOV_soumoku,草木ダム,草木ダム,Japan,Gunma (群馬),渡良瀬川,利根川,,,50486,,,,,Flood Control River Maintenance Irrigation Water Supply Industrial Water Power Generation,MLIT Hydro DB (via OpenGov.jp),https://opengov.jp/en/geo/dam-reservoir/soumoku/,2026-04-28 13:45:41,soumoku,群馬県みどり市東町大字座間,2002-05-30,2026-04-28,8659,2026-04-28,89.4,45168,0.6
JP_OPENGOV_sugasawa,菅沢ダム,菅沢ダム,Japan,Tottori (鳥取),印賀川,日野川,,,14191,,,,,Flood Control Irrigation Industrial Water Power Generation,MLIT Hydro DB (via OpenGov.jp),https://opengov.jp/en/geo/dam-reservoir/sugasawa/,2026-04-28 13:45:41,sugasawa,鳥取県日野郡日南町菅沢字川西山112-10,2002-05-30,2026-04-28,8619,2026-04-28,95.5,13565,3.7
JP_OPENGOV_surikamikawa,摺上川ダム,摺上川ダム,Japan,Fukushima (福島),摺上川,阿武隈川,,,105931,,,,,Flood Control River Maintenance Irrigation Water Supply Industrial Water Power Generation,MLIT Hydro DB (via OpenGov.jp),https://opengov.jp/en/geo/dam-reservoir/surikamikawa/,2026-04-28 13:45:41,surikamikawa,福島県福島市飯坂町茂庭字蝉狩野山25,2022-09-08,2026-04-28,1329,2026-04-28,100.0,112779,0.0
JP_OPENGOV_takisato,滝里ダム,滝里ダム,Japan,Hokkaido (北海道),空知川,石狩川,,,31470,,,,,Flood Control River Maintenance Irrigation Water Supply Power Generation,MLIT Hydro DB (via OpenGov.jp),https://opengov.jp/en/geo/dam-reservoir/takisato/,2026-04-28 13:45:41,takisato,北海道芦別市滝里町683,2002-05-30,2026-04-28,8511,2026-04-28,46.8,14635,-9.3
JP_OPENGOV_takizawa,滝沢ダム,滝沢ダム,Japan,Saitama (埼玉),中津川,荒川,,,57984,,,,,Flood Control River Maintenance Water Supply Power Generation,MLIT Hydro DB (via OpenGov.jp),https://opengov.jp/en/geo/dam-reservoir/takizawa/,2026-04-28 13:45:41,takizawa,埼玉県秩父市大滝,2012-07-27,2026-04-28,4977,2026-04-28,33.8,19607,0.7
JP_OPENGOV_tamagawa,玉川ダム,玉川ダム,Japan,Akita (秋田),玉川,雄物川,,,186570,,,,,Flood Control River Maintenance Irrigation Water Supply Industrial Water Power Generation,MLIT Hydro DB (via OpenGov.jp),https://opengov.jp/en/geo/dam-reservoir/tamagawa/,2026-04-28 13:45:41,tamagawa,秋田県仙北市田沢湖玉川字下水無92,2002-05-30,2026-04-28,8701,2026-04-28,100.0,188617,0.3
JP_OPENGOV_tase,田瀬ダム,田瀬ダム,Japan,Iwate (岩手),猿ヶ石川,北上川,,,101340,,,,,Flood Control Irrigation Power Generation,MLIT Hydro DB (via OpenGov.jp),https://opengov.jp/en/geo/dam-reservoir/tase/,2026-04-28 13:45:41,tase,岩手県花巻市東和町田瀬39-1-3,2002-05-30,2026-04-28,8701,2026-04-28,23.3,22510,3.7
JP_OPENGOV_tedorigawa,手取川ダム,手取川ダム,Japan,Ishikawa (石川),手取川,手取川,,,184315,,,,,Flood Control Water Supply Industrial Water Power Generation,MLIT Hydro DB (via OpenGov.jp),https://opengov.jp/en/geo/dam-reservoir/tedorigawa/,2026-04-28 13:45:41,tedorigawa,石川県白山市字女原ソ18-1,2002-05-30,2026-04-28,8641,2026-04-28,70.6,130059,0.1
JP_OPENGOV_tenkese,天ヶ瀬ダム,天ヶ瀬ダム,Japan,Kyoto (京都),宇治川,淀川,,,19142,,,,,Irrigation,MLIT Hydro DB (via OpenGov.jp),https://opengov.jp/en/geo/dam-reservoir/tenkese/,2026-04-28 13:45:41,tenkese,京都府宇治市槇島町槇尾山,2002-05-30,2026-04-28,8531,2026-04-28,79.7,15196,-3.6
JP_OPENGOV_terauchi,寺内ダム,寺内ダム,Japan,Fukuoka (福岡),佐田川,筑後川,,,8230,,,,,Flood Control River Maintenance Irrigation Water Supply,MLIT Hydro DB (via OpenGov.jp),https://opengov.jp/en/geo/dam-reservoir/terauchi/,2026-04-28 13:45:41,terauchi,福岡県朝倉市荷原1516-1,2002-05-30,2026-04-28,8666,2026-04-28,48.5,3994,9.5
JP_OPENGOV_tokachi,十勝ダム,十勝ダム,Japan,Hokkaido (北海道),十勝川,十勝川,,,74615,,,,,Flood Control Power Generation,MLIT Hydro DB (via OpenGov.jp),https://opengov.jp/en/geo/dam-reservoir/tokachi/,2026-04-28 13:45:41,tokachi,北海道上川郡新得町字屈足,2002-05-30,2026-04-28,8679,2026-04-28,3.4,2515,-1.4
JP_OPENGOV_tokuyama,徳山ダム,徳山ダム,Japan,Gifu (岐阜),揖斐川,木曽川,,,366432,,,,,Flood Control River Maintenance Water Supply Industrial Water Power Generation,MLIT Hydro DB (via OpenGov.jp),https://opengov.jp/en/geo/dam-reservoir/tokuyama/,2026-04-28 13:45:41,tokuyama,岐阜県揖斐郡揖斐川町開田448,2013-01-24,2026-04-28,4779,2026-04-28,78.3,286776,-0.1
JP_OPENGOV_tomata,苫田ダム,苫田ダム,Japan,Okayama (岡山),吉井川,吉井川,,,28036,,,,,Flood Control River Maintenance Irrigation Water Supply Industrial Water Power Generation,MLIT Hydro DB (via OpenGov.jp),https://opengov.jp/en/geo/dam-reservoir/tomata/,2026-04-28 13:45:41,tomata,岡山県苫田郡鏡野町久田下原地先,2005-06-20,2026-04-28,7548,2026-04-28,99.0,27765,-0.2
JP_OPENGOV_tomisato,富郷ダム,富郷ダム,Japan,Ehime (愛媛),銅山川,吉野川,,,43600,,,,,Flood Control Water Supply Industrial Water Power Generation,MLIT Hydro DB (via OpenGov.jp),https://opengov.jp/en/geo/dam-reservoir/tomisato/,2026-04-28 13:45:41,tomisato,愛媛県四国中央市富郷町津根山地先,2002-05-30,2026-04-28,8611,2026-04-28,50.8,22137,7.3
JP_OPENGOV_toyohirakyou,豊平峡ダム,豊平峡ダム,Japan,Hokkaido (北海道),豊平川,石狩川,,,37041,,,,,Flood Control Water Supply Power Generation,MLIT Hydro DB (via OpenGov.jp),https://opengov.jp/en/geo/dam-reservoir/toyohirakyou/,2026-04-28 13:45:41,toyohirakyou,北海道札幌市南区定山渓7区,2002-05-30,2026-04-28,8684,2026-04-28,24.5,9083,8.1
JP_OPENGOV_tsugaru-3001,津軽ダム,津軽ダム,Japan,Aomori (青森),岩木川,岩木川,,,73677,,,,,Flood Control River Maintenance Irrigation Water Supply,MLIT Hydro DB (via OpenGov.jp),https://opengov.jp/en/geo/dam-reservoir/tsugaru-3001/,2026-04-28 13:45:41,tsugaru-3001,青森県中津軽郡西目屋村大字居森平字寒沢１３８?２,2025-12-12,2026-04-28,138,2026-04-28,100.0,78855,0.0
JP_OPENGOV_tsuruta,鶴田ダム,鶴田ダム,Japan,Kagoshima (鹿児島),川内川,川内川,,,77311,,,,,Flood Control River Maintenance Power Generation,MLIT Hydro DB (via OpenGov.jp),https://opengov.jp/en/geo/dam-reservoir/tsuruta/,2026-04-28 13:45:41,tsuruta,鹿児島県薩摩郡さつま町神子3988-2,2002-05-30,2026-04-28,8522,2026-04-28,16.4,16406,-3.2
JP_OPENGOV_unazuki,宇奈月ダム,宇奈月ダム,Japan,Toyama (富山),黒部川,黒部川,,,5252,,,,,Flood Control Water Supply Power Generation,MLIT Hydro DB (via OpenGov.jp),https://opengov.jp/en/geo/dam-reservoir/unazuki/,2026-04-28 13:45:41,unazuki,富山県黒部市宇奈月町音澤,2002-05-30,2026-04-28,8648,2026-04-28,89.1,4669,-9.1
JP_OPENGOV_urayama,浦山ダム,浦山ダム,Japan,Saitama (埼玉),浦山川,荒川,,,55984,,,,,Flood Control River Maintenance Water Supply Power Generation,MLIT Hydro DB (via OpenGov.jp),https://opengov.jp/en/geo/dam-reservoir/urayama/,2026-04-28 13:45:41,urayama,埼玉県秩父市荒川久那4041,2005-04-01,2026-04-28,7647,2026-04-28,47.7,26703,0.2
JP_OPENGOV_ure,宇連ダム,宇連ダム,Japan,Aichi (愛知),宇連川,豊川,,,28420,,,,,Irrigation Water Supply Industrial Water,MLIT Hydro DB (via OpenGov.jp),https://opengov.jp/en/geo/dam-reservoir/ure/,2026-04-28 13:45:41,ure,愛知県新城市川合字大嶋26,2005-04-01,2026-04-28,7082,2026-04-28,61.3,17406,2.7
JP_OPENGOV_wataraseyuusuichi,渡良瀬遊水地,渡良瀬遊水地,Japan,Saitama (埼玉),渡良瀬川,利根川,,,26384,,,,,Flood Control Water Supply,MLIT Hydro DB (via OpenGov.jp),https://opengov.jp/en/geo/dam-reservoir/wataraseyuusuichi/,2026-04-28 13:45:41,wataraseyuusuichi,埼玉県加須市柏戸345,2002-05-30,2026-04-28,8040,2026-04-28,47.8,12617,-0.6
JP_OPENGOV_yabakei,耶馬溪ダム,耶馬溪ダム,Japan,Oita (大分),山移川,山国川,,,9801,,,,,Flood Control River Maintenance Water Supply Industrial Water Power Generation,MLIT Hydro DB (via OpenGov.jp),https://opengov.jp/en/geo/dam-reservoir/yabakei/,2026-04-28 13:45:41,yabakei,大分県中津市耶馬渓町大字柿坂1806-6,2002-05-30,2026-04-28,8525,2026-04-28,94.4,9252,-0.2
JP_OPENGOV_yagisawa,矢木沢ダム,矢木沢ダム,Japan,Gunma (群馬),利根川,利根川,,,115537,,,,,Flood Control River Maintenance Irrigation Water Supply Power Generation,MLIT Hydro DB (via OpenGov.jp),https://opengov.jp/en/geo/dam-reservoir/yagisawa/,2026-04-28 13:45:41,yagisawa,群馬県利根郡みなかみ町藤原,2002-05-30,2026-04-28,8595,2026-04-28,96.5,111477,1.4
JP_OPENGOV_yahagi-1020,矢作ダム,矢作ダム,Japan,Aichi (愛知),矢作川,矢作川,,,64958,,,,,Flood Control River Maintenance Irrigation Water Supply Industrial Water Power Generation,MLIT Hydro DB (via OpenGov.jp),https://opengov.jp/en/geo/dam-reservoir/yahagi-1020/,2026-04-28 13:45:41,yahagi-1020,愛知県豊田市閑羅瀬町東畑67番地,2002-05-30,2016-03-31,4838,2016-03-31,63.9,41561,0.0
JP_OPENGOV_yanase,柳瀬ダム,柳瀬ダム,Japan,Ehime (愛媛),銅山川,吉野川,,,12200,,,,,Flood Control Irrigation Water Supply Industrial Water Power Generation,MLIT Hydro DB (via OpenGov.jp),https://opengov.jp/en/geo/dam-reservoir/yanase/,2026-04-28 13:45:41,yanase,愛媛県四国中央市金砂町小川山地先,2002-05-30,2026-04-28,8628,2026-04-28,164.6,20079,30.8
JP_OPENGOV_yokosekawa,横瀬川ダム,横瀬川ダム,Japan,Kochi (高知),横瀬川,渡川,,,3440,,,,,Flood Control River Maintenance Water Supply,MLIT Hydro DB (via OpenGov.jp),https://opengov.jp/en/geo/dam-reservoir/yokosekawa/,2026-04-28 13:45:41,yokosekawa,高知県宿毛市山奈町山田,2021-04-16,2026-04-28,1839,2026-04-28,49.2,1692,23.1
JP_OPENGOV_yokoyama,横山ダム,横山ダム,Japan,Gifu (岐阜),揖斐川,木曽川,,,30239,,,,,Flood Control River Maintenance Water Supply,MLIT Hydro DB (via OpenGov.jp),https://opengov.jp/en/geo/dam-reservoir/yokoyama/,2026-04-28 13:45:41,yokoyama,岐阜県揖斐郡揖斐川町東横山1330,2002-05-30,2026-04-28,8664,2026-04-28,48.1,14559,-8.7
JP_OPENGOV_yuda,湯田ダム,湯田ダム,Japan,Iwate (岩手),和賀川,北上川,,,74182,,,,,Flood Control Irrigation Power Generation,MLIT Hydro DB (via OpenGov.jp),https://opengov.jp/en/geo/dam-reservoir/yuda/,2026-04-28 13:45:41,yuda,岩手県和賀郡西和賀町杉名畑44地割162-15,2002-05-30,2026-04-28,8697,2026-04-28,87.0,64593,-4.8
JP_OPENGOV_yunishikawa,湯西川ダム,湯西川ダム,Japan,Tochigi (栃木),湯西川,利根川,,,71979,,,,,Flood Control River Maintenance Irrigation Water Supply Industrial Water,MLIT Hydro DB (via OpenGov.jp),https://opengov.jp/en/geo/dam-reservoir/yunishikawa/,2026-04-28 13:45:41,yunishikawa,栃木県日光市西川,2014-03-11,2026-04-28,4398,2026-04-28,75.1,54041,0.9
JP_OPENGOV_yuubarishuuparo,夕張シューパロダム,夕張シューパロダム,Japan,Hokkaido (北海道),夕張川,石狩川,,,314770,,,,,Flood Control River Maintenance Irrigation Water Supply Industrial Water Power Generation,MLIT Hydro DB (via OpenGov.jp),https://opengov.jp/en/geo/dam-reservoir/yuubarishuuparo/,2026-04-28 13:45:41,yuubarishuuparo,北海道夕張市南部青葉町,2020-06-30,2026-04-28,2129,2026-04-28,100.0,316507,0.0
