reservoir_id,reservoir_name,reservoir_name_en,country,admin_unit,river,basin,lat,lon,capacity_total (unit not published),dead_storage (unit not published),frl (m),dam_height (m),year_built,main_use,source_agency,source_url,data_type,last_updated
494,白盆珠,,China,广东,西枝江,珠江,,,,,,,,,MWR,http://xxfb.mwr.cn/sq_dxsk.html?v=1.0,in_situ,2026-07-09 23:39:14
495,上板桥,,China,广东,二渡河,珠江,,,,,,,,,MWR,http://xxfb.mwr.cn/sq_dxsk.html?v=1.0,in_situ,2026-07-09 23:39:14
496,七礤水库,,China,广东,东江,珠江,,,,,,,,,MWR,http://xxfb.mwr.cn/sq_dxsk.html?v=1.0,in_situ,2026-07-09 23:39:14
497,红花湖,,China,广东,东江,珠江,,,,,,,,,MWR,http://xxfb.mwr.cn/sq_dxsk.html?v=1.0,in_situ,2026-07-09 23:39:14
498,同沙,,China,广东,黄沙水,珠江,,,,,,,,,MWR,http://xxfb.mwr.cn/sq_dxsk.html?v=1.0,in_situ,2026-07-09 23:39:14
499,鸡心石,,China,广东,横岭水,珠江,,,,,,,,,MWR,http://xxfb.mwr.cn/sq_dxsk.html?v=1.0,in_situ,2026-07-09 23:39:14
500,稿树下,,China,广东,稿树下水,珠江,,,,,,,,,MWR,http://xxfb.mwr.cn/sq_dxsk.html?v=1.0,in_situ,2026-07-09 23:39:14
501,联和,,China,广东,里波水,珠江,,,,,,,,,MWR,http://xxfb.mwr.cn/sq_dxsk.html?v=1.0,in_situ,2026-07-09 23:39:14
502,天堂山,,China,广东,增江,珠江,,,,,,,,,MWR,http://xxfb.mwr.cn/sq_dxsk.html?v=1.0,in_situ,2026-07-09 23:39:14
503,流溪河,,China,广东,流溪河,流溪河,,,,,,,,,MWR,http://xxfb.mwr.cn/sq_dxsk.html?v=1.0,in_situ,2026-07-09 23:39:14
504,天湖,,China,广东,天湖水库水,流溪河,,,,,,,,,MWR,http://xxfb.mwr.cn/sq_dxsk.html?v=1.0,in_situ,2026-07-09 23:39:14
505,和龙,,China,广东,沙坑,流溪河,,,,,,,,,MWR,http://xxfb.mwr.cn/sq_dxsk.html?v=1.0,in_situ,2026-07-09 23:39:14
506,显岗,,China,广东,沙河,珠江,,,,,,,,,MWR,http://xxfb.mwr.cn/sq_dxsk.html?v=1.0,in_situ,2026-07-09 23:39:14
507,黄龙带,,China,广东,流溪河,流溪河,,,,,,,,,MWR,http://xxfb.mwr.cn/sq_dxsk.html?v=1.0,in_situ,2026-07-09 23:39:14
508,罗田,,China,广东,茅洲河,珠江,,,,,,,,,MWR,http://xxfb.mwr.cn/sq_dxsk.html?v=1.0,in_situ,2026-07-09 23:39:14
509,铁岗,,China,广东,西乡水,珠江,,,,,,,,,MWR,http://xxfb.mwr.cn/sq_dxsk.html?v=1.0,in_situ,2026-07-09 23:39:14
510,西沥,,China,广东,南头河,珠江,,,,,,,,,MWR,http://xxfb.mwr.cn/sq_dxsk.html?v=1.0,in_situ,2026-07-09 23:39:14
511,深圳,,China,广东,深圳水,珠江,,,,,,,,,MWR,http://xxfb.mwr.cn/sq_dxsk.html?v=1.0,in_situ,2026-07-09 23:39:14
512,梅林,,China,广东,新洲河,珠江,,,,,,,,,MWR,http://xxfb.mwr.cn/sq_dxsk.html?v=1.0,in_situ,2026-07-09 23:39:14
513,松子坑,,China,广东,龙岗河,珠江,,,,,,,,,MWR,http://xxfb.mwr.cn/sq_dxsk.html?v=1.0,in_situ,2026-07-09 23:39:14
514,宝鸭仔,,China,广东,莲塘水,珠江,,,,,,,,,MWR,http://xxfb.mwr.cn/sq_dxsk.html?v=1.0,in_situ,2026-07-09 23:39:14
515,四堡,,China,广东,沙坪水,珠江,,,,,,,,,MWR,http://xxfb.mwr.cn/sq_dxsk.html?v=1.0,in_situ,2026-07-09 23:39:14
516,长江,,China,广东,小隐涌,珠江,,,,,,,,,MWR,http://xxfb.mwr.cn/sq_dxsk.html?v=1.0,in_situ,2026-07-09 23:39:14
517,锦江,,China,广东,潭江,珠江,,,,,,,,,MWR,http://xxfb.mwr.cn/sq_dxsk.html?v=1.0,in_situ,2026-07-09 23:39:14
518,大沙河,,China,广东,鹤洲水,珠江,,,,,,,,,MWR,http://xxfb.mwr.cn/sq_dxsk.html?v=1.0,in_situ,2026-07-09 23:39:14
519,镇海,,China,广东,镇海水,珠江,,,,,,,,,MWR,http://xxfb.mwr.cn/sq_dxsk.html?v=1.0,in_situ,2026-07-09 23:39:14
520,大镜山,,China,广东,大镜山溪,珠江,,,,,,,,,MWR,http://xxfb.mwr.cn/sq_dxsk.html?v=1.0,in_situ,2026-07-09 23:39:14
521,益塘,,China,广东,五华河,韩江,,,,,,,,,MWR,http://xxfb.mwr.cn/sq_dxsk.html?v=1.0,in_situ,2026-07-09 23:39:14
522,和山岩,,China,广东,和山河,韩江,,,,,,,,,MWR,http://xxfb.mwr.cn/sq_dxsk.html?v=1.0,in_situ,2026-07-09 23:39:14
524,棉花滩水库,,China,福东,汀江,韩江,,,,,,,,,MWR,http://xxfb.mwr.cn/sq_dxsk.html?v=1.0,in_situ,2026-07-09 23:39:14
525,青溪,,China,广东,汀江,韩江,,,,,,,,,MWR,http://xxfb.mwr.cn/sq_dxsk.html?v=1.0,in_situ,2026-07-09 23:39:14
526,梅西,,China,广东,程江,韩江,,,,,,,,,MWR,http://xxfb.mwr.cn/sq_dxsk.html?v=1.0,in_situ,2026-07-09 23:39:14
527,凤溪,,China,广东,凤凰溪,韩江,,,,,,,,,MWR,http://xxfb.mwr.cn/sq_dxsk.html?v=1.0,in_situ,2026-07-09 23:39:14
529,龙颈（上）,,China,广东,五经富水,粤东沿海诸河,,,,,,,,,MWR,http://xxfb.mwr.cn/sq_dxsk.html?v=1.0,in_situ,2026-07-09 23:39:14
530,龙颈（下）,,China,广东,五经富水,粤东沿海诸河,,,,,,,,,MWR,http://xxfb.mwr.cn/sq_dxsk.html?v=1.0,in_situ,2026-07-09 23:39:14
531,小龙溪,,China,广东,小龙溪,粤东沿海诸河,,,,,,,,,MWR,http://xxfb.mwr.cn/sq_dxsk.html?v=1.0,in_situ,2026-07-09 23:39:14
532,龙溪一级,,China,广东,龙溪水,粤东沿海诸河,,,,,,,,,MWR,http://xxfb.mwr.cn/sq_dxsk.html?v=1.0,in_situ,2026-07-09 23:39:14
533,龙溪二级,,China,广东,龙溪水,粤东沿海诸河,,,,,,,,,MWR,http://xxfb.mwr.cn/sq_dxsk.html?v=1.0,in_situ,2026-07-09 23:39:14
534,红场,,China,广东,锣鼓水,粤东沿海诸河,,,,,,,,,MWR,http://xxfb.mwr.cn/sq_dxsk.html?v=1.0,in_situ,2026-07-09 23:39:14
535,上金溪,,China,广东,金溪河,粤东沿海诸河,,,,,,,,,MWR,http://xxfb.mwr.cn/sq_dxsk.html?v=1.0,in_situ,2026-07-09 23:39:14
536,上三坑,,China,广东,三坑溪,粤东沿海诸河,,,,,,,,,MWR,http://xxfb.mwr.cn/sq_dxsk.html?v=1.0,in_situ,2026-07-09 23:39:14
537,白沙溪,,China,广东,练江,粤东沿海诸河,,,,,,,,,MWR,http://xxfb.mwr.cn/sq_dxsk.html?v=1.0,in_situ,2026-07-09 23:39:14
538,镇北,,China,广东,雷岭河,粤东沿海诸河,,,,,,,,,MWR,http://xxfb.mwr.cn/sq_dxsk.html?v=1.0,in_situ,2026-07-09 23:39:14
539,蜈蚣岭,,China,广东,雷岭河,粤东沿海诸河,,,,,,,,,MWR,http://xxfb.mwr.cn/sq_dxsk.html?v=1.0,in_situ,2026-07-09 23:39:14
540,朝面山,,China,广东,黄江,粤东沿海诸河,,,,,,,,,MWR,http://xxfb.mwr.cn/sq_dxsk.html?v=1.0,in_situ,2026-07-09 23:39:14
541,横江,,China,广东,横江水,粤东沿海诸河,,,,,,,,,MWR,http://xxfb.mwr.cn/sq_dxsk.html?v=1.0,in_situ,2026-07-09 23:39:14
542,汤坑,,China,广东,练江,粤东沿海诸河,,,,,,,,,MWR,http://xxfb.mwr.cn/sq_dxsk.html?v=1.0,in_situ,2026-07-09 23:39:14
543,秋风岭,,China,广东,练江,粤东沿海诸河,,,,,,,,,MWR,http://xxfb.mwr.cn/sq_dxsk.html?v=1.0,in_situ,2026-07-09 23:39:14
544,龙潭,,China,广东,龙江,粤东沿海诸河,,,,,,,,,MWR,http://xxfb.mwr.cn/sq_dxsk.html?v=1.0,in_situ,2026-07-09 23:39:14
545,石榴潭,,China,广东,罗溪,粤东沿海诸河,,,,,,,,,MWR,http://xxfb.mwr.cn/sq_dxsk.html?v=1.0,in_situ,2026-07-09 23:39:14
547,公平,,China,广东,黄江,粤东沿海诸河,,,,,,,,,MWR,http://xxfb.mwr.cn/sq_dxsk.html?v=1.0,in_situ,2026-07-09 23:39:14
548,黄山洞,,China,广东,大液河,粤东沿海诸河,,,,,,,,,MWR,http://xxfb.mwr.cn/sq_dxsk.html?v=1.0,in_situ,2026-07-09 23:39:14
549,新西河,,China,广东,新西河,粤东沿海诸河,,,,,,,,,MWR,http://xxfb.mwr.cn/sq_dxsk.html?v=1.0,in_situ,2026-07-09 23:39:14
550,大隆洞,,China,广东,大隆洞河,珠江,,,,,,,,,MWR,http://xxfb.mwr.cn/sq_dxsk.html?v=1.0,in_situ,2026-07-09 23:39:14
552,高城,,China,广东,小水河,鉴江,,,,,,,,,MWR,http://xxfb.mwr.cn/sq_dxsk.html?v=1.0,in_situ,2026-07-09 23:39:14
553,尚文,,China,广东,六雅河,鉴江,,,,,,,,,MWR,http://xxfb.mwr.cn/sq_dxsk.html?v=1.0,in_situ,2026-07-09 23:39:14
554,良德水库（大坝）,,China,广东,大井河,鉴江,,,,,,,,,MWR,http://xxfb.mwr.cn/sq_dxsk.html?v=1.0,in_situ,2026-07-09 23:39:14
555,罗坑,,China,广东,庙背水,鉴江,,,,,,,,,MWR,http://xxfb.mwr.cn/sq_dxsk.html?v=1.0,in_situ,2026-07-09 23:39:14
556,黄沙,,China,广东,袂花江,鉴江,,,,,,,,,MWR,http://xxfb.mwr.cn/sq_dxsk.html?v=1.0,in_situ,2026-07-09 23:39:14
557,西湖,,China,广东,东运河,粤西沿海诸河,,,,,,,,,MWR,http://xxfb.mwr.cn/sq_dxsk.html?v=1.0,in_situ,2026-07-09 23:39:14
558,龙门,,China,广东,龙门河,粤西沿海诸河,,,,,,,,,MWR,http://xxfb.mwr.cn/sq_dxsk.html?v=1.0,in_situ,2026-07-09 23:39:14
559,大水桥,,China,广东,大水桥河,粤西沿海诸河,,,,,,,,,MWR,http://xxfb.mwr.cn/sq_dxsk.html?v=1.0,in_situ,2026-07-09 23:39:14
560,鹤地水库（大坝）,,China,广东,九洲江,粤西沿海诸河,,,,,,,,,MWR,http://xxfb.mwr.cn/sq_dxsk.html?v=1.0,in_situ,2026-07-09 23:39:14
561,武陵,,China,广东,武陵河,粤西沿海诸河,,,,,,,,,MWR,http://xxfb.mwr.cn/sq_dxsk.html?v=1.0,in_situ,2026-07-09 23:39:14
562,岭背下,,China,广东,沙铲河,粤西沿海诸河,,,,,,,,,MWR,http://xxfb.mwr.cn/sq_dxsk.html?v=1.0,in_situ,2026-07-09 23:39:14
563,仙人域,,China,广东,沙铲河,粤西沿海诸河,,,,,,,,,MWR,http://xxfb.mwr.cn/sq_dxsk.html?v=1.0,in_situ,2026-07-09 23:39:14
564,北河,,China,广东,漠阳江,珠江,,,,,,,,,MWR,http://xxfb.mwr.cn/sq_dxsk.html?v=1.0,in_situ,2026-07-09 23:39:14
565,东湖,,China,广东,那龙河,珠江,,,,,,,,,MWR,http://xxfb.mwr.cn/sq_dxsk.html?v=1.0,in_situ,2026-07-09 23:39:14
566,茅垌,,China,广东,洋边河,珠江,,,,,,,,,MWR,http://xxfb.mwr.cn/sq_dxsk.html?v=1.0,in_situ,2026-07-09 23:39:14
567,陂底,,China,广东,儒洞河,珠江,,,,,,,,,MWR,http://xxfb.mwr.cn/sq_dxsk.html?v=1.0,in_situ,2026-07-09 23:39:14
568,松涛水库（南丰）,,China,海南,南渡江,南渡江,,,,,,,,,MWR,http://xxfb.mwr.cn/sq_dxsk.html?v=1.0,in_situ,2026-07-09 23:39:14
569,牛路岭水库,,China,海南,万泉河,万泉河,,,,,,,,,MWR,http://xxfb.mwr.cn/sq_dxsk.html?v=1.0,in_situ,2026-07-09 23:39:14
570,万宁水库（大坝）,,China,海南,太阳河,太阳河,,,,,,,,,MWR,http://xxfb.mwr.cn/sq_dxsk.html?v=1.0,in_situ,2026-07-09 23:39:14
571,赤田水库,,China,海南,藤桥西河,藤桥河,,,,,,,,,MWR,http://xxfb.mwr.cn/sq_dxsk.html?v=1.0,in_situ,2026-07-09 23:39:14
572,福万水库,,China,海南,三亚河,三亚河,,,,,,,,,MWR,http://xxfb.mwr.cn/sq_dxsk.html?v=1.0,in_situ,2026-07-09 23:39:14
573,半岭水库,,China,海南,三亚河,三亚河,,,,,,,,,MWR,http://xxfb.mwr.cn/sq_dxsk.html?v=1.0,in_situ,2026-07-09 23:39:14
574,水源池水库,,China,海南,三亚河,三亚河,,,,,,,,,MWR,http://xxfb.mwr.cn/sq_dxsk.html?v=1.0,in_situ,2026-07-09 23:39:14
575,抱古水库,,China,海南,宁远河,宁远河,,,,,,,,,MWR,http://xxfb.mwr.cn/sq_dxsk.html?v=1.0,in_situ,2026-07-09 23:39:14
576,大隆水库,,China,海南,宁远河,宁远河,,,,,,,,,MWR,http://xxfb.mwr.cn/sq_dxsk.html?v=1.0,in_situ,2026-07-09 23:39:14
577,长茅水库,,China,海南,望楼河,望楼河,,,,,,,,,MWR,http://xxfb.mwr.cn/sq_dxsk.html?v=1.0,in_situ,2026-07-09 23:39:14
578,石门水库,,China,海南,望楼河,望楼河,,,,,,,,,MWR,http://xxfb.mwr.cn/sq_dxsk.html?v=1.0,in_situ,2026-07-09 23:39:14
579,高坡岭水库,,China,海南,罗带河,罗带河,,,,,,,,,MWR,http://xxfb.mwr.cn/sq_dxsk.html?v=1.0,in_situ,2026-07-09 23:39:14
580,大广坝水库,,China,海南,昌化江,昌化江,,,,,,,,,MWR,http://xxfb.mwr.cn/sq_dxsk.html?v=1.0,in_situ,2026-07-09 23:39:14
581,石碌水库,,China,海南,石碌河,昌化江,,,,,,,,,MWR,http://xxfb.mwr.cn/sq_dxsk.html?v=1.0,in_situ,2026-07-09 23:39:14
441,亭下水库,,China,浙江,剡江,浙闽台河流,,,,,,,,,MWR,http://xxfb.mwr.cn/sq_dxsk.html?v=1.0,in_situ,2026-07-09 23:39:14
234,马河水库,,China,山东,北沙河,淮河,,,,,,,,,MWR,http://xxfb.mwr.cn/sq_dxsk.html?v=1.0,in_situ,2026-07-09 23:39:14
236,周村水库,,China,山东,西加河,淮河,,,,,,,,,MWR,http://xxfb.mwr.cn/sq_dxsk.html?v=1.0,in_situ,2026-07-09 23:39:14
29,宿鸭湖,,China,河南,汝河,淮河,,,,,,,,,MWR,http://xxfb.mwr.cn/sq_dxsk.html?v=1.0,in_situ,2026-07-09 23:39:14
60,瓦房城水库,,China,甘肃,大堵马河,内陆河,,,,,,,,,MWR,http://xxfb.mwr.cn/sq_dxsk.html?v=1.0,in_situ,2026-07-09 23:39:14
103,东武仕水库（坝上）,,China,河北,滏阳河,海河,,,,,,,,,MWR,http://xxfb.mwr.cn/sq_dxsk.html?v=1.0,in_situ,2026-07-09 23:39:14
110,石门水库,,China,河南,石门河,海河,,,,,,,,,MWR,http://xxfb.mwr.cn/sq_dxsk.html?v=1.0,in_situ,2026-07-09 23:39:14
112,塔岗,,China,河南,沧河,海河,,,,,,,,,MWR,http://xxfb.mwr.cn/sq_dxsk.html?v=1.0,in_situ,2026-07-09 23:39:14
118,彰武,,China,河南,安阳河,海河,,,,,,,,,MWR,http://xxfb.mwr.cn/sq_dxsk.html?v=1.0,in_situ,2026-07-09 23:39:14
132,大南河,,China,青海,大南河河,黄河,,,,,,,,,MWR,http://xxfb.mwr.cn/sq_dxsk.html?v=1.0,in_situ,2026-07-09 23:39:14
1,白山,,China,吉林,松花江吉林段,松花江流域,,,,,,,,,MWR,http://xxfb.mwr.cn/sq_dxsk.html?v=1.0,in_situ,2026-07-09 23:39:14
3,尼尔基坝上,,China,黑龙江,嫩江,黑龙江流域,,,,,,,,,MWR,http://xxfb.mwr.cn/sq_dxsk.html?v=1.0,in_situ,2026-07-09 23:39:14
4,察尔森上,,China,内蒙古,洮儿河,黑龙江流域,,,,,,,,,MWR,http://xxfb.mwr.cn/sq_dxsk.html?v=1.0,in_situ,2026-07-09 23:39:14
5,月亮湖,,China,吉林,洮儿河,嫩江,,,,,,,,,MWR,http://xxfb.mwr.cn/sq_dxsk.html?v=1.0,in_situ,2026-07-09 23:39:14
6,二龙山,,China,吉林,东辽河,辽河,,,,,,,,,MWR,http://xxfb.mwr.cn/sq_dxsk.html?v=1.0,in_situ,2026-07-09 23:39:14
7,柴河水库,,China,辽宁,柴河,辽河,,,,,,,,,MWR,http://xxfb.mwr.cn/sq_dxsk.html?v=1.0,in_situ,2026-07-09 23:39:14
8,清河水库,,China,辽宁,清河,辽河,,,,,,,,,MWR,http://xxfb.mwr.cn/sq_dxsk.html?v=1.0,in_situ,2026-07-09 23:39:14
9,闹德海,,China,辽宁,柳河,辽河,,,,,,,,,MWR,http://xxfb.mwr.cn/sq_dxsk.html?v=1.0,in_situ,2026-07-09 23:39:14
10,大伙房水库,,China,辽宁,浑河,辽河,,,,,,,,,MWR,http://xxfb.mwr.cn/sq_dxsk.html?v=1.0,in_situ,2026-07-09 23:39:14
11,观音阁水库,,China,辽宁,太子河,辽河,,,,,,,,,MWR,http://xxfb.mwr.cn/sq_dxsk.html?v=1.0,in_situ,2026-07-09 23:39:14
12,参窝水库,,China,辽宁,太子河,辽河,,,,,,,,,MWR,http://xxfb.mwr.cn/sq_dxsk.html?v=1.0,in_situ,2026-07-09 23:39:14
13,潘家口,,China,海委,滦河,海河流域,,,,,,,,,MWR,http://xxfb.mwr.cn/sq_dxsk.html?v=1.0,in_situ,2026-07-09 23:39:14
14,大黑汀,,China,海委,滦河,海河流域,,,,,,,,,MWR,http://xxfb.mwr.cn/sq_dxsk.html?v=1.0,in_situ,2026-07-09 23:39:14
15,桃林口水库,,China,河北,青龙河,海河,,,,,,,,,MWR,http://xxfb.mwr.cn/sq_dxsk.html?v=1.0,in_situ,2026-07-09 23:39:14
16,新安,,China,河北,白洋淀,海河,,,,,,,,,MWR,http://xxfb.mwr.cn/sq_dxsk.html?v=1.0,in_situ,2026-07-09 23:39:14
17,端村,,China,河北,白洋淀,海河,,,,,,,,,MWR,http://xxfb.mwr.cn/sq_dxsk.html?v=1.0,in_situ,2026-07-09 23:39:14
18,王家寨,,China,河北,白洋淀,海河,,,,,,,,,MWR,http://xxfb.mwr.cn/sq_dxsk.html?v=1.0,in_situ,2026-07-09 23:39:14
19,密云白河坝上,,China,北京,白河,海河,,,,,,,,,MWR,http://xxfb.mwr.cn/sq_dxsk.html?v=1.0,in_situ,2026-07-09 23:39:14
20,官厅水库,,China,北京,永定河,海河,,,,,,,,,MWR,http://xxfb.mwr.cn/sq_dxsk.html?v=1.0,in_situ,2026-07-09 23:39:14
21,十方院（白）（堰上）,,China,河北,白洋淀,海河,,,,,,,,,MWR,http://xxfb.mwr.cn/sq_dxsk.html?v=1.0,in_situ,2026-07-09 23:39:14
22,岗南水库（坝上）,,China,河北,滹沱河,海河,,,,,,,,,MWR,http://xxfb.mwr.cn/sq_dxsk.html?v=1.0,in_situ,2026-07-09 23:39:14
23,黄壁庄水库（坝上）,,China,河北,滹沱河,海河,,,,,,,,,MWR,http://xxfb.mwr.cn/sq_dxsk.html?v=1.0,in_situ,2026-07-09 23:39:14
24,山城水库（坝上）,,China,海委,漳河,海河流域,,,,,,,,,MWR,http://xxfb.mwr.cn/sq_dxsk.html?v=1.0,in_situ,2026-07-09 23:39:14
25,小浪底水库,,China,河南,黄河,黄河,,,,,,,,,MWR,http://xxfb.mwr.cn/sq_dxsk.html?v=1.0,in_situ,2026-07-09 23:39:14
26,安丰塘,,China,安东,淠东干渠,淮河,,,,,,,,,MWR,http://xxfb.mwr.cn/sq_dxsk.html?v=1.0,in_situ,2026-07-09 23:39:14
27,南湾,,China,河南,浉河,淮河,,,,,,,,,MWR,http://xxfb.mwr.cn/sq_dxsk.html?v=1.0,in_situ,2026-07-09 23:39:14
28,板桥,,China,河南,汝河,淮河,,,,,,,,,MWR,http://xxfb.mwr.cn/sq_dxsk.html?v=1.0,in_situ,2026-07-09 23:39:14
30,鲇鱼山,,China,河南,灌河,淮河,,,,,,,,,MWR,http://xxfb.mwr.cn/sq_dxsk.html?v=1.0,in_situ,2026-07-09 23:39:14
31,昭平台,,China,河南,沙河,淮河,,,,,,,,,MWR,http://xxfb.mwr.cn/sq_dxsk.html?v=1.0,in_situ,2026-07-09 23:39:14
32,白强山,,China,河南,沙河,淮河,,,,,,,,,MWR,http://xxfb.mwr.cn/sq_dxsk.html?v=1.0,in_situ,2026-07-09 23:39:14
33,洪泽湖,,China,江北,洪泽湖,淮河,,,,,,,,,MWR,http://xxfb.mwr.cn/sq_dxsk.html?v=1.0,in_situ,2026-07-09 23:39:14
34,骆马湖水库,,China,江北,骆马湖,淮河,,,,,,,,,MWR,http://xxfb.mwr.cn/sq_dxsk.html?v=1.0,in_situ,2026-07-09 23:39:14
35,石梁河水库,,China,江北,新沭河,淮河,,,,,,,,,MWR,http://xxfb.mwr.cn/sq_dxsk.html?v=1.0,in_situ,2026-07-09 23:39:14
36,三峡,,China,湖北,长江,长江,,,,,,,,,MWR,http://xxfb.mwr.cn/sq_dxsk.html?v=1.0,in_situ,2026-07-09 23:39:14
37,寺坪,,China,湖北,南河,长江,,,,,,,,,MWR,http://xxfb.mwr.cn/sq_dxsk.html?v=1.0,in_situ,2026-07-09 23:39:14
38,马桥,,China,湖北,粉青河,长江,,,,,,,,,MWR,http://xxfb.mwr.cn/sq_dxsk.html?v=1.0,in_situ,2026-07-09 23:39:14
39,黑清河,,China,湖北,黑清河,长江,,,,,,,,,MWR,http://xxfb.mwr.cn/sq_dxsk.html?v=1.0,in_situ,2026-07-09 23:39:14
40,柘溪,,China,湖南,资水,长江,,,,,,,,,MWR,http://xxfb.mwr.cn/sq_dxsk.html?v=1.0,in_situ,2026-07-09 23:39:14
41,五强溪,,China,湖南,沅水,长江,,,,,,,,,MWR,http://xxfb.mwr.cn/sq_dxsk.html?v=1.0,in_situ,2026-07-09 23:39:14
42,凤滩,,China,湖南,酉水,长江,,,,,,,,,MWR,http://xxfb.mwr.cn/sq_dxsk.html?v=1.0,in_situ,2026-07-09 23:39:14
43,江亚,,China,湖南,溇水,长江,,,,,,,,,MWR,http://xxfb.mwr.cn/sq_dxsk.html?v=1.0,in_situ,2026-07-09 23:39:14
44,富水,,China,湖北,富水,长江,,,,,,,,,MWR,http://xxfb.mwr.cn/sq_dxsk.html?v=1.0,in_situ,2026-07-09 23:39:14
45,白莲河,,China,湖北,浠水,长江,,,,,,,,,MWR,http://xxfb.mwr.cn/sq_dxsk.html?v=1.0,in_situ,2026-07-09 23:39:14
46,陆水水库,,China,湖北,陆水,长江,,,,,,,,,MWR,http://xxfb.mwr.cn/sq_dxsk.html?v=1.0,in_situ,2026-07-09 23:39:14
47,石泉,,China,陕西,汉江,长江,,,,,,,,,MWR,http://xxfb.mwr.cn/sq_dxsk.html?v=1.0,in_situ,2026-07-09 23:39:14
48,安康库,,China,陕西,汉江,长江,,,,,,,,,MWR,http://xxfb.mwr.cn/sq_dxsk.html?v=1.0,in_situ,2026-07-09 23:39:14
49,丹江口水库,,China,湖北,汉江,长江,,,,,,,,,MWR,http://xxfb.mwr.cn/sq_dxsk.html?v=1.0,in_situ,2026-07-09 23:39:14
50,万安水库,,China,江西,赣江,长江流域,,,,,,,,,MWR,http://xxfb.mwr.cn/sq_dxsk.html?v=1.0,in_situ,2026-07-09 23:39:14
51,廖坊,,China,江西,抚河,长江流域,,,,,,,,,MWR,http://xxfb.mwr.cn/sq_dxsk.html?v=1.0,in_situ,2026-07-09 23:39:14
52,柘林,,China,江西,修河,长江,,,,,,,,,MWR,http://xxfb.mwr.cn/sq_dxsk.html?v=1.0,in_situ,2026-07-09 23:39:14
53,黑石山,,China,青海,巴音河,内陆,,,,,,,,,MWR,http://xxfb.mwr.cn/sq_dxsk.html?v=1.0,in_situ,2026-07-09 23:39:14
54,温泉,,China,青海,雪水河,内陆河,,,,,,,,,MWR,http://xxfb.mwr.cn/sq_dxsk.html?v=1.0,in_situ,2026-07-09 23:39:14
55,双塔堡水库（坝上）,,China,甘肃,洪玉河,内陆河,,,,,,,,,MWR,http://xxfb.mwr.cn/sq_dxsk.html?v=1.0,in_situ,2026-07-09 23:39:14
56,党河水库（坝上）,,China,甘肃,党河,内陆河,,,,,,,,,MWR,http://xxfb.mwr.cn/sq_dxsk.html?v=1.0,in_situ,2026-07-09 23:39:14
57,寺桥水库（坝上）,,China,甘肃,马营河,内陆河,,,,,,,,,MWR,http://xxfb.mwr.cn/sq_dxsk.html?v=1.0,in_situ,2026-07-09 23:39:14
59,双树寺水库,,China,甘肃,洪水河,内陆河,,,,,,,,,MWR,http://xxfb.mwr.cn/sq_dxsk.html?v=1.0,in_situ,2026-07-09 23:39:14
61,鸳鸯池水库（坝上）,,China,甘肃,伊逊河,内陆河,,,,,,,,,MWR,http://xxfb.mwr.cn/sq_dxsk.html?v=1.0,in_situ,2026-07-09 23:39:14
62,红山山水库（坝上）,,China,甘肃,石羊河,内陆河,,,,,,,,,MWR,http://xxfb.mwr.cn/sq_dxsk.html?v=1.0,in_situ,2026-07-09 23:39:14
63,水口水库,,China,福东,闽江,闽江,,,,,,,,,MWR,http://xxfb.mwr.cn/sq_dxsk.html?v=1.0,in_situ,2026-07-09 23:39:14
65,庙宫水库,,China,河北,伊逊河,海河,,,,,,,,,MWR,http://xxfb.mwr.cn/sq_dxsk.html?v=1.0,in_situ,2026-07-09 23:39:14
67,洋河水库,,China,河北,洋河,海河,,,,,,,,,MWR,http://xxfb.mwr.cn/sq_dxsk.html?v=1.0,in_situ,2026-07-09 23:39:14
68,陡河水库（坝上）,,China,河北,陡河,海河,,,,,,,,,MWR,http://xxfb.mwr.cn/sq_dxsk.html?v=1.0,in_situ,2026-07-09 23:39:14
69,黄白桥上,,China,天京,潮白新河,海河,,,,,,,,,MWR,http://xxfb.mwr.cn/sq_dxsk.html?v=1.0,in_situ,2026-07-09 23:39:14
70,宁车水上,,China,天京,潮白新河,海河,,,,,,,,,MWR,http://xxfb.mwr.cn/sq_dxsk.html?v=1.0,in_situ,2026-07-09 23:39:14
71,云北水库（坝上）,,China,河北,白河,海河,,,,,,,,,MWR,http://xxfb.mwr.cn/sq_dxsk.html?v=1.0,in_situ,2026-07-09 23:39:14
72,白河堡,,China,北京,白河,海河,,,,,,,,,MWR,http://xxfb.mwr.cn/sq_dxsk.html?v=1.0,in_situ,2026-07-09 23:39:14
73,半城子水库,,China,北京,红牛河,海河,,,,,,,,,MWR,http://xxfb.mwr.cn/sq_dxsk.html?v=1.0,in_situ,2026-07-09 23:39:14
75,遥桥峪水库,,China,北京,安达木河,海河,,,,,,,,,MWR,http://xxfb.mwr.cn/sq_dxsk.html?v=1.0,in_situ,2026-07-09 23:39:14
76,沙厂水库,,China,北京,红门河,海河,,,,,,,,,MWR,http://xxfb.mwr.cn/sq_dxsk.html?v=1.0,in_situ,2026-07-09 23:39:14
77,怀柔水库,,China,北京,怀河,海河,,,,,,,,,MWR,http://xxfb.mwr.cn/sq_dxsk.html?v=1.0,in_situ,2026-07-09 23:39:14
78,北台上水库,,China,北京,雁栖河,海河,,,,,,,,,MWR,http://xxfb.mwr.cn/sq_dxsk.html?v=1.0,in_situ,2026-07-09 23:39:14
79,大水峪水库,,China,北京,沙河,海河,,,,,,,,,MWR,http://xxfb.mwr.cn/sq_dxsk.html?v=1.0,in_situ,2026-07-09 23:39:14
80,海子水库,,China,北京,泃河,海河,,,,,,,,,MWR,http://xxfb.mwr.cn/sq_dxsk.html?v=1.0,in_situ,2026-07-09 23:39:14
81,黄松峪水库,,China,北京,泃河,海河,,,,,,,,,MWR,http://xxfb.mwr.cn/sq_dxsk.html?v=1.0,in_situ,2026-07-09 23:39:14
82,西峪水库,,China,北京,泃河,海河,,,,,,,,,MWR,http://xxfb.mwr.cn/sq_dxsk.html?v=1.0,in_situ,2026-07-09 23:39:14
83,于桥坝上,,China,天京,北河,海河,,,,,,,,,MWR,http://xxfb.mwr.cn/sq_dxsk.html?v=1.0,in_situ,2026-07-09 23:39:14
84,邱庄水库（坝上）,,China,河北,东乡河,海河,,,,,,,,,MWR,http://xxfb.mwr.cn/sq_dxsk.html?v=1.0,in_situ,2026-07-09 23:39:14
86,十三陵水库,,China,北京,温榆河,海河,,,,,,,,,MWR,http://xxfb.mwr.cn/sq_dxsk.html?v=1.0,in_situ,2026-07-09 23:39:14
87,十三陵水库上池,,China,北京,东沙河,海河,,,,,,,,,MWR,http://xxfb.mwr.cn/sq_dxsk.html?v=1.0,in_situ,2026-07-09 23:39:14
88,桃峪口水库,,China,北京,温榆河,海河,,,,,,,,,MWR,http://xxfb.mwr.cn/sq_dxsk.html?v=1.0,in_situ,2026-07-09 23:39:14
89,大宁水库,,China,北京,小清河,海河,,,,,,,,,MWR,http://xxfb.mwr.cn/sq_dxsk.html?v=1.0,in_situ,2026-07-09 23:39:14
90,册田,,China,山西,中干河,海河,,,,,,,,,MWR,http://xxfb.mwr.cn/sq_dxsk.html?v=1.0,in_situ,2026-07-09 23:39:14
91,斋堂水库,,China,北京,清水河,海河,,,,,,,,,MWR,http://xxfb.mwr.cn/sq_dxsk.html?v=1.0,in_situ,2026-07-09 23:39:14
92,安格庄水库,,China,河北,马易水,海河,,,,,,,,,MWR,http://xxfb.mwr.cn/sq_dxsk.html?v=1.0,in_situ,2026-07-09 23:39:14
93,旺隆,,China,河北,北易水,海河,,,,,,,,,MWR,http://xxfb.mwr.cn/sq_dxsk.html?v=1.0,in_situ,2026-07-09 23:39:14
94,马头,,China,河北,马头沟,海河,,,,,,,,,MWR,http://xxfb.mwr.cn/sq_dxsk.html?v=1.0,in_situ,2026-07-09 23:39:14
95,西累子,,China,河北,垒子河,海河,,,,,,,,,MWR,http://xxfb.mwr.cn/sq_dxsk.html?v=1.0,in_situ,2026-07-09 23:39:14
96,王青水库,,China,北京,刺猬河,海河,,,,,,,,,MWR,http://xxfb.mwr.cn/sq_dxsk.html?v=1.0,in_situ,2026-07-09 23:39:14
97,横山岭水库（坝上）,,China,河北,郜河,海河,,,,,,,,,MWR,http://xxfb.mwr.cn/sq_dxsk.html?v=1.0,in_situ,2026-07-09 23:39:14
98,王快水库,,China,河北,沙河,海河,,,,,,,,,MWR,http://xxfb.mwr.cn/sq_dxsk.html?v=1.0,in_situ,2026-07-09 23:39:14
99,口头水库,,China,河北,界河,海河,,,,,,,,,MWR,http://xxfb.mwr.cn/sq_dxsk.html?v=1.0,in_situ,2026-07-09 23:39:14
100,西大洋水库,,China,河北,唐河,海河,,,,,,,,,MWR,http://xxfb.mwr.cn/sq_dxsk.html?v=1.0,in_situ,2026-07-09 23:39:14
101,龙潭,,China,河北,界河,海河,,,,,,,,,MWR,http://xxfb.mwr.cn/sq_dxsk.html?v=1.0,in_situ,2026-07-09 23:39:14
102,龙门水库,,China,河北,沙河,海河,,,,,,,,,MWR,http://xxfb.mwr.cn/sq_dxsk.html?v=1.0,in_situ,2026-07-09 23:39:14
104,明沟门水库,,China,河北,沙河,海河,,,,,,,,,MWR,http://xxfb.mwr.cn/sq_dxsk.html?v=1.0,in_situ,2026-07-09 23:39:14
105,朱庄水库,,China,河北,沙河,海河,,,,,,,,,MWR,http://xxfb.mwr.cn/sq_dxsk.html?v=1.0,in_situ,2026-07-09 23:39:14
106,临城水库,,China,河北,黄河,海河,,,,,,,,,MWR,http://xxfb.mwr.cn/sq_dxsk.html?v=1.0,in_situ,2026-07-09 23:39:14
107,宝庄,,China,山西,松溪河,海河,,,,,,,,,MWR,http://xxfb.mwr.cn/sq_dxsk.html?v=1.0,in_situ,2026-07-09 23:39:14
108,团泊洼水库,,China,天京,团泊洼,海河,,,,,,,,,MWR,http://xxfb.mwr.cn/sq_dxsk.html?v=1.0,in_situ,2026-07-09 23:39:14
109,宝泉,,China,河南,浙河,海河,,,,,,,,,MWR,http://xxfb.mwr.cn/sq_dxsk.html?v=1.0,in_situ,2026-07-09 23:39:14
111,狮豹头,,China,河南,沧河,海河,,,,,,,,,MWR,http://xxfb.mwr.cn/sq_dxsk.html?v=1.0,in_situ,2026-07-09 23:39:14
114,弓上,,China,河南,通河,海河,,,,,,,,,MWR,http://xxfb.mwr.cn/sq_dxsk.html?v=1.0,in_situ,2026-07-09 23:39:14
115,汤河,,China,河南,汤河,海河,,,,,,,,,MWR,http://xxfb.mwr.cn/sq_dxsk.html?v=1.0,in_situ,2026-07-09 23:39:14
116,琵琶寺,,China,河南,黄河,海河,,,,,,,,,MWR,http://xxfb.mwr.cn/sq_dxsk.html?v=1.0,in_situ,2026-07-09 23:39:14
117,小南海,,China,河南,安阳河,海河,,,,,,,,,MWR,http://xxfb.mwr.cn/sq_dxsk.html?v=1.0,in_situ,2026-07-09 23:39:14
119,双泉,,China,河南,粉红江,海河,,,,,,,,,MWR,http://xxfb.mwr.cn/sq_dxsk.html?v=1.0,in_situ,2026-07-09 23:39:14
120,南谷洞,,China,河南,露水河,海河,,,,,,,,,MWR,http://xxfb.mwr.cn/sq_dxsk.html?v=1.0,in_situ,2026-07-09 23:39:14
121,漳泽水库,,China,山西,浊漳河南源,海河,,,,,,,,,MWR,http://xxfb.mwr.cn/sq_dxsk.html?v=1.0,in_situ,2026-07-09 23:39:14
123,关河水库,,China,山西,浊漳河北源,海河,,,,,,,,,MWR,http://xxfb.mwr.cn/sq_dxsk.html?v=1.0,in_situ,2026-07-09 23:39:14
124,石匣,,China,山西,清漳西源,海河,,,,,,,,,MWR,http://xxfb.mwr.cn/sq_dxsk.html?v=1.0,in_situ,2026-07-09 23:39:14
125,龙羊峡,,China,青海,黄河,黄河,,,,,,,,,MWR,http://xxfb.mwr.cn/sq_dxsk.html?v=1.0,in_situ,2026-07-09 23:39:14
126,青家峡水库,,China,甘肃,黄河,黄河,,,,,,,,,MWR,http://xxfb.mwr.cn/sq_dxsk.html?v=1.0,in_situ,2026-07-09 23:39:14
127,青铜峡水库,,China,宁西,黄河,黄河,,,,,,,,,MWR,http://xxfb.mwr.cn/sq_dxsk.html?v=1.0,in_situ,2026-07-09 23:39:14
128,万家寨上,,China,山西,黄河,黄河,,,,,,,,,MWR,http://xxfb.mwr.cn/sq_dxsk.html?v=1.0,in_situ,2026-07-09 23:39:14
129,天桥上,,China,山西,黄河,黄河,,,,,,,,,MWR,http://xxfb.mwr.cn/sq_dxsk.html?v=1.0,in_situ,2026-07-09 23:39:14
130,史家滩,,China,河南,黄河,黄河,,,,,,,,,MWR,http://xxfb.mwr.cn/sq_dxsk.html?v=1.0,in_situ,2026-07-09 23:39:14
131,东大滩,,China,青海,巴燕河,黄河,,,,,,,,,MWR,http://xxfb.mwr.cn/sq_dxsk.html?v=1.0,in_situ,2026-07-09 23:39:14
133,王瑶,,China,陕西,榆子河,黄河,,,,,,,,,MWR,http://xxfb.mwr.cn/sq_dxsk.html?v=1.0,in_situ,2026-07-09 23:39:14
134,小头山,,China,陕西,西汾河,黄河,,,,,,,,,MWR,http://xxfb.mwr.cn/sq_dxsk.html?v=1.0,in_situ,2026-07-09 23:39:14
135,河口庙,,China,陕西,汾河,黄河,,,,,,,,,MWR,http://xxfb.mwr.cn/sq_dxsk.html?v=1.0,in_situ,2026-07-09 23:39:14
137,尤家卵,,China,陕西,榆溪河,黄河,,,,,,,,,MWR,http://xxfb.mwr.cn/sq_dxsk.html?v=1.0,in_situ,2026-07-09 23:39:14
138,窄峰,,China,陕西,家水,黄河,,,,,,,,,MWR,http://xxfb.mwr.cn/sq_dxsk.html?v=1.0,in_situ,2026-07-09 23:39:14
139,李口,,China,河南,宏农涧河,黄河,,,,,,,,,MWR,http://xxfb.mwr.cn/sq_dxsk.html?v=1.0,in_situ,2026-07-09 23:39:14
140,黑河水库,,China,山西,黑河,黄河,,,,,,,,,MWR,http://xxfb.mwr.cn/sq_dxsk.html?v=1.0,in_situ,2026-07-09 23:39:14
141,文峪河水库,,China,山西,文峪河,黄河,,,,,,,,,MWR,http://xxfb.mwr.cn/sq_dxsk.html?v=1.0,in_situ,2026-07-09 23:39:14
143,石家山,,China,陕西,沮河,黄河,,,,,,,,,MWR,http://xxfb.mwr.cn/sq_dxsk.html?v=1.0,in_situ,2026-07-09 23:39:14
146,羊曲湾,,China,陕西,光水河,黄河,,,,,,,,,MWR,http://xxfb.mwr.cn/sq_dxsk.html?v=1.0,in_situ,2026-07-09 23:39:14
147,金盆,,China,陕西,黑河,黄河,,,,,,,,,MWR,http://xxfb.mwr.cn/sq_dxsk.html?v=1.0,in_situ,2026-07-09 23:39:14
148,石曲峪,,China,陕西,石曲峪,黄河,,,,,,,,,MWR,http://xxfb.mwr.cn/sq_dxsk.html?v=1.0,in_situ,2026-07-09 23:39:14
149,桃花坡,,China,陕西,漭河,黄河,,,,,,,,,MWR,http://xxfb.mwr.cn/sq_dxsk.html?v=1.0,in_situ,2026-07-09 23:39:14
150,枯河,,China,陕西,枯河,黄河,,,,,,,,,MWR,http://xxfb.mwr.cn/sq_dxsk.html?v=1.0,in_situ,2026-07-09 23:39:14
152,唐岗,,China,河南,漭河,黄河,,,,,,,,,MWR,http://xxfb.mwr.cn/sq_dxsk.html?v=1.0,in_situ,2026-07-09 23:39:14
153,白村,,China,河南,潍河,黄河,,,,,,,,,MWR,http://xxfb.mwr.cn/sq_dxsk.html?v=1.0,in_situ,2026-07-09 23:39:14
155,东平湖大湖,,China,山东,东平湖,黄河,,,,,,,,,MWR,http://xxfb.mwr.cn/sq_dxsk.html?v=1.0,in_situ,2026-07-09 23:39:14
156,雪明水库,,China,山东,光明河,黄河,,,,,,,,,MWR,http://xxfb.mwr.cn/sq_dxsk.html?v=1.0,in_situ,2026-07-09 23:39:14
157,黄浑水库,,China,山东,石明河,黄河,,,,,,,,,MWR,http://xxfb.mwr.cn/sq_dxsk.html?v=1.0,in_situ,2026-07-09 23:39:14
158,东周水库,,China,山东,大明河南流,黄河,,,,,,,,,MWR,http://xxfb.mwr.cn/sq_dxsk.html?v=1.0,in_situ,2026-07-09 23:39:14
159,故县水库,,China,山东,故县河,黄河,,,,,,,,,MWR,http://xxfb.mwr.cn/sq_dxsk.html?v=1.0,in_situ,2026-07-09 23:39:14
160,陆浑坝上,,China,河南,伊河,黄河,,,,,,,,,MWR,http://xxfb.mwr.cn/sq_dxsk.html?v=1.0,in_situ,2026-07-09 23:39:14
161,青沟,,China,河南,南家河,黄河,,,,,,,,,MWR,http://xxfb.mwr.cn/sq_dxsk.html?v=1.0,in_situ,2026-07-09 23:39:14
163,火花河,,China,河南,青河河,黄河,,,,,,,,,MWR,http://xxfb.mwr.cn/sq_dxsk.html?v=1.0,in_situ,2026-07-09 23:39:14
164,崂山水库,,China,河南,丹河,黄河,,,,,,,,,MWR,http://xxfb.mwr.cn/sq_dxsk.html?v=1.0,in_situ,2026-07-09 23:39:14
166,李河,,China,河南,甘水河,黄河,,,,,,,,,MWR,http://xxfb.mwr.cn/sq_dxsk.html?v=1.0,in_situ,2026-07-09 23:39:14
167,寺村,,China,陕西,南丹河,黄河,,,,,,,,,MWR,http://xxfb.mwr.cn/sq_dxsk.html?v=1.0,in_situ,2026-07-09 23:39:14
168,寺河,,China,河南,新浪河,黄河,,,,,,,,,MWR,http://xxfb.mwr.cn/sq_dxsk.html?v=1.0,in_situ,2026-07-09 23:39:14
169,青天河,,China,河南,丹河,黄河,,,,,,,,,MWR,http://xxfb.mwr.cn/sq_dxsk.html?v=1.0,in_situ,2026-07-09 23:39:14
170,太河水库,,China,山东,潍河,淮河,,,,,,,,,MWR,http://xxfb.mwr.cn/sq_dxsk.html?v=1.0,in_situ,2026-07-09 23:39:14
171,高源水库,,China,山东,汶河,淮河,,,,,,,,,MWR,http://xxfb.mwr.cn/sq_dxsk.html?v=1.0,in_situ,2026-07-09 23:39:14
172,白浪河水库,,China,山东,白浪河,淮河,,,,,,,,,MWR,http://xxfb.mwr.cn/sq_dxsk.html?v=1.0,in_situ,2026-07-09 23:39:14
174,墙齐水库（西库）,,China,山东,潍河,淮河,,,,,,,,,MWR,http://xxfb.mwr.cn/sq_dxsk.html?v=1.0,in_situ,2026-07-09 23:39:14
176,高山水库,,China,山东,明河,淮河,,,,,,,,,MWR,http://xxfb.mwr.cn/sq_dxsk.html?v=1.0,in_situ,2026-07-09 23:39:14
178,尹府水库,,China,山东,大水河,淮河,,,,,,,,,MWR,http://xxfb.mwr.cn/sq_dxsk.html?v=1.0,in_situ,2026-07-09 23:39:14
179,崂山水库,,China,山东,小洞河,淮河,,,,,,,,,MWR,http://xxfb.mwr.cn/sq_dxsk.html?v=1.0,in_situ,2026-07-09 23:39:14
180,门山水库,,China,山东,白沙河,淮河,,,,,,,,,MWR,http://xxfb.mwr.cn/sq_dxsk.html?v=1.0,in_situ,2026-07-09 23:39:14
182,门楼水库,,China,山东,清洋河,淮河,,,,,,,,,MWR,http://xxfb.mwr.cn/sq_dxsk.html?v=1.0,in_situ,2026-07-09 23:39:14
183,宝格庄水库,,China,山东,东乳小河,淮河,,,,,,,,,MWR,http://xxfb.mwr.cn/sq_dxsk.html?v=1.0,in_situ,2026-07-09 23:39:14
184,唐山水库,,China,山东,乳小河,淮河,,,,,,,,,MWR,http://xxfb.mwr.cn/sq_dxsk.html?v=1.0,in_situ,2026-07-09 23:39:14
185,龙河山水库,,China,山东,臻山河,淮河,,,,,,,,,MWR,http://xxfb.mwr.cn/sq_dxsk.html?v=1.0,in_situ,2026-07-09 23:39:14
186,田庄水库,,China,山东,史河,淮河,,,,,,,,,MWR,http://xxfb.mwr.cn/sq_dxsk.html?v=1.0,in_situ,2026-07-09 23:39:14
188,红石河,,China,河南,县河,淮河,,,,,,,,,MWR,http://xxfb.mwr.cn/sq_dxsk.html?v=1.0,in_situ,2026-07-09 23:39:14
189,石山口,,China,河南,小潢河,淮河,,,,,,,,,MWR,http://xxfb.mwr.cn/sq_dxsk.html?v=1.0,in_situ,2026-07-09 23:39:14
191,五山,,China,河南,青龙河,淮河,,,,,,,,,MWR,http://xxfb.mwr.cn/sq_dxsk.html?v=1.0,in_situ,2026-07-09 23:39:14
192,花山,,China,河南,田河河,淮河,,,,,,,,,MWR,http://xxfb.mwr.cn/sq_dxsk.html?v=1.0,in_situ,2026-07-09 23:39:14
195,花山,,China,湖北,界河,淮河,,,,,,,,,MWR,http://xxfb.mwr.cn/sq_dxsk.html?v=1.0,in_situ,2026-07-09 23:39:14
196,牛沙河,,China,湖北,界河,淮河,,,,,,,,,MWR,http://xxfb.mwr.cn/sq_dxsk.html?v=1.0,in_situ,2026-07-09 23:39:14
197,小龙山,,China,河南,小潢河,淮河,,,,,,,,,MWR,http://xxfb.mwr.cn/sq_dxsk.html?v=1.0,in_situ,2026-07-09 23:39:14
198,石石滩,,China,河南,澎河,淮河,,,,,,,,,MWR,http://xxfb.mwr.cn/sq_dxsk.html?v=1.0,in_situ,2026-07-09 23:39:14
199,黄石山,,China,河南,大沙河,淮河,,,,,,,,,MWR,http://xxfb.mwr.cn/sq_dxsk.html?v=1.0,in_situ,2026-07-09 23:39:14
201,大河,,China,河南,黄溪河,淮河,,,,,,,,,MWR,http://xxfb.mwr.cn/sq_dxsk.html?v=1.0,in_situ,2026-07-09 23:39:14
202,梅山,,China,河南,厚头河,淮河,,,,,,,,,MWR,http://xxfb.mwr.cn/sq_dxsk.html?v=1.0,in_situ,2026-07-09 23:39:14
203,梅山,,China,安东,史河,淮河,,,,,,,,,MWR,http://xxfb.mwr.cn/sq_dxsk.html?v=1.0,in_situ,2026-07-09 23:39:14
205,白沙,,China,河南,澎河,淮河,,,,,,,,,MWR,http://xxfb.mwr.cn/sq_dxsk.html?v=1.0,in_situ,2026-07-09 23:39:14
206,泗河,,China,河南,泗河,淮河,,,,,,,,,MWR,http://xxfb.mwr.cn/sq_dxsk.html?v=1.0,in_situ,2026-07-09 23:39:14
208,大石滩,,China,河南,济河,淮河,,,,,,,,,MWR,http://xxfb.mwr.cn/sq_dxsk.html?v=1.0,in_situ,2026-07-09 23:39:14
210,常庄,,China,河南,小峪河,淮河,,,,,,,,,MWR,http://xxfb.mwr.cn/sq_dxsk.html?v=1.0,in_situ,2026-07-09 23:39:14
211,李河,,China,河南,城河,淮河,,,,,,,,,MWR,http://xxfb.mwr.cn/sq_dxsk.html?v=1.0,in_situ,2026-07-09 23:39:14
212,寺湾,,China,河南,双加河,淮河,,,,,,,,,MWR,http://xxfb.mwr.cn/sq_dxsk.html?v=1.0,in_situ,2026-07-09 23:39:14
214,大子岭,,China,安东,淠河东源,淮河,,,,,,,,,MWR,http://xxfb.mwr.cn/sq_dxsk.html?v=1.0,in_situ,2026-07-09 23:39:14
215,狮洪滩,,China,安东,淠河西源,淮河,,,,,,,,,MWR,http://xxfb.mwr.cn/sq_dxsk.html?v=1.0,in_situ,2026-07-09 23:39:14
216,田庄水库,,China,山东,庙河,淮河,,,,,,,,,MWR,http://xxfb.mwr.cn/sq_dxsk.html?v=1.0,in_situ,2026-07-09 23:39:14
218,唐村水库,,China,山东,东明河,淮河,,,,,,,,,MWR,http://xxfb.mwr.cn/sq_dxsk.html?v=1.0,in_situ,2026-07-09 23:39:14
219,唐村水库,,China,山东,沭河,淮河,,,,,,,,,MWR,http://xxfb.mwr.cn/sq_dxsk.html?v=1.0,in_situ,2026-07-09 23:39:14
221,阿家山水库,,China,山东,温家河,淮河,,,,,,,,,MWR,http://xxfb.mwr.cn/sq_dxsk.html?v=1.0,in_situ,2026-07-09 23:39:14
222,西湖水库库,,China,江北,黄头河,淮河,,,,,,,,,MWR,http://xxfb.mwr.cn/sq_dxsk.html?v=1.0,in_situ,2026-07-09 23:39:14
223,沙沟水库,,China,山东,沭河,淮河,,,,,,,,,MWR,http://xxfb.mwr.cn/sq_dxsk.html?v=1.0,in_situ,2026-07-09 23:39:14
224,青峰岭水库,,China,山东,沭河,淮河,,,,,,,,,MWR,http://xxfb.mwr.cn/sq_dxsk.html?v=1.0,in_situ,2026-07-09 23:39:14
225,安峰山水库,,China,江北,猫镇河,淮河,,,,,,,,,MWR,http://xxfb.mwr.cn/sq_dxsk.html?v=1.0,in_situ,2026-07-09 23:39:14
227,陡山水库,,China,山东,郁河,淮河,,,,,,,,,MWR,http://xxfb.mwr.cn/sq_dxsk.html?v=1.0,in_situ,2026-07-09 23:39:14
228,柳庄水库,,China,山东,资邱河,淮河,,,,,,,,,MWR,http://xxfb.mwr.cn/sq_dxsk.html?v=1.0,in_situ,2026-07-09 23:39:14
229,白庄水库,,China,山东,龙河,淮河,,,,,,,,,MWR,http://xxfb.mwr.cn/sq_dxsk.html?v=1.0,in_situ,2026-07-09 23:39:14
230,华村水库,,China,山东,黄沟河,淮河,,,,,,,,,MWR,http://xxfb.mwr.cn/sq_dxsk.html?v=1.0,in_situ,2026-07-09 23:39:14
231,龙湾套水库,,China,山东,漳河,淮河,,,,,,,,,MWR,http://xxfb.mwr.cn/sq_dxsk.html?v=1.0,in_situ,2026-07-09 23:39:14
232,尼山水库,,China,山东,小庙河,淮河,,,,,,,,,MWR,http://xxfb.mwr.cn/sq_dxsk.html?v=1.0,in_situ,2026-07-09 23:39:14
235,岩马水库,,China,山东,城河,淮河,,,,,,,,,MWR,http://xxfb.mwr.cn/sq_dxsk.html?v=1.0,in_situ,2026-07-09 23:39:14
237,会宝岭水库（南）,,China,山东,西加河,淮河,,,,,,,,,MWR,http://xxfb.mwr.cn/sq_dxsk.html?v=1.0,in_situ,2026-07-09 23:39:14
238,巩河水库,,China,山东,城河,淮河,,,,,,,,,MWR,http://xxfb.mwr.cn/sq_dxsk.html?v=1.0,in_situ,2026-07-09 23:39:14
239,东江,,China,山东,青口河,淮河,,,,,,,,,MWR,http://xxfb.mwr.cn/sq_dxsk.html?v=1.0,in_situ,2026-07-09 23:39:14
240,小塔山水库,,China,江北,青口河,淮河,,,,,,,,,MWR,http://xxfb.mwr.cn/sq_dxsk.html?v=1.0,in_situ,2026-07-09 23:39:14
241,大洪河,,China,湖北,大洪河,长江,,,,,,,,,MWR,http://xxfb.mwr.cn/sq_dxsk.html?v=1.0,in_situ,2026-07-09 23:39:14
242,狮子滩,,China,湖北,龙溪河,长江,,,,,,,,,MWR,http://xxfb.mwr.cn/sq_dxsk.html?v=1.0,in_situ,2026-07-09 23:39:14
243,石板水,,China,湖北,龙河,长江,,,,,,,,,MWR,http://xxfb.mwr.cn/sq_dxsk.html?v=1.0,in_situ,2026-07-09 23:39:14
246,跑口水库,,China,甘肃,白龙江,长江,,,,,,,,,MWR,http://xxfb.mwr.cn/sq_dxsk.html?v=1.0,in_situ,2026-07-09 23:39:14
248,乌江渡水电库,,China,湖北,乌江,长江,,,,,,,,,MWR,http://xxfb.mwr.cn/sq_dxsk.html?v=1.0,in_situ,2026-07-09 23:39:14
249,红大水库,,China,湖北,猫跳河,长江,,,,,,,,,MWR,http://xxfb.mwr.cn/sq_dxsk.html?v=1.0,in_situ,2026-07-09 23:39:14
250,浪花水库,,China,湖北,猫跳河,长江,,,,,,,,,MWR,http://xxfb.mwr.cn/sq_dxsk.html?v=1.0,in_situ,2026-07-09 23:39:14
251,福宝山水库,,China,湖北,清江,长江,,,,,,,,,MWR,http://xxfb.mwr.cn/sq_dxsk.html?v=1.0,in_situ,2026-07-09 23:39:14
252,西北口水库,,China,湖北,黄瑙河,长江,,,,,,,,,MWR,http://xxfb.mwr.cn/sq_dxsk.html?v=1.0,in_situ,2026-07-09 23:39:14
253,白河水库,,China,湖北,沮漳河,长江,,,,,,,,,MWR,http://xxfb.mwr.cn/sq_dxsk.html?v=1.0,in_situ,2026-07-09 23:39:14
254,雨马水库,,China,湖北,涧河,长江,,,,,,,,,MWR,http://xxfb.mwr.cn/sq_dxsk.html?v=1.0,in_situ,2026-07-09 23:39:14
255,寺家北,,China,湖北,漳河,长江,,,,,,,,,MWR,http://xxfb.mwr.cn/sq_dxsk.html?v=1.0,in_situ,2026-07-09 23:39:14
257,石子岭水库,,China,湖北,花庙河,长江,,,,,,,,,MWR,http://xxfb.mwr.cn/sq_dxsk.html?v=1.0,in_situ,2026-07-09 23:39:14
258,龙家河水库,,China,湖北,长江,长江,,,,,,,,,MWR,http://xxfb.mwr.cn/sq_dxsk.html?v=1.0,in_situ,2026-07-09 23:39:14
259,沧河水库,,China,湖北,沧河,长江,,,,,,,,,MWR,http://xxfb.mwr.cn/sq_dxsk.html?v=1.0,in_situ,2026-07-09 23:39:14
260,水家亚（坝上）,,China,湖北,清江,长江,,,,,,,,,MWR,http://xxfb.mwr.cn/sq_dxsk.html?v=1.0,in_situ,2026-07-09 23:39:14
261,高河岩（坝上）,,China,湖北,清江,长江,,,,,,,,,MWR,http://xxfb.mwr.cn/sq_dxsk.html?v=1.0,in_situ,2026-07-09 23:39:14
262,高坝洲（坝上）,,China,湖北,清江,长江,,,,,,,,,MWR,http://xxfb.mwr.cn/sq_dxsk.html?v=1.0,in_situ,2026-07-09 23:39:14
263,车坝水库,,China,湖北,车坝河,长江,,,,,,,,,MWR,http://xxfb.mwr.cn/sq_dxsk.html?v=1.0,in_situ,2026-07-09 23:39:14
264,太湖河水库,,China,湖北,漭漳河,长江,,,,,,,,,MWR,http://xxfb.mwr.cn/sq_dxsk.html?v=1.0,in_situ,2026-07-09 23:39:14
265,张天河,,China,湖南,江华水,长江,,,,,,,,,MWR,http://xxfb.mwr.cn/sq_dxsk.html?v=1.0,in_situ,2026-07-09 23:39:14
266,双园,,China,湖南,沙江,长江,,,,,,,,,MWR,http://xxfb.mwr.cn/sq_dxsk.html?v=1.0,in_situ,2026-07-09 23:39:14
267,八阳海,,China,湖南,张陵水,长江,,,,,,,,,MWR,http://xxfb.mwr.cn/sq_dxsk.html?v=1.0,in_situ,2026-07-09 23:39:14
268,东江,,China,湖南,长水,长江,,,,,,,,,MWR,http://xxfb.mwr.cn/sq_dxsk.html?v=1.0,in_situ,2026-07-09 23:39:14
269,王家江,,China,湖南,涔水,长江,,,,,,,,,MWR,http://xxfb.mwr.cn/sq_dxsk.html?v=1.0,in_situ,2026-07-09 23:39:14
270,青山河,,China,湖南,永沙江,长江,,,,,,,,,MWR,http://xxfb.mwr.cn/sq_dxsk.html?v=1.0,in_situ,2026-07-09 23:39:14
271,水山庙,,China,湖南,湄水,长江,,,,,,,,,MWR,http://xxfb.mwr.cn/sq_dxsk.html?v=1.0,in_situ,2026-07-09 23:39:14
272,黄英,,China,湖南,长水,长江,,,,,,,,,MWR,http://xxfb.mwr.cn/sq_dxsk.html?v=1.0,in_situ,2026-07-09 23:39:14
273,官庄,,China,湖南,河江,长江,,,,,,,,,MWR,http://xxfb.mwr.cn/sq_dxsk.html?v=1.0,in_situ,2026-07-09 23:39:14
274,牛车峡,,China,广东,北江,珠江,,,,,,,,,MWR,http://xxfb.mwr.cn/sq_dxsk.html?v=1.0,in_situ,2026-07-09 23:39:14
275,新峡水库,,China,湖北,新峡河,长江,,,,,,,,,MWR,http://xxfb.mwr.cn/sq_dxsk.html?v=1.0,in_situ,2026-07-09 23:39:14
276,黄石,,China,湖南,白洋河,长江,,,,,,,,,MWR,http://xxfb.mwr.cn/sq_dxsk.html?v=1.0,in_situ,2026-07-09 23:39:14
277,沙水水库,,China,湖北,沙水,长江,,,,,,,,,MWR,http://xxfb.mwr.cn/sq_dxsk.html?v=1.0,in_situ,2026-07-09 23:39:14
278,天桥水库,,China,湖北,界溪河,长江,,,,,,,,,MWR,http://xxfb.mwr.cn/sq_dxsk.html?v=1.0,in_situ,2026-07-09 23:39:14
279,王家厂,,China,湖南,张水,长江,,,,,,,,,MWR,http://xxfb.mwr.cn/sq_dxsk.html?v=1.0,in_situ,2026-07-09 23:39:14
280,北河水库,,China,湖北,新河,长江,,,,,,,,,MWR,http://xxfb.mwr.cn/sq_dxsk.html?v=1.0,in_situ,2026-07-09 23:39:14
282,石山水库,,China,湖北,蕲河,长江,,,,,,,,,MWR,http://xxfb.mwr.cn/sq_dxsk.html?v=1.0,in_situ,2026-07-09 23:39:14
284,王步,,China,湖北,三溪河,长江,,,,,,,,,MWR,http://xxfb.mwr.cn/sq_dxsk.html?v=1.0,in_situ,2026-07-09 23:39:14
285,院基寺,,China,湖北,泊漠河,长江,,,,,,,,,MWR,http://xxfb.mwr.cn/sq_dxsk.html?v=1.0,in_situ,2026-07-09 23:39:14
287,梅河,,China,湖北,浮树河,长江,,,,,,,,,MWR,http://xxfb.mwr.cn/sq_dxsk.html?v=1.0,in_situ,2026-07-09 23:39:14
289,尾树岗,,China,湖北,尾树岗河,长江,,,,,,,,,MWR,http://xxfb.mwr.cn/sq_dxsk.html?v=1.0,in_situ,2026-07-09 23:39:14
290,黑河庙,,China,湖北,黄家河,长江,,,,,,,,,MWR,http://xxfb.mwr.cn/sq_dxsk.html?v=1.0,in_situ,2026-07-09 23:39:14
291,道宝地,,China,湖北,四马河,长江,,,,,,,,,MWR,http://xxfb.mwr.cn/sq_dxsk.html?v=1.0,in_situ,2026-07-09 23:39:14
292,黄莲河,,China,湖北,黄莲河,长江,,,,,,,,,MWR,http://xxfb.mwr.cn/sq_dxsk.html?v=1.0,in_situ,2026-07-09 23:39:14
293,金沙河,,China,湖北,金沙河,长江,,,,,,,,,MWR,http://xxfb.mwr.cn/sq_dxsk.html?v=1.0,in_situ,2026-07-09 23:39:14
294,大河河,,China,湖北,跳石河,长江,,,,,,,,,MWR,http://xxfb.mwr.cn/sq_dxsk.html?v=1.0,in_situ,2026-07-09 23:39:14
295,三茅河,,China,湖北,三茅河,长江,,,,,,,,,MWR,http://xxfb.mwr.cn/sq_dxsk.html?v=1.0,in_situ,2026-07-09 23:39:14
296,三河口,,China,湖北,新家河,长江,,,,,,,,,MWR,http://xxfb.mwr.cn/sq_dxsk.html?v=1.0,in_situ,2026-07-09 23:39:14
297,县山,,China,湖北,白水河,长江,,,,,,,,,MWR,http://xxfb.mwr.cn/sq_dxsk.html?v=1.0,in_situ,2026-07-09 23:39:14
298,红桥河,,China,湖北,红桥河,长江,,,,,,,,,MWR,http://xxfb.mwr.cn/sq_dxsk.html?v=1.0,in_situ,2026-07-09 23:39:14
299,凤凰山,,China,湖北,柳家河,长江,,,,,,,,,MWR,http://xxfb.mwr.cn/sq_dxsk.html?v=1.0,in_situ,2026-07-09 23:39:14
300,黑石河,,China,湖北,沙河,长江,,,,,,,,,MWR,http://xxfb.mwr.cn/sq_dxsk.html?v=1.0,in_situ,2026-07-09 23:39:14
301,鹞观河,,China,湖北,沙河,长江,,,,,,,,,MWR,http://xxfb.mwr.cn/sq_dxsk.html?v=1.0,in_situ,2026-07-09 23:39:14
302,天堂,,China,湖北,新昌河,长江,,,,,,,,,MWR,http://xxfb.mwr.cn/sq_dxsk.html?v=1.0,in_situ,2026-07-09 23:39:14
303,天堂二级,,China,湖北,新昌河,长江,,,,,,,,,MWR,http://xxfb.mwr.cn/sq_dxsk.html?v=1.0,in_situ,2026-07-09 23:39:14
304,黄家河,,China,湖北,西河,长江,,,,,,,,,MWR,http://xxfb.mwr.cn/sq_dxsk.html?v=1.0,in_situ,2026-07-09 23:39:14
305,大同,,China,湖北,霍水,长江,,,,,,,,,MWR,http://xxfb.mwr.cn/sq_dxsk.html?v=1.0,in_situ,2026-07-09 23:39:14
306,花河,,China,湖北,霍水,长江,,,,,,,,,MWR,http://xxfb.mwr.cn/sq_dxsk.html?v=1.0,in_situ,2026-07-09 23:39:14
307,石门水库,,China,湖北,石门河,长江,,,,,,,,,MWR,http://xxfb.mwr.cn/sq_dxsk.html?v=1.0,in_situ,2026-07-09 23:39:14
308,百马河,,China,湖北,长河,长江,,,,,,,,,MWR,http://xxfb.mwr.cn/sq_dxsk.html?v=1.0,in_situ,2026-07-09 23:39:14
309,凤凰关,,China,湖北,长河,长江,,,,,,,,,MWR,http://xxfb.mwr.cn/sq_dxsk.html?v=1.0,in_situ,2026-07-09 23:39:14
310,牛车河,,China,湖北,巴水,长江,,,,,,,,,MWR,http://xxfb.mwr.cn/sq_dxsk.html?v=1.0,in_situ,2026-07-09 23:39:14
311,柳堰岩,,China,湖北,新桥河,长江,,,,,,,,,MWR,http://xxfb.mwr.cn/sq_dxsk.html?v=1.0,in_situ,2026-07-09 23:39:14
312,黄河厂,,China,湖北,雷溪河,长江,,,,,,,,,MWR,http://xxfb.mwr.cn/sq_dxsk.html?v=1.0,in_situ,2026-07-09 23:39:14
313,阁壁,,China,湖北,汉河,长江,,,,,,,,,MWR,http://xxfb.mwr.cn/sq_dxsk.html?v=1.0,in_situ,2026-07-09 23:39:14
314,龙潭,,China,湖北,天家河,长江,,,,,,,,,MWR,http://xxfb.mwr.cn/sq_dxsk.html?v=1.0,in_situ,2026-07-09 23:39:14
316,三湖水江,,China,湖北,陆马河,长江,,,,,,,,,MWR,http://xxfb.mwr.cn/sq_dxsk.html?v=1.0,in_situ,2026-07-09 23:39:14
317,双石水库,,China,湖北,汀龙河,长江,,,,,,,,,MWR,http://xxfb.mwr.cn/sq_dxsk.html?v=1.0,in_situ,2026-07-09 23:39:14
318,南河,,China,湖北,霍河,长江,,,,,,,,,MWR,http://xxfb.mwr.cn/sq_dxsk.html?v=1.0,in_situ,2026-07-09 23:39:14
319,浪河潭,,China,湖北,易家段河,长江,,,,,,,,,MWR,http://xxfb.mwr.cn/sq_dxsk.html?v=1.0,in_situ,2026-07-09 23:39:14
320,四门楼水库,,China,湖北,黄水河,长江,,,,,,,,,MWR,http://xxfb.mwr.cn/sq_dxsk.html?v=1.0,in_situ,2026-07-09 23:39:14
321,南河,,China,陕西,汉江,长江,,,,,,,,,MWR,http://xxfb.mwr.cn/sq_dxsk.html?v=1.0,in_situ,2026-07-09 23:39:14
322,石门,,China,陕西,赵河,长江,,,,,,,,,MWR,http://xxfb.mwr.cn/sq_dxsk.html?v=1.0,in_situ,2026-07-09 23:39:14
323,党河,,China,陕西,党水河,长江,,,,,,,,,MWR,http://xxfb.mwr.cn/sq_dxsk.html?v=1.0,in_situ,2026-07-09 23:39:14
325,马河口,,China,陕西,沙河,长江,,,,,,,,,MWR,http://xxfb.mwr.cn/sq_dxsk.html?v=1.0,in_situ,2026-07-09 23:39:14
327,姚门,,China,湖北,天水河,长江,,,,,,,,,MWR,http://xxfb.mwr.cn/sq_dxsk.html?v=1.0,in_situ,2026-07-09 23:39:14
328,黄龙滩,,China,湖北,堵河,长江,,,,,,,,,MWR,http://xxfb.mwr.cn/sq_dxsk.html?v=1.0,in_situ,2026-07-09 23:39:14
329,仙溪河,,China,湖北,仙溪河,长江,,,,,,,,,MWR,http://xxfb.mwr.cn/sq_dxsk.html?v=1.0,in_situ,2026-07-09 23:39:14
330,敖河,,China,湖北,敖河,长江,,,,,,,,,MWR,http://xxfb.mwr.cn/sq_dxsk.html?v=1.0,in_situ,2026-07-09 23:39:14
332,浪河河,,China,湖北,浪河,长江,,,,,,,,,MWR,http://xxfb.mwr.cn/sq_dxsk.html?v=1.0,in_situ,2026-07-09 23:39:14
333,潭口,,China,湖北,北河,长江,,,,,,,,,MWR,http://xxfb.mwr.cn/sq_dxsk.html?v=1.0,in_situ,2026-07-09 23:39:14
334,南河,,China,湖北,南河,长江,,,,,,,,,MWR,http://xxfb.mwr.cn/sq_dxsk.html?v=1.0,in_situ,2026-07-09 23:39:14
336,红水河,,China,湖北,红水河,长江,,,,,,,,,MWR,http://xxfb.mwr.cn/sq_dxsk.html?v=1.0,in_situ,2026-07-09 23:39:14
337,柳堰湾,,China,湖北,柳堰河,长江,,,,,,,,,MWR,http://xxfb.mwr.cn/sq_dxsk.html?v=1.0,in_situ,2026-07-09 23:39:14
338,罗河一库,,China,湖北,罗河,长江,,,,,,,,,MWR,http://xxfb.mwr.cn/sq_dxsk.html?v=1.0,in_situ,2026-07-09 23:39:14
339,三鹞河,,China,湖北,敖河,长江,,,,,,,,,MWR,http://xxfb.mwr.cn/sq_dxsk.html?v=1.0,in_situ,2026-07-09 23:39:14
340,云台山,,China,湖北,黑河,长江,,,,,,,,,MWR,http://xxfb.mwr.cn/sq_dxsk.html?v=1.0,in_situ,2026-07-09 23:39:14
341,仙家河,,China,湖北,仙家河,长江,,,,,,,,,MWR,http://xxfb.mwr.cn/sq_dxsk.html?v=1.0,in_situ,2026-07-09 23:39:14
344,温峡口,,China,湖北,丰水,长江,,,,,,,,,MWR,http://xxfb.mwr.cn/sq_dxsk.html?v=1.0,in_situ,2026-07-09 23:39:14
345,铜河山,,China,湖北,云马河,长江,,,,,,,,,MWR,http://xxfb.mwr.cn/sq_dxsk.html?v=1.0,in_situ,2026-07-09 23:39:14
346,马家河,,China,湖北,马家河,长江,,,,,,,,,MWR,http://xxfb.mwr.cn/sq_dxsk.html?v=1.0,in_situ,2026-07-09 23:39:14
347,冢桥河,,China,湖北,汉江,长江,,,,,,,,,MWR,http://xxfb.mwr.cn/sq_dxsk.html?v=1.0,in_situ,2026-07-09 23:39:14
348,八龙河,,China,湖北,牛龙河,长江,,,,,,,,,MWR,http://xxfb.mwr.cn/sq_dxsk.html?v=1.0,in_situ,2026-07-09 23:39:14
349,西八子河,,China,湖北,西八子河,长江,,,,,,,,,MWR,http://xxfb.mwr.cn/sq_dxsk.html?v=1.0,in_situ,2026-07-09 23:39:14
350,马黄河,,China,湖北,马黄河,长江,,,,,,,,,MWR,http://xxfb.mwr.cn/sq_dxsk.html?v=1.0,in_situ,2026-07-09 23:39:14
351,黄坡,,China,湖北,丰水,长江,,,,,,,,,MWR,http://xxfb.mwr.cn/sq_dxsk.html?v=1.0,in_situ,2026-07-09 23:39:14
352,二龙山,,China,陕西,丹江,长江,,,,,,,,,MWR,http://xxfb.mwr.cn/sq_dxsk.html?v=1.0,in_situ,2026-07-09 23:39:14
353,石河,,China,湖北,石河,长江,,,,,,,,,MWR,http://xxfb.mwr.cn/sq_dxsk.html?v=1.0,in_situ,2026-07-09 23:39:14
354,石门,,China,河南,大灌河,长江,,,,,,,,,MWR,http://xxfb.mwr.cn/sq_dxsk.html?v=1.0,in_situ,2026-07-09 23:39:14
355,鸭河口,,China,河南,白河,长江,,,,,,,,,MWR,http://xxfb.mwr.cn/sq_dxsk.html?v=1.0,in_situ,2026-07-09 23:39:14
356,吴庄,,China,河南,流鸭河,长江,,,,,,,,,MWR,http://xxfb.mwr.cn/sq_dxsk.html?v=1.0,in_situ,2026-07-09 23:39:14
357,黑岗庙,,China,河南,龙水河,长江,,,,,,,,,MWR,http://xxfb.mwr.cn/sq_dxsk.html?v=1.0,in_situ,2026-07-09 23:39:14
358,荆营,,China,河南,十二里河,长江,,,,,,,,,MWR,http://xxfb.mwr.cn/sq_dxsk.html?v=1.0,in_situ,2026-07-09 23:39:14
359,泸湾,,China,河南,泸河,长江,,,,,,,,,MWR,http://xxfb.mwr.cn/sq_dxsk.html?v=1.0,in_situ,2026-07-09 23:39:14
360,华山,,China,河南,袁河,长江,,,,,,,,,MWR,http://xxfb.mwr.cn/sq_dxsk.html?v=1.0,in_situ,2026-07-09 23:39:14
361,泼家场,,China,河南,十黑鹞河,长江,,,,,,,,,MWR,http://xxfb.mwr.cn/sq_dxsk.html?v=1.0,in_situ,2026-07-09 23:39:14
363,梅山,,China,河南,丰河,长江,,,,,,,,,MWR,http://xxfb.mwr.cn/sq_dxsk.html?v=1.0,in_situ,2026-07-09 23:39:14
365,石山,,China,湖北,沙河,长江,,,,,,,,,MWR,http://xxfb.mwr.cn/sq_dxsk.html?v=1.0,in_situ,2026-07-09 23:39:14
366,沙河,,China,湖北,沙河,长江,,,,,,,,,MWR,http://xxfb.mwr.cn/sq_dxsk.html?v=1.0,in_situ,2026-07-09 23:39:14
368,罗河,,China,湖北,沙河,长江,,,,,,,,,MWR,http://xxfb.mwr.cn/sq_dxsk.html?v=1.0,in_situ,2026-07-09 23:39:14
369,马安山,,China,湖北,沙河,长江,,,,,,,,,MWR,http://xxfb.mwr.cn/sq_dxsk.html?v=1.0,in_situ,2026-07-09 23:39:14
371,丹峪岩,,China,陕西,青花河,长江,,,,,,,,,MWR,http://xxfb.mwr.cn/sq_dxsk.html?v=1.0,in_situ,2026-07-09 23:39:14
372,官沟,,China,湖北,官沟河,长江,,,,,,,,,MWR,http://xxfb.mwr.cn/sq_dxsk.html?v=1.0,in_situ,2026-07-09 23:39:14
373,华阳河,,China,湖北,华阳河,长江,,,,,,,,,MWR,http://xxfb.mwr.cn/sq_dxsk.html?v=1.0,in_situ,2026-07-09 23:39:14
374,坪河,,China,湖北,坪河,长江,,,,,,,,,MWR,http://xxfb.mwr.cn/sq_dxsk.html?v=1.0,in_situ,2026-07-09 23:39:14
375,大洪山,,China,湖北,南水,长江,,,,,,,,,MWR,http://xxfb.mwr.cn/sq_dxsk.html?v=1.0,in_situ,2026-07-09 23:39:14
376,石山,,China,湖北,长水,长江,,,,,,,,,MWR,http://xxfb.mwr.cn/sq_dxsk.html?v=1.0,in_situ,2026-07-09 23:39:14
377,黑山湾,,China,湖北,长水,长江,,,,,,,,,MWR,http://xxfb.mwr.cn/sq_dxsk.html?v=1.0,in_situ,2026-07-09 23:39:14
378,罗河,,China,湖北,罗河,长江,,,,,,,,,MWR,http://xxfb.mwr.cn/sq_dxsk.html?v=1.0,in_situ,2026-07-09 23:39:14
379,天河口,,China,湖北,戴江口河,长江,,,,,,,,,MWR,http://xxfb.mwr.cn/sq_dxsk.html?v=1.0,in_situ,2026-07-09 23:39:14
381,观音岩,,China,湖北,水水流流张家家河,长江,,,,,,,,,MWR,http://xxfb.mwr.cn/sq_dxsk.html?v=1.0,in_situ,2026-07-09 23:39:14
382,黄栗庙,,China,湖北,封溪河河,长江,,,,,,,,,MWR,http://xxfb.mwr.cn/sq_dxsk.html?v=1.0,in_situ,2026-07-09 23:39:14
383,马河山,,China,湖北,南水,长江,,,,,,,,,MWR,http://xxfb.mwr.cn/sq_dxsk.html?v=1.0,in_situ,2026-07-09 23:39:14
384,黄河口,,China,湖北,黄河口河,长江,,,,,,,,,MWR,http://xxfb.mwr.cn/sq_dxsk.html?v=1.0,in_situ,2026-07-09 23:39:14
385,余家河,,China,湖北,余家河,长江,,,,,,,,,MWR,http://xxfb.mwr.cn/sq_dxsk.html?v=1.0,in_situ,2026-07-09 23:39:14
387,惠家河,,China,湖北,南水流流张漳河,长江,,,,,,,,,MWR,http://xxfb.mwr.cn/sq_dxsk.html?v=1.0,in_situ,2026-07-09 23:39:14
388,界园,,China,湖北,水水东流上仔,长江,,,,,,,,,MWR,http://xxfb.mwr.cn/sq_dxsk.html?v=1.0,in_situ,2026-07-09 23:39:14
389,芳畈,,China,湖北,澴水支流，晏家河,长江,,,,,,,,,MWR,http://xxfb.mwr.cn/sq_dxsk.html?v=1.0,in_situ,2026-07-09 23:39:14
390,金盆,,China,湖北,水水流流张家家河,长江,,,,,,,,,MWR,http://xxfb.mwr.cn/sq_dxsk.html?v=1.0,in_situ,2026-07-09 23:39:14
391,黑子洼,,China,湖北,水水流流张黄家岗河,长江,,,,,,,,,MWR,http://xxfb.mwr.cn/sq_dxsk.html?v=1.0,in_situ,2026-07-09 23:39:14
392,滑石冲,,China,湖北,界河,长江,,,,,,,,,MWR,http://xxfb.mwr.cn/sq_dxsk.html?v=1.0,in_situ,2026-07-09 23:39:14
393,石门,,China,湖北,寨子河,长江,,,,,,,,,MWR,http://xxfb.mwr.cn/sq_dxsk.html?v=1.0,in_situ,2026-07-09 23:39:14
394,石龙,,China,湖北,云马河,长江,,,,,,,,,MWR,http://xxfb.mwr.cn/sq_dxsk.html?v=1.0,in_situ,2026-07-09 23:39:14
395,石岭,,China,湖北,天门河,长江,,,,,,,,,MWR,http://xxfb.mwr.cn/sq_dxsk.html?v=1.0,in_situ,2026-07-09 23:39:14
396,水亭山,,China,湖北,南水,长江,,,,,,,,,MWR,http://xxfb.mwr.cn/sq_dxsk.html?v=1.0,in_situ,2026-07-09 23:39:14
397,高关,,China,湖北,大富水,长江,,,,,,,,,MWR,http://xxfb.mwr.cn/sq_dxsk.html?v=1.0,in_situ,2026-07-09 23:39:14
398,清家河,,China,湖北,广水河,长江,,,,,,,,,MWR,http://xxfb.mwr.cn/sq_dxsk.html?v=1.0,in_situ,2026-07-09 23:39:14
400,大营头水库,,China,江西,云亭水,长江流域,,,,,,,,,MWR,http://xxfb.mwr.cn/sq_dxsk.html?v=1.0,in_situ,2026-07-09 23:39:14
401,白云山水库,,China,江西,富田水,长江流域,,,,,,,,,MWR,http://xxfb.mwr.cn/sq_dxsk.html?v=1.0,in_situ,2026-07-09 23:39:14
402,南车水库,,China,江西,牛山江,长江流域,,,,,,,,,MWR,http://xxfb.mwr.cn/sq_dxsk.html?v=1.0,in_situ,2026-07-09 23:39:14
403,皎上水库,,China,江西,樟水,长江流域,,,,,,,,,MWR,http://xxfb.mwr.cn/sq_dxsk.html?v=1.0,in_situ,2026-07-09 23:39:14
404,江口,,China,江西,县水,长江流域,,,,,,,,,MWR,http://xxfb.mwr.cn/sq_dxsk.html?v=1.0,in_situ,2026-07-09 23:39:14
405,飞剑潭一坝水库,,China,江西,尧市,长江流域,,,,,,,,,MWR,http://xxfb.mwr.cn/sq_dxsk.html?v=1.0,in_situ,2026-07-09 23:39:14
406,牛云山水库,,China,江西,丰水,长江流域,,,,,,,,,MWR,http://xxfb.mwr.cn/sq_dxsk.html?v=1.0,in_situ,2026-07-09 23:39:14
407,潘桥水库,,China,江西,长水,长江流域,,,,,,,,,MWR,http://xxfb.mwr.cn/sq_dxsk.html?v=1.0,in_situ,2026-07-09 23:39:14
408,上仔水库,,China,江西,北溪,长江流域,,,,,,,,,MWR,http://xxfb.mwr.cn/sq_dxsk.html?v=1.0,in_situ,2026-07-09 23:39:14
409,大库,,China,江西,沙安河,长江,,,,,,,,,MWR,http://xxfb.mwr.cn/sq_dxsk.html?v=1.0,in_situ,2026-07-09 23:39:14
410,大潭水库,,China,江西,修河,长江流域,,,,,,,,,MWR,http://xxfb.mwr.cn/sq_dxsk.html?v=1.0,in_situ,2026-07-09 23:39:14
411,大河水库,,China,江西,姚塘水,长江,,,,,,,,,MWR,http://xxfb.mwr.cn/sq_dxsk.html?v=1.0,in_situ,2026-07-09 23:39:14
412,北山水库（镇江）,,China,江北,大竹河,长江,,,,,,,,,MWR,http://xxfb.mwr.cn/sq_dxsk.html?v=1.0,in_situ,2026-07-09 23:39:14
413,屏仙,,China,湖北,屏仙河,长江,,,,,,,,,MWR,http://xxfb.mwr.cn/sq_dxsk.html?v=1.0,in_situ,2026-07-09 23:39:14
414,河坪,,China,湖北,河坪河,长江,,,,,,,,,MWR,http://xxfb.mwr.cn/sq_dxsk.html?v=1.0,in_situ,2026-07-09 23:39:14
415,古河,,China,湖北,古河河,长江,,,,,,,,,MWR,http://xxfb.mwr.cn/sq_dxsk.html?v=1.0,in_situ,2026-07-09 23:39:14
416,花家亭,,China,安东,长河,长江,,,,,,,,,MWR,http://xxfb.mwr.cn/sq_dxsk.html?v=1.0,in_situ,2026-07-09 23:39:14
417,梅河,,China,湖北,梅河河,长江,,,,,,,,,MWR,http://xxfb.mwr.cn/sq_dxsk.html?v=1.0,in_situ,2026-07-09 23:39:14
418,仙人坝,,China,湖北,晋文东河,长江,,,,,,,,,MWR,http://xxfb.mwr.cn/sq_dxsk.html?v=1.0,in_situ,2026-07-09 23:39:14
419,龙河口（内）,,China,安东,新家河,长江,,,,,,,,,MWR,http://xxfb.mwr.cn/sq_dxsk.html?v=1.0,in_situ,2026-07-09 23:39:14
420,罗河,,China,安东,南榕河,长江,,,,,,,,,MWR,http://xxfb.mwr.cn/sq_dxsk.html?v=1.0,in_situ,2026-07-09 23:39:14
422,黄浮树,,China,安东,南河,长江,,,,,,,,,MWR,http://xxfb.mwr.cn/sq_dxsk.html?v=1.0,in_situ,2026-07-09 23:39:14
423,沙河湾,,China,安东,清流河,长江,,,,,,,,,MWR,http://xxfb.mwr.cn/sq_dxsk.html?v=1.0,in_situ,2026-07-09 23:39:14
424,青山水库,,China,浙江,南坪溪,长江流域太湖区,,,,,,,,,MWR,http://xxfb.mwr.cn/sq_dxsk.html?v=1.0,in_situ,2026-07-09 23:39:14
425,铜河口水库,,China,浙江,船步溪,长江流域太湖区,,,,,,,,,MWR,http://xxfb.mwr.cn/sq_dxsk.html?v=1.0,in_situ,2026-07-09 23:39:14
426,横石水库,,China,浙江,西溪,长江流域太湖区,,,,,,,,,MWR,http://xxfb.mwr.cn/sq_dxsk.html?v=1.0,in_situ,2026-07-09 23:39:14
427,大石门水库,,China,浙江,南溪,长江流域太湖区,,,,,,,,,MWR,http://xxfb.mwr.cn/sq_dxsk.html?v=1.0,in_situ,2026-07-09 23:39:14
428,大溪水库,,China,江北,大溪水库,太湖,,,,,,,,,MWR,http://xxfb.mwr.cn/sq_dxsk.html?v=1.0,in_situ,2026-07-09 23:39:14
429,沙河水库,,China,江北,沙河水库,太湖,,,,,,,,,MWR,http://xxfb.mwr.cn/sq_dxsk.html?v=1.0,in_situ,2026-07-09 23:39:14
430,横山水库,,China,江北,南溪,太湖,,,,,,,,,MWR,http://xxfb.mwr.cn/sq_dxsk.html?v=1.0,in_situ,2026-07-09 23:39:14
431,富镇江水库,,China,浙江,富镇江,浙闽台河流,,,,,,,,,MWR,http://xxfb.mwr.cn/sq_dxsk.html?v=1.0,in_situ,2026-07-09 23:39:14
432,黄溪口水库,,China,浙江,乌溪江,浙闽台河流,,,,,,,,,MWR,http://xxfb.mwr.cn/sq_dxsk.html?v=1.0,in_situ,2026-07-09 23:39:14
433,铜山源水库,,China,浙江,铜山源,浙闽台河流,,,,,,,,,MWR,http://xxfb.mwr.cn/sq_dxsk.html?v=1.0,in_situ,2026-07-09 23:39:14
434,横锦水库,,China,浙江,东阳江,浙闽台河流,,,,,,,,,MWR,http://xxfb.mwr.cn/sq_dxsk.html?v=1.0,in_situ,2026-07-09 23:39:14
435,南江水库,,China,浙江,南江,浙闽台河流,,,,,,,,,MWR,http://xxfb.mwr.cn/sq_dxsk.html?v=1.0,in_situ,2026-07-09 23:39:14
436,新安江水库,,China,浙江,新安江,浙闽台河流,,,,,,,,,MWR,http://xxfb.mwr.cn/sq_dxsk.html?v=1.0,in_situ,2026-07-09 23:39:14
437,石壁水库,,China,浙江,古化江,浙闽台河流,,,,,,,,,MWR,http://xxfb.mwr.cn/sq_dxsk.html?v=1.0,in_situ,2026-07-09 23:39:14
438,新丰水库,,China,浙江,新丰江,浙闽台河流,,,,,,,,,MWR,http://xxfb.mwr.cn/sq_dxsk.html?v=1.0,in_situ,2026-07-09 23:39:14
439,长安水库,,China,浙江,新昌江,浙闽台河流,,,,,,,,,MWR,http://xxfb.mwr.cn/sq_dxsk.html?v=1.0,in_situ,2026-07-09 23:39:14
440,南山水库,,China,浙江,南山江,浙闽台河流,,,,,,,,,MWR,http://xxfb.mwr.cn/sq_dxsk.html?v=1.0,in_situ,2026-07-09 23:39:14
442,南口水库,,China,浙江,金溪,浙闽台河流,,,,,,,,,MWR,http://xxfb.mwr.cn/sq_dxsk.html?v=1.0,in_situ,2026-07-09 23:39:14
443,横山水库,,China,浙江,山江,浙闽台河流,,,,,,,,,MWR,http://xxfb.mwr.cn/sq_dxsk.html?v=1.0,in_situ,2026-07-09 23:39:14
444,里石门水库,,China,浙江,大丰溪,浙闽台河流,,,,,,,,,MWR,http://xxfb.mwr.cn/sq_dxsk.html?v=1.0,in_situ,2026-07-09 23:39:14
445,牛头山水库,,China,浙江,龙溪,浙闽台河流,,,,,,,,,MWR,http://xxfb.mwr.cn/sq_dxsk.html?v=1.0,in_situ,2026-07-09 23:39:14
446,长潭水库,,China,浙江,永宁江,浙闽台河流,,,,,,,,,MWR,http://xxfb.mwr.cn/sq_dxsk.html?v=1.0,in_situ,2026-07-09 23:39:14
447,紧水滩水库,,China,浙江,龙泉溪,浙闽台河流,,,,,,,,,MWR,http://xxfb.mwr.cn/sq_dxsk.html?v=1.0,in_situ,2026-07-09 23:39:14
448,安安水库,,China,福东,九龙溪,闽江,,,,,,,,,MWR,http://xxfb.mwr.cn/sq_dxsk.html?v=1.0,in_situ,2026-07-09 23:39:14
449,沙溪口水库,,China,福东,沙溪,闽江,,,,,,,,,MWR,http://xxfb.mwr.cn/sq_dxsk.html?v=1.0,in_situ,2026-07-09 23:39:14
450,池潭水库,,China,福东,金溪,闽江,,,,,,,,,MWR,http://xxfb.mwr.cn/sq_dxsk.html?v=1.0,in_situ,2026-07-09 23:39:14
451,东溪水库,,China,福东,东溪,闽江,,,,,,,,,MWR,http://xxfb.mwr.cn/sq_dxsk.html?v=1.0,in_situ,2026-07-09 23:39:14
452,水东水库,,China,福东,鳌溪,闽江,,,,,,,,,MWR,http://xxfb.mwr.cn/sq_dxsk.html?v=1.0,in_situ,2026-07-09 23:39:14
453,坑口水库,,China,福东,南山溪,闽江,,,,,,,,,MWR,http://xxfb.mwr.cn/sq_dxsk.html?v=1.0,in_situ,2026-07-09 23:39:14
454,古田一级水库,,China,福东,古田溪,闽江,,,,,,,,,MWR,http://xxfb.mwr.cn/sq_dxsk.html?v=1.0,in_situ,2026-07-09 23:39:14
455,山山水库,,China,福东,珠江东溪,珠江,,,,,,,,,MWR,http://xxfb.mwr.cn/sq_dxsk.html?v=1.0,in_situ,2026-07-09 23:39:14
456,万安水库,,China,福东,万安溪,闽东南诸河,,,,,,,,,MWR,http://xxfb.mwr.cn/sq_dxsk.html?v=1.0,in_situ,2026-07-09 23:39:14
457,惠头水库,,China,福东,新墙溪,闽东南诸河,,,,,,,,,MWR,http://xxfb.mwr.cn/sq_dxsk.html?v=1.0,in_situ,2026-07-09 23:39:14
458,南一水库,,China,福东,新场溪,闽东南诸河,,,,,,,,,MWR,http://xxfb.mwr.cn/sq_dxsk.html?v=1.0,in_situ,2026-07-09 23:39:14
459,峰山水库,,China,福东,忙阳溪,闽东诸河,,,,,,,,,MWR,http://xxfb.mwr.cn/sq_dxsk.html?v=1.0,in_situ,2026-07-09 23:39:14
460,山仔水库,,China,福东,瀑江,闽东诸河,,,,,,,,,MWR,http://xxfb.mwr.cn/sq_dxsk.html?v=1.0,in_situ,2026-07-09 23:39:14
461,东黄水库,,China,福东,龙江,闽南诸河,,,,,,,,,MWR,http://xxfb.mwr.cn/sq_dxsk.html?v=1.0,in_situ,2026-07-09 23:39:14
462,东方红,,China,福东,三河河溪,萩汾溪,,,,,,,,,MWR,http://xxfb.mwr.cn/sq_dxsk.html?v=1.0,in_situ,2026-07-09 23:39:14
463,东圳,,China,福东,马营溪,闽南沿海诸河,,,,,,,,,MWR,http://xxfb.mwr.cn/sq_dxsk.html?v=1.0,in_situ,2026-07-09 23:39:14
464,古洋,,China,福东,沙溪,闽南沿海诸河,,,,,,,,,MWR,http://xxfb.mwr.cn/sq_dxsk.html?v=1.0,in_situ,2026-07-09 23:39:14
465,水石水库,,China,福东,大罗溪,闽南沿海诸河,,,,,,,,,MWR,http://xxfb.mwr.cn/sq_dxsk.html?v=1.0,in_situ,2026-07-09 23:39:14
466,汀溪水库,,China,福东,汀溪,闽东南诸河,,,,,,,,,MWR,http://xxfb.mwr.cn/sq_dxsk.html?v=1.0,in_situ,2026-07-09 23:39:14
467,峰头水库,,China,福东,漳江,闽东南诸河,,,,,,,,,MWR,http://xxfb.mwr.cn/sq_dxsk.html?v=1.0,in_situ,2026-07-09 23:39:14
468,亚湖水库,,China,福东,湖内溪,闽东南诸河,,,,,,,,,MWR,http://xxfb.mwr.cn/sq_dxsk.html?v=1.0,in_situ,2026-07-09 23:39:14
469,天家桥一级,,China,湖北,南头江,珠江,,,,,,,,,MWR,http://xxfb.mwr.cn/sq_dxsk.html?v=1.0,in_situ,2026-07-09 23:39:14
470,龙家河,,China,云南,黄陂河,珠江,,,,,,,,,MWR,http://xxfb.mwr.cn/sq_dxsk.html?v=1.0,in_situ,2026-07-09 23:39:14
471,金青河,,China,广东,罗定江,珠江,,,,,,,,,MWR,http://xxfb.mwr.cn/sq_dxsk.html?v=1.0,in_situ,2026-07-09 23:39:14
472,罗故,,China,广东,新弋河,珠江,,,,,,,,,MWR,http://xxfb.mwr.cn/sq_dxsk.html?v=1.0,in_situ,2026-07-09 23:39:14
473,铁河,,China,广东,新墙江,珠江,,,,,,,,,MWR,http://xxfb.mwr.cn/sq_dxsk.html?v=1.0,in_situ,2026-07-09 23:39:14
474,北峰山,,China,广东,玉仙河,珠江,,,,,,,,,MWR,http://xxfb.mwr.cn/sq_dxsk.html?v=1.0,in_situ,2026-07-09 23:39:14
475,朝阳,,China,广东,罗坪水,珠江,,,,,,,,,MWR,http://xxfb.mwr.cn/sq_dxsk.html?v=1.0,in_situ,2026-07-09 23:39:14
476,山垌,,China,广东,新家河,珠江,,,,,,,,,MWR,http://xxfb.mwr.cn/sq_dxsk.html?v=1.0,in_situ,2026-07-09 23:39:14
477,大山,,China,广东,皎水水,珠江,,,,,,,,,MWR,http://xxfb.mwr.cn/sq_dxsk.html?v=1.0,in_situ,2026-07-09 23:39:14
478,九坑河,,China,广东,长字水,珠江,,,,,,,,,MWR,http://xxfb.mwr.cn/sq_dxsk.html?v=1.0,in_situ,2026-07-09 23:39:14
479,锦江（仁化）,,China,广东,锦江,珠江,,,,,,,,,MWR,http://xxfb.mwr.cn/sq_dxsk.html?v=1.0,in_situ,2026-07-09 23:39:14
480,东丹,,China,广东,马田水,珠江,,,,,,,,,MWR,http://xxfb.mwr.cn/sq_dxsk.html?v=1.0,in_situ,2026-07-09 23:39:14
481,南水,,China,广东,南水,北江,,,,,,,,,MWR,http://xxfb.mwr.cn/sq_dxsk.html?v=1.0,in_situ,2026-07-09 23:39:14
483,象子,,China,广东,大镇水,珠江,,,,,,,,,MWR,http://xxfb.mwr.cn/sq_dxsk.html?v=1.0,in_situ,2026-07-09 23:39:14
484,潭岭,,China,广东,潭源洞水,珠江,,,,,,,,,MWR,http://xxfb.mwr.cn/sq_dxsk.html?v=1.0,in_situ,2026-07-09 23:39:14
485,大袁,,China,广东,袁公水,珠江,,,,,,,,,MWR,http://xxfb.mwr.cn/sq_dxsk.html?v=1.0,in_situ,2026-07-09 23:39:14
486,小坑,,China,广东,大湾河,珠江,,,,,,,,,MWR,http://xxfb.mwr.cn/sq_dxsk.html?v=1.0,in_situ,2026-07-09 23:39:14
488,龙塔带,,China,广东,黄洞水,珠江,,,,,,,,,MWR,http://xxfb.mwr.cn/sq_dxsk.html?v=1.0,in_situ,2026-07-09 23:39:14
489,榆溪,,China,广东,榆溪河,珠江,,,,,,,,,MWR,http://xxfb.mwr.cn/sq_dxsk.html?v=1.0,in_situ,2026-07-09 23:39:14
490,青山,,China,广东,青山河,珠江,,,,,,,,,MWR,http://xxfb.mwr.cn/sq_dxsk.html?v=1.0,in_situ,2026-07-09 23:39:14
491,江谷,,China,广东,江谷河,珠江,,,,,,,,,MWR,http://xxfb.mwr.cn/sq_dxsk.html?v=1.0,in_situ,2026-07-09 23:39:14
492,大树坝,,China,广东,东江,珠江,,,,,,,,,MWR,http://xxfb.mwr.cn/sq_dxsk.html?v=1.0,in_situ,2026-07-09 23:39:14
493,新丰江,,China,广东,新丰江,珠江,,,,,,,,,MWR,http://xxfb.mwr.cn/sq_dxsk.html?v=1.0,in_situ,2026-07-09 23:39:14
482,长湖,,China,广东,汶江,珠江,,,,,,,,,MWR,http://xxfb.mwr.cn/sq_dxsk.html?v=1.0,in_situ,2026-07-09 23:39:14
175,峡山水库,,China,山东,汶河,淮河,,,,,,,,,MWR,http://xxfb.mwr.cn/sq_dxsk.html?v=1.0,in_situ,2026-07-09 23:39:14
283,石门塘水库,,China,湖北,泼家河,长江,,,,,,,,,MWR,http://xxfb.mwr.cn/sq_dxsk.html?v=1.0,in_situ,2026-07-09 23:39:14
315,青山,,China,湖北,青山河,长江,,,,,,,,,MWR,http://xxfb.mwr.cn/sq_dxsk.html?v=1.0,in_situ,2026-07-09 23:39:14
256,道河,,China,湖北,漳河,长江,,,,,,,,,MWR,http://xxfb.mwr.cn/sq_dxsk.html?v=1.0,in_situ,2026-07-09 23:39:14
213,茅子潭,,China,安东,淠河东源,淮河,,,,,,,,,MWR,http://xxfb.mwr.cn/sq_dxsk.html?v=1.0,in_situ,2026-07-09 23:39:14
343,梁河,,China,湖北,马家河,长江,,,,,,,,,MWR,http://xxfb.mwr.cn/sq_dxsk.html?v=1.0,in_situ,2026-07-09 23:39:14
342,小南河,,China,湖北,小南河,长江,,,,,,,,,MWR,http://xxfb.mwr.cn/sq_dxsk.html?v=1.0,in_situ,2026-07-09 23:39:14
364,周桥,,China,湖北,马龙河,长江,,,,,,,,,MWR,http://xxfb.mwr.cn/sq_dxsk.html?v=1.0,in_situ,2026-07-09 23:39:14
367,吉河,,China,湖北,沙河,长江,,,,,,,,,MWR,http://xxfb.mwr.cn/sq_dxsk.html?v=1.0,in_situ,2026-07-09 23:39:14
370,北河,,China,湖北,沙河,长江,,,,,,,,,MWR,http://xxfb.mwr.cn/sq_dxsk.html?v=1.0,in_situ,2026-07-09 23:39:14
113,新家院,,China,河南,旬河,海河,,,,,,,,,MWR,http://xxfb.mwr.cn/sq_dxsk.html?v=1.0,in_situ,2026-07-09 23:39:14
331,茅塔河,,China,湖北,茅塔河,长江,,,,,,,,,MWR,http://xxfb.mwr.cn/sq_dxsk.html?v=1.0,in_situ,2026-07-09 23:39:14
335,钟家湾,,China,湖北,小河,长江,,,,,,,,,MWR,http://xxfb.mwr.cn/sq_dxsk.html?v=1.0,in_situ,2026-07-09 23:39:14
85,尔王庄库,,China,天津,引滦明渠,海河,,,,,,,,,MWR,http://xxfb.mwr.cn/sq_dxsk.html?v=1.0,in_situ,2026-07-09 23:39:14
151,巴家河水库,,China,甘肃,千河,黄河,,,,,,,,,MWR,http://xxfb.mwr.cn/sq_dxsk.html?v=1.0,in_situ,2026-07-09 23:39:14
386,清水河,,China,湖北,南水,长江,,,,,,,,,MWR,http://xxfb.mwr.cn/sq_dxsk.html?v=1.0,in_situ,2026-07-09 23:39:14
421,新村,,China,安东,青营江,长江,,,,,,,,,MWR,http://xxfb.mwr.cn/sq_dxsk.html?v=1.0,in_situ,2026-07-09 23:39:14
281,铁山,,China,湖南,新村河,长江,,,,,,,,,MWR,http://xxfb.mwr.cn/sq_dxsk.html?v=1.0,in_situ,2026-07-09 23:39:14
2,丰山,,China,吉林,松花江吉林段,松花江流域,,,,,,,,,MWR,http://xxfb.mwr.cn/sq_dxsk.html?v=1.0,in_situ,2026-07-09 23:39:14
64,卧虎山水库,,China,河北,红牛河,海河,,,,,,,,,MWR,http://xxfb.mwr.cn/sq_dxsk.html?v=1.0,in_situ,2026-07-09 23:39:14
66,大北水库,,China,河北,汶河,海河,,,,,,,,,MWR,http://xxfb.mwr.cn/sq_dxsk.html?v=1.0,in_situ,2026-07-09 23:39:14
122,王湾水库,,China,山西,浊漳河西源,海河,,,,,,,,,MWR,http://xxfb.mwr.cn/sq_dxsk.html?v=1.0,in_situ,2026-07-09 23:39:14
162,九龙河,,China,河南,马河河,黄河,,,,,,,,,MWR,http://xxfb.mwr.cn/sq_dxsk.html?v=1.0,in_situ,2026-07-09 23:39:14
165,大沟口,,China,河南,马营河,黄河,,,,,,,,,MWR,http://xxfb.mwr.cn/sq_dxsk.html?v=1.0,in_situ,2026-07-09 23:39:14
207,泼马,,China,河南,马荆河,淮河,,,,,,,,,MWR,http://xxfb.mwr.cn/sq_dxsk.html?v=1.0,in_situ,2026-07-09 23:39:14
324,观音河,,China,陕西,观音河,长江,,,,,,,,,MWR,http://xxfb.mwr.cn/sq_dxsk.html?v=1.0,in_situ,2026-07-09 23:39:14
288,西家寺,,China,湖北,西家河,长江,,,,,,,,,MWR,http://xxfb.mwr.cn/sq_dxsk.html?v=1.0,in_situ,2026-07-09 23:39:14
286,陂河,,China,湖北,泊漠河,长江,,,,,,,,,MWR,http://xxfb.mwr.cn/sq_dxsk.html?v=1.0,in_situ,2026-07-09 23:39:14
209,三岗,,China,河南,小龙河,淮河,,,,,,,,,MWR,http://xxfb.mwr.cn/sq_dxsk.html?v=1.0,in_situ,2026-07-09 23:39:14
145,石头河,,China,陕西,石头河,黄河,,,,,,,,,MWR,http://xxfb.mwr.cn/sq_dxsk.html?v=1.0,in_situ,2026-07-09 23:39:14
194,大河,,China,河南,大陂河,淮河,,,,,,,,,MWR,http://xxfb.mwr.cn/sq_dxsk.html?v=1.0,in_situ,2026-07-09 23:39:14
136,红石峡库,,China,陕西,榆溪河,黄河,,,,,,,,,MWR,http://xxfb.mwr.cn/sq_dxsk.html?v=1.0,in_situ,2026-07-09 23:39:14
142,段家峡,,China,陕西,沮河,黄河,,,,,,,,,MWR,http://xxfb.mwr.cn/sq_dxsk.html?v=1.0,in_situ,2026-07-09 23:39:14
144,王家山,,China,陕西,沮河,黄河,,,,,,,,,MWR,http://xxfb.mwr.cn/sq_dxsk.html?v=1.0,in_situ,2026-07-09 23:39:14
154,卧虎山水库,,China,山东,玉符河,黄河,,,,,,,,,MWR,http://xxfb.mwr.cn/sq_dxsk.html?v=1.0,in_situ,2026-07-09 23:39:14
173,墙齐水库（东库）,,China,山东,潍河,淮河,,,,,,,,,MWR,http://xxfb.mwr.cn/sq_dxsk.html?v=1.0,in_situ,2026-07-09 23:39:14
177,跋山水库,,China,山东,明河,淮河,,,,,,,,,MWR,http://xxfb.mwr.cn/sq_dxsk.html?v=1.0,in_situ,2026-07-09 23:39:14
181,王山水库,,China,山东,黄水河,淮河,,,,,,,,,MWR,http://xxfb.mwr.cn/sq_dxsk.html?v=1.0,in_situ,2026-07-09 23:39:14
187,王堂,,China,河南,十公江,淮河,,,,,,,,,MWR,http://xxfb.mwr.cn/sq_dxsk.html?v=1.0,in_situ,2026-07-09 23:39:14
193,长洲河,,China,河南,大陂河,淮河,,,,,,,,,MWR,http://xxfb.mwr.cn/sq_dxsk.html?v=1.0,in_situ,2026-07-09 23:39:14
200,敖庄,,China,河南,梁河,淮河,,,,,,,,,MWR,http://xxfb.mwr.cn/sq_dxsk.html?v=1.0,in_situ,2026-07-09 23:39:14
204,铁大寺,,China,河南,火家河,淮河,,,,,,,,,MWR,http://xxfb.mwr.cn/sq_dxsk.html?v=1.0,in_situ,2026-07-09 23:39:14
217,王山水库,,China,山东,庙河,淮河,,,,,,,,,MWR,http://xxfb.mwr.cn/sq_dxsk.html?v=1.0,in_situ,2026-07-09 23:39:14
220,昌里水库,,China,山东,西字河,淮河,,,,,,,,,MWR,http://xxfb.mwr.cn/sq_dxsk.html?v=1.0,in_situ,2026-07-09 23:39:14
226,小仕阳水库,,China,山东,县公河,淮河,,,,,,,,,MWR,http://xxfb.mwr.cn/sq_dxsk.html?v=1.0,in_situ,2026-07-09 23:39:14
233,西苇水库,,China,山东,大沙河,淮河,,,,,,,,,MWR,http://xxfb.mwr.cn/sq_dxsk.html?v=1.0,in_situ,2026-07-09 23:39:14
362,三山,,China,河南,梁河,长江,,,,,,,,,MWR,http://xxfb.mwr.cn/sq_dxsk.html?v=1.0,in_situ,2026-07-09 23:39:14
58,双树寺水库,,China,甘肃,洪水河,内陆河,,,,,,,,,MWR,http://xxfb.mwr.cn/sq_dxsk.html?v=1.0,in_situ,2026-07-09 23:39:14
326,钟家坪,,China,陕西,旬河,长江,,,,,,,,,MWR,http://xxfb.mwr.cn/sq_dxsk.html?v=1.0,in_situ,2026-07-09 23:39:14
399,短港,,China,湖北,大富水,长江,,,,,,,,,MWR,http://xxfb.mwr.cn/sq_dxsk.html?v=1.0,in_situ,2026-07-09 23:39:14
380,戴江口,,China,湖北,戴江口河,长江,,,,,,,,,MWR,http://xxfb.mwr.cn/sq_dxsk.html?v=1.0,in_situ,2026-07-09 23:39:14
