reservoir_id,reservoir_name,date,"DATE_UPDATE (source observation timestamp, local time)","WATER_LEVEL (water level, m)","STORAGE (current storage, mcm / 10^6 m^3)","STORAGE_PERCENT (percent full, %)","RELEASE_MLD (release / outflow, mld = 10^6 liters per day)","SPILL (spillway release, mld)","RAIN (rainfall, mm)","CUMM_RAIN (cumulative rainfall, mm)","RESIDUAL (residual flow, mld)","RESERVOIR (reservoir flow, mld)","CONTROL_VOLUME (control volume, mcm)"
MY_LUAS_1304,BATU,2026-04-22,22/04/2026 08:00,100.79,27.94,87.4,0.0,0.0,16.0,,0.0,0.0,0.0
MY_LUAS_3978,KLANG GATES,2026-04-22,22/04/2026 07:39,93.27,20.92,82.61,146.14,0.0,5.0,,0.0,0.0,0.0
MY_LUAS_7483,KOLAM TAKUNGAN SG. LABU (ORS),2026-04-22,22/04/2026 06:23,44.9,9.26,99.62,44.91,0.0,6.0,,0.0,0.0,0.0
MY_LUAS_1803,LANGAT,2026-04-22,22/04/2026 07:00,217.14,26.68,78.25,79.91,0.0,3.4,,0.0,0.0,0.0
MY_LUAS_1311,SEMENYIH,2026-04-22,22/04/2026 07:00,110.48,53.66,90.84,0.0,0.0,6.2,,0.0,0.0,0.0
MY_LUAS_4382,SG SELANGOR,2026-04-22,22/04/2026 07:00,212.55,181.72,79.01,27.0,0.0,24.8,,0.0,0.0,195.2
MY_LUAS_8646,SG TINGGI,2026-04-22,22/04/2026 08:00,56.47,92.69,80.95,0.0,0.0,39.0,,0.0,0.0,48.99
MY_LUAS_4568,TASIK SUBANG,2026-04-22,22/04/2026 07:00,37.91,3.87,92.1,11.61,0.0,5.0,,0.0,0.0,0.0
MY_LUAS_STN80,BESTARI JAYA,2026-04-22,22/04/2026 10:00,4.85,,,,,0.0,96.5,,,
