reservoir_id,reservoir_name,reservoir_name_en,country,admin_unit,river,basin,lat,lon,capacity_total (TMC),dead_storage (TMC),frl (m),dam_height (m),year_built,main_use,data_type,source_agency,source_url,last_updated,detail_slug,location,data_period_start,data_period_end
IN_APWRIMS_nagarjuna_sagar_cdad2a5e,NAGARJUNA SAGAR,NAGARJUNA SAGAR,India,Andhra Pradesh / Telangana,Krishna,Krishna,16.576657,79.312144,312.05,112.18,180,,,"Irrigation,Power",in_situ,APWRIMS,https://apwrims.ap.gov.in/,2026-06-28 19:12:16,cdad2a5e-91ab-11e5-8994-feff819cdc9f,"Nalgonda, Khammam, Krishna, Guntur, Prakasam, W/Godavari",2026-05-07,2026-06-28
IN_APWRIMS_srisailam_r_cdad2e1e,SRISAILAM R,SRISAILAM R,India,Andhra Pradesh / Telangana,Krishna,Krishna,16.087039,78.896347,215.81,10.16,269.748,,,"Irrigation,Power",in_situ,APWRIMS,https://apwrims.ap.gov.in/,2026-06-28 19:12:17,cdad2e1e-91ab-11e5-8994-feff819cdc9f,"Kurnool, Cuddapah, Nellore, Chittoor",2026-05-08,2026-06-28
IN_APWRIMS_mylavaram_pennar_reservoir_1a837a05,MYLAVARAM(PENNAR) RESERVOIR,MYLAVARAM(PENNAR) RESERVOIR,India,Andhra Pradesh / Telangana,pennar,pennar,14.849349,78.340751,6.5,0.59,201.65,,,Irrigation,in_situ,APWRIMS,https://apwrims.ap.gov.in/,2026-06-28 19:12:18,1a837a05-e220-4554-a444-d62a31f40dcc,kadapa,2026-05-13,2026-06-28
IN_APWRIMS_prakasam_barrage_13c7d756,PRAKASAM BARRAGE,PRAKASAM BARRAGE,India,Andhra Pradesh / Telangana,Krishna,krishna,16.507003,80.604956,3.071,0.78,22.128,,,Irrigation,in_situ,APWRIMS,https://apwrims.ap.gov.in/,2026-06-28 19:12:19,13c7d756-b5a5-4938-bc90-f380c1bdf324,"krishna,guntur,west godavari",2026-05-07,2026-06-28
IN_APWRIMS_muniyeru_project_418aa16b,MUNIYERU PROJECT,MUNIYERU PROJECT,India,Andhra Pradesh / Telangana,munniyeru,Krishna,17.015175,80.169042,0.13,0,71.7,,,Irrigation,in_situ,APWRIMS,https://apwrims.ap.gov.in/,2026-06-28 19:12:20,418aa16b-ceaa-4ec0-9435-8383b9b61cbc,Krishna,2026-05-08,2026-06-28
IN_APWRIMS_pulichinthala_project_52f0e841,PULICHINTHALA PROJECT,PULICHINTHALA PROJECT,India,Andhra Pradesh / Telangana,Krishna,krishna,16.771356,80.055322,45.77,3.61,53.34,,,Irrigation,in_situ,APWRIMS,https://apwrims.ap.gov.in/,2026-06-28 19:12:21,52f0e841-9f3f-4f08-9e2e-80782055ddcf,"krishna,guntur,west godavari,prakasham",2026-05-08,2026-06-28
IN_APWRIMS_thatipudi_reservoir_eeb82fe7,THATIPUDI RESERVOIR,THATIPUDI RESERVOIR,India,Andhra Pradesh / Telangana,Gosthani River,other,18.17231,83.19147,3.325,0.15,90.526,,,Irrigation,in_situ,APWRIMS,https://apwrims.ap.gov.in/,2026-06-28 19:12:22,eeb82fe7-e68a-4c75-9eb7-456b2581083c,vizianagaram,2026-05-07,2026-06-28
IN_APWRIMS_andra_reservoir_0ee778a9,ANDRA RESERVOIR,ANDRA RESERVOIR,India,Andhra Pradesh / Telangana,andra,other,18.349539,83.197186,0.98,0.05,145.902,,,Irrigation,in_situ,APWRIMS,https://apwrims.ap.gov.in/,2026-06-28 19:12:23,0ee778a9-845d-4235-b933-998f6803986b,Vizianagaram,2026-05-07,2026-06-28
IN_APWRIMS_peddagedda_reservoir_7ab12b05,PEDDAGEDDA RESERVOIR,PEDDAGEDDA RESERVOIR,India,Andhra Pradesh / Telangana,peddagedda,other,18.470622,83.112819,1.07,0.05,213.799,,,Irrigation,in_situ,APWRIMS,https://apwrims.ap.gov.in/,2026-06-28 19:12:24,7ab12b05-aacb-43e4-b2b3-47b8c089367d,Vizianagaram,2026-05-07,2026-06-28
IN_APWRIMS_vengalraya_sagaram_57b13ab7,VENGALRAYA SAGARAM,VENGALRAYA SAGARAM,India,Andhra Pradesh / Telangana,Suvrnamukhi,other,18.623397,83.221506,1.679,0.19,160.998,,,Irrigation,in_situ,APWRIMS,https://apwrims.ap.gov.in/,2026-06-28 19:12:25,57b13ab7-4d94-4962-b1f6-7046686a4257,"Vizianagaram,Srikakulam",2026-05-07,2026-06-28
IN_APWRIMS_vattigedda_reservoir_b972c684,VATTIGEDDA RESERVOIR,VATTIGEDDA RESERVOIR,India,Andhra Pradesh / Telangana,Nagavali,other,18.836408,83.589575,0.958,0.07,121.618,,,Irrigation,in_situ,APWRIMS,https://apwrims.ap.gov.in/,2026-06-28 19:12:26,b972c684-1c96-4683-8d27-1735d3b983e9,Vizianagaram,2026-05-07,2026-06-28
IN_APWRIMS_rama_thirtham_72bbeb08,RAMA THIRTHAM,RAMA THIRTHAM,India,Andhra Pradesh / Telangana,NSP canal,other,15.616246,79.802598,1.569,0.26,85.344,,,Irrigation,in_situ,APWRIMS,https://apwrims.ap.gov.in/,2026-06-28 19:12:27,72bbeb08-db07-4f24-a200-f5aeb92a86ac,Prakasam,2026-05-09,2026-06-28
IN_APWRIMS_thotapalli_regulator_barrage_cb4a8d34,THOTAPALLI REGULATOR / BARRAGE,THOTAPALLI REGULATOR / BARRAGE,India,Andhra Pradesh / Telangana,Nagavali,other,18.784372,83.49609,2.534,0.4,104.851,,,Irrigation,in_situ,APWRIMS,https://apwrims.ap.gov.in/,2026-06-28 19:12:28,cb4a8d34-5463-40af-8bea-976b10d1705a,Vizianagaram,2026-05-07,2026-06-28
IN_APWRIMS_damodaram_sagaram_089338af,DAMODARAM SAGARAM,DAMODARAM SAGARAM,India,Andhra Pradesh / Telangana,Raikiloyagedda,other,18.393083,84.140706,0.567,0,50.999,,,Irrigation,in_situ,APWRIMS,https://apwrims.ap.gov.in/,2026-06-28 19:12:29,089338af-eaa5-4a94-8866-89839c8b045c,Srikakulam,2026-05-07,2026-06-28
IN_APWRIMS_cum_bum_tank_7d3fce4b,CUM BUM TANK,CUM BUM TANK,India,Andhra Pradesh / Telangana,Gundlakamma,other,15.590739,79.090442,2.952,0,203.207,,,Irrigation,in_situ,APWRIMS,https://apwrims.ap.gov.in/,2026-06-28 19:12:30,7d3fce4b-7d20-4039-ae7e-65122b662eae,Prakasam,2026-05-07,2026-06-28
IN_APWRIMS_kalingadal_project_6debdff4,KALINGADAL PROJECT,KALINGADAL PROJECT,India,Andhra Pradesh / Telangana,Kalingadal,other,18.947136,84.434228,0.15,0.02,82,,,Irrigation,in_situ,APWRIMS,https://apwrims.ap.gov.in/,2026-06-28 19:12:31,6debdff4-2932-448f-9cde-e3bc566e05b4,Srikakulam,2026-05-07,2026-06-28
IN_APWRIMS_gotta_barrage_129ef2e7,GOTTA BARRAGE,GOTTA BARRAGE,India,Andhra Pradesh / Telangana,Vamsadara,other,18.688889,83.963056,0.662,0.04,38.1,,,Irrigation,in_situ,APWRIMS,https://apwrims.ap.gov.in/,2026-06-28 19:12:32,129ef2e7-05f7-409f-bfca-2dda47669060,Srikakulam,2026-05-07,2026-06-28
IN_APWRIMS_mopadu_reservoir_project_a4086f01,MOPADU RESERVOIR PROJECT,MOPADU RESERVOIR PROJECT,India,Andhra Pradesh / Telangana,Manneru,other,15.105992,79.481878,2.091,0.06,100.154,,,Irrigation,in_situ,APWRIMS,https://apwrims.ap.gov.in/,2026-06-28 19:12:33,a4086f01-47d9-435e-8bc8-16967e03f033,Prakasam,2026-05-13,2026-06-25
IN_APWRIMS_gajjiligedda_reservoir_219808bd,GAJJILIGEDDA RESERVOIR,GAJJILIGEDDA RESERVOIR,India,Andhra Pradesh / Telangana,Gajjiligedda,other,18.573692,83.82925,0.05,0.01,108.5,,,Irrigation,in_situ,APWRIMS,https://apwrims.ap.gov.in/,2026-06-28 19:12:34,219808bd-c4c0-41f8-b5c0-517600c78f14,Srikakulam,2026-05-11,2026-06-27
IN_APWRIMS_rallapadu_reservoir_5e347ef6,RALLAPADU RESERVOIR,RALLAPADU RESERVOIR,India,Andhra Pradesh / Telangana,Manneru,other,15.055222,79.718883,1.106,0.03,41.163,,,Irrigation,in_situ,APWRIMS,https://apwrims.ap.gov.in/,2026-06-28 19:12:35,5e347ef6-c791-4753-a7b5-e1fb79b6d633,Prakasam,2026-05-07,2026-06-28
IN_APWRIMS_yeleru_reservoir_2047859b,YELERU RESERVOIR,YELERU RESERVOIR,India,Andhra Pradesh / Telangana,YELERU,other,17.30794,82.09538,24.11,6.16,86.56,,,Irrigation,in_situ,APWRIMS,https://apwrims.ap.gov.in/,2026-06-28 19:12:36,2047859b-a4c5-4f4b-a9e6-35d06bdf0fab,"East Godavari, Vizag",2026-05-07,2026-06-28
IN_APWRIMS_maddigedda_project_da004729,MADDIGEDDA PROJECT,MADDIGEDDA PROJECT,India,Andhra Pradesh / Telangana,Janjhavathi,Godavari,17.485811,82.011967,0.484,0.05,188.001,,,Irrigation,in_situ,APWRIMS,https://apwrims.ap.gov.in/,2026-06-28 19:12:37,da004729-21dc-4987-829e-4dda45350d2a,East Godavari,2026-05-07,2026-06-28
IN_APWRIMS_surempalem_reservoir_8a964e98,SUREMPALEM RESERVOIR,SUREMPALEM RESERVOIR,India,Andhra Pradesh / Telangana,Torrigedda,Godavari,17.336397,81.902622,0.28,0.03,105.122,,,Irrigation,in_situ,APWRIMS,https://apwrims.ap.gov.in/,2026-06-28 19:12:37,8a964e98-4ee4-482c-89f8-aa665b257965,East Godavari,2026-05-07,2026-06-28
IN_APWRIMS_bhupatipalem_reservoir_2648f159,BHUPATIPALEM RESERVOIR,BHUPATIPALEM RESERVOIR,India,Andhra Pradesh / Telangana,Seethapallivagu,Godavari,17.446894,81.76515,0.645,0.14,204,,,Irrigation,in_situ,APWRIMS,https://apwrims.ap.gov.in/,2026-06-28 19:12:38,2648f159-1f97-4b04-bdd9-24d5fd3c6f08,East Godavari,2026-05-07,2026-06-28
IN_APWRIMS_gundlakamma_reservoir_f03b0998,GUNDLAKAMMA RESERVOIR,GUNDLAKAMMA RESERVOIR,India,Andhra Pradesh / Telangana,Gundlakamma,other,15.660731,79.986819,3.86,1.37,24.381,,,Irrigation,in_situ,APWRIMS,https://apwrims.ap.gov.in/,2026-06-28 19:12:39,f03b0998-3644-4e67-9a16-e7258c136475,Prakasam,2026-05-07,2026-06-28
IN_APWRIMS_sir_aurthur_cotton_barrage_06d4797e,SIR AURTHUR COTTON BARRAGE,SIR AURTHUR COTTON BARRAGE,India,Andhra Pradesh / Telangana,Godavari,Godavari,16.93621,81.760692,2.93,1.2,14.021,,,Irrigation,in_situ,APWRIMS,https://apwrims.ap.gov.in/,2026-06-28 19:12:40,06d4797e-33e0-499f-b6b4-f34f8ffc1191,"East Godavari, West Godavari",2026-05-07,2026-06-28
IN_APWRIMS_gandipalem_reservoir_project_dac92ec0,GANDIPALEM RESERVOIR PROJECT,GANDIPALEM RESERVOIR PROJECT,India,Andhra Pradesh / Telangana,pillaperu,other,14.99076,79.298055,1.88,0.18,147.831,,,Irrigation,in_situ,APWRIMS,https://apwrims.ap.gov.in/,2026-06-28 19:12:41,dac92ec0-e1ac-4383-81cd-43c569d0af1e,Nellore,2026-05-07,2026-06-28
IN_APWRIMS_tandava_reservoir_d61f5d35,TANDAVA RESERVOIR,TANDAVA RESERVOIR,India,Andhra Pradesh / Telangana,Thandava,other,17.61137,82.43734,4.96,0.56,115.824,,,Irrigation,in_situ,APWRIMS,https://apwrims.ap.gov.in/,2026-06-28 19:12:42,d61f5d35-82fe-4361-a05a-b067cba27fe5,"Visakhapatnam, East Godavari",2026-05-07,2026-06-28
IN_APWRIMS_varaha_reservoir_79562fd0,VARAHA RESERVOIR,VARAHA RESERVOIR,India,Andhra Pradesh / Telangana,sarpa,other,17.810864,82.675333,0.465,0.03,140.208,,,Irrigation,in_situ,APWRIMS,https://apwrims.ap.gov.in/,2026-06-28 19:12:43,79562fd0-acce-4b24-92d9-6d6a8590b59d,Visakhapatnam,2026-05-09,2026-06-28
IN_APWRIMS_sangam_anicut_barrge_16ae6e6a,SANGAM ANICUT / BARRGE,SANGAM ANICUT / BARRGE,India,Andhra Pradesh / Telangana,Pennar,pennar,14.573092,79.747424,0.45,0,34.205,,,Irrigation,in_situ,APWRIMS,https://apwrims.ap.gov.in/,2026-06-28 19:12:44,16ae6e6a-58e7-4354-bc0a-b89ea57b3853,Nellore,2026-05-07,2026-06-28
IN_APWRIMS_pedderu_reservoir_11865ac5,PEDDERU RESERVOIR,PEDDERU RESERVOIR,India,Andhra Pradesh / Telangana,pedderu,other,17.899131,82.695008,0.358,0.04,136.91,,,Irrigation,in_situ,APWRIMS,https://apwrims.ap.gov.in/,2026-06-28 19:12:45,11865ac5-953d-4ca9-bcbf-5f6a5f98c348,visakhapatnam,2026-05-07,2026-06-28
IN_APWRIMS_kanigiri_reservoir_19a1219a,KANIGIRI RESERVOIR,KANIGIRI RESERVOIR,India,Andhra Pradesh / Telangana,Pennar,Pennar,14.557076,79.869972,3.45,0.01,30.075,,,Irrigation,in_situ,APWRIMS,https://apwrims.ap.gov.in/,2026-06-28 19:12:46,19a1219a-34e9-43f9-9f48-f04299108349,Nellore,2026-05-07,2026-06-28
IN_APWRIMS_konam_reservoir_1a361403,KONAM RESERVOIR,KONAM RESERVOIR,India,Andhra Pradesh / Telangana,Sarada,other,17.966141,82.854162,0.85,0.02,101.181,,,Irrigation,in_situ,APWRIMS,https://apwrims.ap.gov.in/,2026-06-28 19:12:47,1a361403-398b-499d-98c7-f750c57ceb3f,Visakhapatnam,2026-05-07,2026-06-28
IN_APWRIMS_kandaleru_reservoir_04affbff,KANDALERU RESERVOIR,KANDALERU RESERVOIR,India,Andhra Pradesh / Telangana,TGP,pennar,14.27964,79.60306,68.03,4.73,85.006,,,Irrigation,in_situ,APWRIMS,https://apwrims.ap.gov.in/,2026-06-28 19:12:48,04affbff-36d4-458a-9c32-baa64eb6eab0,"Kurnool, Cuddapah, Nellore, Chittoor",2026-05-08,2026-06-25
IN_APWRIMS_raiwada_reservoir_53a12642,RAIWADA RESERVOIR,RAIWADA RESERVOIR,India,Andhra Pradesh / Telangana,Sarada,other,18.006501,82.965743,3.6,0.33,113.925,,,Irrigation,in_situ,APWRIMS,https://apwrims.ap.gov.in/,2026-06-28 19:12:49,53a12642-b27f-4a34-9ac0-19bab3af825f,Visakhapatnam,2026-05-07,2026-06-28
IN_APWRIMS_mehadrigadd_reservoir_e964c4dd,MEHADRIGADD RESERVOIR,MEHADRIGADD RESERVOIR,India,Andhra Pradesh / Telangana,Naravagedda,other,17.759283,83.194833,1.169,0.13,18.593,,,Irrigation,in_situ,APWRIMS,https://apwrims.ap.gov.in/,2026-06-28 19:12:50,e964c4dd-6a15-4147-9104-0a9626d1ac80,visakhapatnam,2026-05-07,2026-06-28
IN_APWRIMS_swarnamukhi_barrage_cum_bridge_1765fa8a,SWARNAMUKHI BARRAGE CUM BRIDGE,SWARNAMUKHI BARRAGE CUM BRIDGE,India,Andhra Pradesh / Telangana,Swarnamukhi,other,14.006975,80.067972,0.035,0,57.97,,,Irrigation,in_situ,APWRIMS,https://apwrims.ap.gov.in/,2026-06-28 19:12:51,1765fa8a-3f21-441c-9bd5-526b37ba9aec,Nellore,2026-05-07,2026-06-28
IN_APWRIMS_sarvepalli_reservoir_5bba311b,SARVEPALLI RESERVOIR,SARVEPALLI RESERVOIR,India,Andhra Pradesh / Telangana,sarvepalli,other,14.326686,80.012381,1.74,0,8.449,,,Irrigation,in_situ,APWRIMS,https://apwrims.ap.gov.in/,2026-06-28 19:12:52,5bba311b-8651-4dbb-859b-98e1e176d940,Nellore,2026-05-07,2026-06-28
IN_APWRIMS_narayanapuram_anicut_3f7ccade,NARAYANAPURAM ANICUT,NARAYANAPURAM ANICUT,India,Andhra Pradesh / Telangana,nagavali,other,18.485963,83.808668,0,0,32.769,,,Irrigation,in_situ,APWRIMS,https://apwrims.ap.gov.in/,2026-06-28 19:12:53,3f7ccade-c202-4169-ae1f-e617dd29a3a1,Srikakulam,2026-05-07,2026-06-28
IN_APWRIMS_madduvalasa_project_20f6ac7e,MADDUVALASA PROJECT,MADDUVALASA PROJECT,India,Andhra Pradesh / Telangana,maddigedda,other,18.587528,83.619456,3.373,0.07,64.999,,,Irrigation,in_situ,APWRIMS,https://apwrims.ap.gov.in/,2026-06-28 19:12:54,20f6ac7e-e464-4bc8-95e6-94c659ebb112,Vizianagaram,2026-05-07,2026-06-28
IN_APWRIMS_pampa_reservoir_3c11003b,PAMPA RESERVOIR,PAMPA RESERVOIR,India,Andhra Pradesh / Telangana,Pampa,other,17.287272,82.407053,0.423,0,32.001,,,Irrigation,in_situ,APWRIMS,https://apwrims.ap.gov.in/,2026-06-28 19:12:55,3c11003b-d0b7-4565-a318-b75bc3277a86,East Godavari,2026-05-12,2026-06-25
IN_APWRIMS_sunkesula_barrage_2c01a0fd,SUNKESULA BARRAGE,SUNKESULA BARRAGE,India,Andhra Pradesh / Telangana,Tungabhadra,Krishna,15.880025,77.830697,1.235,0.3,291.998,,,Irrigation,in_situ,APWRIMS,https://apwrims.ap.gov.in/,2026-06-28 19:12:56,2c01a0fd-388d-4d3c-b790-726f8ca0d690,kurnool,2026-05-07,2026-06-28
IN_APWRIMS_alaganuru_balancing_reservoir_0e6be4a2,ALAGANURU BALANCING RESERVOIR,ALAGANURU BALANCING RESERVOIR,India,Andhra Pradesh / Telangana,munimadugula vagu,Pennar,15.713217,78.413425,2.97,0,264.999,,,Irrigation,in_situ,APWRIMS,https://apwrims.ap.gov.in/,2026-06-28 19:12:57,0e6be4a2-db2a-42c0-a01d-9de81d835a5e,kurnool,2026-05-07,2026-06-28
IN_APWRIMS_velogodu_balancing_reservoir_9e2cb9f8,VELOGODU BALANCING RESERVOIR,VELOGODU BALANCING RESERVOIR,India,Andhra Pradesh / Telangana,Galeru,pennar,15.7249,78.591114,16.95,0.63,264.719,,,Irrigation,in_situ,APWRIMS,https://apwrims.ap.gov.in/,2026-06-28 19:12:58,9e2cb9f8-743b-473a-b966-7d11cb000a79,kurnool,2026-05-11,2026-06-26
IN_APWRIMS_varadarajaswamy_gudi_project_89fabc06,VARADARAJASWAMY GUDI PROJECT,VARADARAJASWAMY GUDI PROJECT,India,Andhra Pradesh / Telangana,munimadugula vagu,Krishna,15.966936,78.646356,0.389,0,370,,,Irrigation,in_situ,APWRIMS,https://apwrims.ap.gov.in/,2026-06-28 19:12:59,89fabc06-f306-4919-b057-6a749e68a277,Kurnool,2026-05-07,2026-06-28
IN_APWRIMS_zurreru_reservoir_901e15e0,ZURRERU RESERVOIR,ZURRERU RESERVOIR,India,Andhra Pradesh / Telangana,Zurreru,Krishna,15.309296,78.138037,0.266,0.02,263.652,,,Irrigation,in_situ,APWRIMS,https://apwrims.ap.gov.in/,2026-06-28 19:13:00,901e15e0-2d83-4546-bb15-5a60dafcf358,Kurnool,2026-05-07,2026-06-28
IN_APWRIMS_owk_reservoir_c116d365,OWK RESERVOIR,OWK RESERVOIR,India,Andhra Pradesh / Telangana,SRBC,other,15.196839,78.089336,3,1.68,227,,,Irrigation,in_situ,APWRIMS,https://apwrims.ap.gov.in/,2026-06-28 19:13:01,c116d365-f5f4-4828-946b-59cc9df53284,kurnool,2026-05-08,2026-06-28
IN_APWRIMS_chagallu_balancing_reservoir_0baf751c,CHAGALLU BALANCING RESERVOIR,CHAGALLU BALANCING RESERVOIR,India,Andhra Pradesh / Telangana,pennar,pennar,14.918283,77.828231,0.95,0.05,265.929,,,Irrigation,in_situ,APWRIMS,https://apwrims.ap.gov.in/,2026-06-28 19:13:02,0baf751c-7060-4d25-aea1-62524b8d1f53,Ananthapur,2026-05-07,2026-06-28
IN_APWRIMS_mid_pennar_reservoir_f29b32d3,MID PENNAR RESERVOIR,MID PENNAR RESERVOIR,India,Andhra Pradesh / Telangana,pennar,Pennar,14.870856,77.409369,5.17,0.21,365.739,,,Irrigation,in_situ,APWRIMS,https://apwrims.ap.gov.in/,2026-06-28 19:13:03,f29b32d3-cf35-4a18-a85d-79848a8b5f3c,"Anantpur, Cuddapah",2026-05-07,2026-06-28
IN_APWRIMS_penna_ahobilam_balancing_reservoir_1c20cc80,PENNA AHOBILAM BALANCING RESERVOIR,PENNA AHOBILAM BALANCING RESERVOIR,India,Andhra Pradesh / Telangana,pennar,pennar,14.790775,77.299342,5.5,0.33,442.999,,,Irrigation,in_situ,APWRIMS,https://apwrims.ap.gov.in/,2026-06-28 19:13:04,1c20cc80-9c3f-4a6f-bc74-e16b29b5ad9a,Ananthapur,2026-05-07,2026-06-28
IN_APWRIMS_bhairavanithippa_project_d5e80539,BHAIRAVANITHIPPA PROJECT,BHAIRAVANITHIPPA PROJECT,India,Andhra Pradesh / Telangana,vedavathi,other,14.539147,76.838433,2,0.04,504.438,,,Irrigation,in_situ,APWRIMS,https://apwrims.ap.gov.in/,2026-06-28 19:13:05,d5e80539-c254-486e-8f06-d51d951a5bb1,Ananthpur,2026-05-10,2026-06-28
IN_APWRIMS_yogi_vemana_maddileru_reservoir_5f99ff1c,YOGI VEMANA (MADDILERU) RESERVOIR,YOGI VEMANA (MADDILERU) RESERVOIR,India,Andhra Pradesh / Telangana,Maddeleru,other,14.358217,78.051733,0.9,0.3,382.999,,,Irrigation,in_situ,APWRIMS,https://apwrims.ap.gov.in/,2026-06-28 19:13:06,5f99ff1c-5c63-4c69-9929-b185336dea42,Ananthapur,2026-05-07,2026-06-28
IN_APWRIMS_chennaraya_swami_gudi_project_d8a1e0fc,CHENNARAYA SWAMI GUDI PROJECT,CHENNARAYA SWAMI GUDI PROJECT,India,Andhra Pradesh / Telangana,Papagni,other,13.861481,78.179478,0.17,0.01,587.35,,,Irrigation,in_situ,APWRIMS,https://apwrims.ap.gov.in/,2026-06-28 19:13:07,d8a1e0fc-ae8c-4438-b856-e919211549a6,Ananthapur,2026-05-11,
IN_APWRIMS_kalangi_reservoir_e3b8a981,KALANGI RESERVOIR,KALANGI RESERVOIR,India,Andhra Pradesh / Telangana,kalangi,Pennar,13.600693,79.796809,0.24,0,67.669,,,Irrigation,in_situ,APWRIMS,https://apwrims.ap.gov.in/,2026-06-28 19:13:08,e3b8a981-cbed-4e0f-a45a-58ff26348795,Chittoor,2026-05-07,2026-06-28
IN_APWRIMS_araniar_reservoir_aa64b669,ARANIAR RESERVOIR,ARANIAR RESERVOIR,India,Andhra Pradesh / Telangana,Araniyar,other,13.41835,79.745594,1.853,0.03,85.649,,,Irrigation,in_situ,APWRIMS,https://apwrims.ap.gov.in/,2026-06-28 19:13:09,aa64b669-3cd2-4483-b2f5-d1f123384726,Kanchipuram,2026-05-07,2026-06-28
IN_APWRIMS_krishnapuram_project_fd8d84e2,KRISHNAPURAM PROJECT,KRISHNAPURAM PROJECT,India,Andhra Pradesh / Telangana,Nagari,other,13.369092,79.353114,0.2,0.02,213,,,Irrigation,in_situ,APWRIMS,https://apwrims.ap.gov.in/,2026-06-28 19:13:10,fd8d84e2-87a0-4ff8-87d2-eeda16cad00a,Chittoor,2026-05-07,2026-06-28
IN_APWRIMS_kalyani_dam_d89c4ec1,KALYANI DAM,KALYANI DAM,India,Andhra Pradesh / Telangana,kalyani,other,13.657619,79.269236,0.91,0.03,274.323,,,Irrigation,in_situ,APWRIMS,https://apwrims.ap.gov.in/,2026-06-28 19:13:11,d89c4ec1-4d16-4131-aff9-a0f1e0e26a45,Chittoor,2026-05-08,2026-06-28
IN_APWRIMS_subbareddy_sagar_eb761fe7,SUBBAREDDY SAGAR,SUBBAREDDY SAGAR,India,Andhra Pradesh / Telangana,Kuntidevi Vagu,Godavari,17.331208,82.205725,0.235,0.03,87.005,,,Irrigation,in_situ,APWRIMS,https://apwrims.ap.gov.in/,2026-06-28 19:13:12,eb761fe7-4909-4df9-86ce-a8e62f1a1860,East Godavari,2026-05-07,2026-06-28
IN_APWRIMS_pedderu_reservoir_project_438c98a8,PEDDERU RESERVOIR PROJECT,PEDDERU RESERVOIR PROJECT,India,Andhra Pradesh / Telangana,Papagni,other,13.88413,78.37022,0.56,0.03,481.499,,,Irrigation,in_situ,APWRIMS,https://apwrims.ap.gov.in/,2026-06-28 19:13:13,438c98a8-eb29-43c8-a06c-0938b938ed66,Chittoor,2026-05-07,2026-06-28
IN_APWRIMS_ntr_reservoir_db007f1f,NTR RESERVOIR,NTR RESERVOIR,India,Andhra Pradesh / Telangana,tacheru,other,17.937527,82.767004,0.203,0.07,111.999,,,Irrigation,in_situ,APWRIMS,https://apwrims.ap.gov.in/,2026-06-28 19:13:14,db007f1f-3df5-4d6d-abd4-e8667e138bd7,visakhapatnam,2026-05-07,2026-06-27
IN_APWRIMS_gajuladinne_project_48384eca,GAJULADINNE PROJECT,GAJULADINNE PROJECT,India,Andhra Pradesh / Telangana,Handri,Krishna,15.693372,77.619367,4.5,0.65,376.998,,,Irrigation,in_situ,APWRIMS,https://apwrims.ap.gov.in/,2026-06-28 19:13:15,48384eca-f162-44bf-a484-f21bc4c47dbf,Kurnool,2026-05-07,2026-06-28
IN_APWRIMS_buggavanka_reservoir_001ef564,BUGGAVANKA RESERVOIR,BUGGAVANKA RESERVOIR,India,Andhra Pradesh / Telangana,buggavanka,Pennar,14.400233,78.835511,0.51,0.03,186.001,,,Irrigation,in_situ,APWRIMS,https://apwrims.ap.gov.in/,2026-06-28 19:13:16,001ef564-fb77-47b7-8725-ef1c55f1fa49,Cuddapah,2026-05-07,2026-06-28
IN_APWRIMS_veligallu_reservoir_32e583e8,VELIGALLU RESERVOIR,VELIGALLU RESERVOIR,India,Andhra Pradesh / Telangana,Papgni,Pennar,14.031528,78.477047,4.64,2.84,419.999,,,Irrigation,in_situ,APWRIMS,https://apwrims.ap.gov.in/,2026-06-28 19:13:17,32e583e8-18db-453e-bc0e-7187a58373be,Cuddapah,2026-05-07,2026-06-28
IN_APWRIMS_pincha_project_ee847fd6,PINCHA PROJECT,PINCHA PROJECT,India,Andhra Pradesh / Telangana,pincha,Pennar,13.909122,78.999814,0.327,0.01,304.8,,,Irrigation,in_situ,APWRIMS,https://apwrims.ap.gov.in/,2026-06-28 19:13:18,ee847fd6-6701-492b-8deb-862ecac3a0d3,"Cuddapah, Chittoor",2026-05-09,2026-06-28
IN_APWRIMS_annamayya_cheyyeru_reservoir_16b17962,ANNAMAYYA (CHEYYERU) RESERVOIR,ANNAMAYYA (CHEYYERU) RESERVOIR,India,Andhra Pradesh / Telangana,Pennar,Pennar,14.213719,79.017464,2.24,1.47,203.6,,,Irrigation,in_situ,APWRIMS,https://apwrims.ap.gov.in/,2026-06-28 19:13:18,16b17962-4e67-485c-b4e7-9cd18c7e6f68,Cuddapah,,
IN_APWRIMS_lower_sagileru_ani_cut_022ebbcc,LOWER SAGILERU ANI CUT,LOWER SAGILERU ANI CUT,India,Andhra Pradesh / Telangana,Sagileru,Pennar,14.953435,78.948202,0.169,0,156.969,,,Irrigation,in_situ,APWRIMS,https://apwrims.ap.gov.in/,2026-06-28 19:13:19,022ebbcc-adba-4d59-8fd0-598f00b28571,Cuddapah,2026-05-07,2026-06-28
IN_APWRIMS_brahmamsagar_reservoir_3a4daec9,BRAHMAMSAGAR RESERVOIR,BRAHMAMSAGAR RESERVOIR,India,Andhra Pradesh / Telangana,TGP,other,14.801586,78.894244,17.74,0.78,216.502,,,Irrigation,in_situ,APWRIMS,https://apwrims.ap.gov.in/,2026-06-28 19:13:20,3a4daec9-661f-4400-9a21-cad79c1f758a,kadapa,2026-05-07,2026-06-28
IN_APWRIMS_gandikota_reservoir_b1651343,GANDIKOTA RESERVOIR,GANDIKOTA RESERVOIR,India,Andhra Pradesh / Telangana,pennar,pennar,14.80858,78.25125,26.85,0.18,212.001,,,Irrigation,in_situ,APWRIMS,https://apwrims.ap.gov.in/,2026-06-28 19:13:21,b1651343-8580-4b6d-ac5d-d6b4688260ec,kadapa,2026-05-07,2026-06-27
IN_APWRIMS_chitravati_balancing_reservoir_7e103cea,CHITRAVATI BALANCING RESERVOIR,CHITRAVATI BALANCING RESERVOIR,India,Andhra Pradesh / Telangana,Chitravathi,pennar,14.5619,77.95885,10.229,0.38,298,,,Irrigation,in_situ,APWRIMS,https://apwrims.ap.gov.in/,2026-06-28 19:13:22,7e103cea-040e-464a-9dbe-d7a17bda3fc2,"kadapa,anantapur",2026-05-07,2026-06-28
IN_APWRIMS_kovvadakalva_reservoir_b7629dc4,KOVVADAKALVA RESERVOIR,KOVVADAKALVA RESERVOIR,India,Andhra Pradesh / Telangana,kovvada kalva,Godavari,17.198394,81.508123,0.44,0.03,90.501,,,Irrigation,in_situ,APWRIMS,https://apwrims.ap.gov.in/,2026-06-28 19:13:23,b7629dc4-91c6-41ff-a9b7-1d49bbc2b806,West Godavari,2026-05-07,2026-06-28
IN_APWRIMS_jalleru_reservoir_fe6aeb9c,JALLERU RESERVOIR,JALLERU RESERVOIR,India,Andhra Pradesh / Telangana,Yerrakalva,Godavari,17.290028,81.345755,0.54,0.14,217.801,,,Irrigation,in_situ,APWRIMS,https://apwrims.ap.gov.in/,2026-06-28 19:13:24,fe6aeb9c-3d2a-48c3-9934-f17653b6926a,West Godavari,2026-05-07,2026-06-28
IN_APWRIMS_yerrakalva_reservoir_b0eda010,YERRAKALVA RESERVOIR,YERRAKALVA RESERVOIR,India,Andhra Pradesh / Telangana,Yerrakalva,Godavari,17.099942,81.256744,4.43,0.38,81.049,,,Irrigation,in_situ,APWRIMS,https://apwrims.ap.gov.in/,2026-06-28 19:13:25,b0eda010-a7bd-49a4-a0b5-c10af6f93b16,West Godavari,2026-05-07,2026-06-28
IN_APWRIMS_jeedipalli_reservoir_f47bcc5a,JEEDIPALLI RESERVOIR,JEEDIPALLI RESERVOIR,India,Andhra Pradesh / Telangana,Handri-Neeva.,other,14.699136,77.270489,1.681,0.08,464.198,,,Irrigation,in_situ,APWRIMS,https://apwrims.ap.gov.in/,2026-06-28 19:13:26,f47bcc5a-c8da-4c55-9eba-2ffd605e3efb,Ananthapur,2026-05-07,2026-06-28
IN_APWRIMS_tammileru_reservoir_586ceeb9,TAMMILERU RESERVOIR,TAMMILERU RESERVOIR,India,Andhra Pradesh / Telangana,Thammileru,Godavari,17.008699,80.923623,1.23,0.3,108.204,,,Irrigation,in_situ,APWRIMS,https://apwrims.ap.gov.in/,2026-06-28 19:13:27,586ceeb9-3ad4-49bc-a92d-444015851593,West Godavari,2026-05-09,2026-06-28
IN_APWRIMS_vijayarai_anicut_f455494b,VIJAYARAI ANICUT,VIJAYARAI ANICUT,India,Andhra Pradesh / Telangana,Tammileru,Godavari,16.802797,81.037633,0,0,33.699,,,Irrigation,in_situ,APWRIMS,https://apwrims.ap.gov.in/,2026-06-28 19:13:28,f455494b-8345-4a83-af48-0f0b19b40d25,West Godavari,2026-05-07,2026-06-28
IN_APWRIMS_gonelavagu_reservoir_37df32d4,GONELAVAGU RESERVOIR,GONELAVAGU RESERVOIR,India,Andhra Pradesh / Telangana,gonelavagu,krishna,17.012161,80.959836,1.77,0.3,108.204,,,Irrigation,in_situ,APWRIMS,https://apwrims.ap.gov.in/,2026-06-28 19:13:29,37df32d4-09b4-4267-8a39-b86bde35eea2,Krishna,2026-05-09,2026-06-28
IN_APWRIMS_tungabadra_dam_b9c3f2e2,TUNGABADRA DAM,TUNGABADRA DAM,India,Andhra Pradesh / Telangana,Tungabhadra,,15.261246,76.337679,105.79,2.2,497.738,,,Irrigation,in_situ,APWRIMS,https://apwrims.ap.gov.in/,2026-06-28 19:13:30,b9c3f2e2-a837-4350-8ba8-d505fc17e837,,2026-05-07,2026-06-28
IN_APWRIMS_somasila_reservoir_0f512470,Somasila Reservoir,Somasila Reservoir,India,Andhra Pradesh / Telangana,PENNA,Pennar,14.490293,79.30424,78,7.57,100.584,,,Irrigation,in_situ,APWRIMS,https://apwrims.ap.gov.in/,2026-06-28 19:13:31,0f512470-1770-11e6-b6ba-3e1d05defe78,Nellore,2026-05-07,2026-06-28
IN_APWRIMS_musurimalli_bc715334,MUSURIMALLI,MUSURIMALLI,India,Andhra Pradesh / Telangana,Godavari,Godavari,17.380533,81.769769,1.6,0.17,122.999,,,Irrigation,in_situ,APWRIMS,https://apwrims.ap.gov.in/,2026-06-28 19:13:32,bc715334-4dab-11e6-a0d5-68f72823d03e,East Godavari,2026-05-11,2026-06-28
IN_APWRIMS_buggavagu_bc71b068,BUGGAVAGU,BUGGAVAGU,India,Andhra Pradesh / Telangana,Krishna,krishna,16.479456,79.559292,3.46,1.26,144.506,,,Irrigation,in_situ,APWRIMS,https://apwrims.ap.gov.in/,2026-06-28 19:13:33,bc71b068-4dab-11e6-a0d5-68f72823d03e,Guntur,2026-05-07,2026-06-28
IN_APWRIMS_mallimadugu_bc720982,MALLIMADUGU,MALLIMADUGU,India,Andhra Pradesh / Telangana,Swarnamukhi River,other,13.676739,79.524279,0.181,0.02,111.557,,,Irrigation,in_situ,APWRIMS,https://apwrims.ap.gov.in/,2026-06-28 19:13:34,bc720982-4dab-11e6-a0d5-68f72823d03e,Chittoor,2026-05-07,2026-06-28
IN_APWRIMS_bahuda_reservoir_bc72176a,BAHUDA RESERVOIR,BAHUDA RESERVOIR,India,Andhra Pradesh / Telangana,bahuda,other,13.562989,78.628789,0.398,0.02,614.172,,,Irrigation,in_situ,APWRIMS,https://apwrims.ap.gov.in/,2026-06-28 19:13:35,bc72176a-4dab-11e6-a0d5-68f72823d03e,Chittoor,2026-05-07,2026-06-28
IN_APWRIMS_subsidiary_reservoir_i_bc72203e,SUBSIDIARY RESERVOIR -I,SUBSIDIARY RESERVOIR -I,India,Andhra Pradesh / Telangana,pennar,other,14.845731,78.714053,2.135,0.29,223.001,,,Irrigation,in_situ,APWRIMS,https://apwrims.ap.gov.in/,2026-06-28 19:13:36,bc72203e-4dab-11e6-a0d5-68f72823d03e,Cuddapah,2026-05-07,2026-06-28
IN_APWRIMS_subsidiary_reservoir_ii_bc7228d6,SUBSIDIARY RESERVOIR -II,SUBSIDIARY RESERVOIR -II,India,Andhra Pradesh / Telangana,pennar,other,14.824035,78.755276,2.405,0.17,222.781,,,Irrigation,in_situ,APWRIMS,https://apwrims.ap.gov.in/,2026-06-28 19:13:37,bc7228d6-4dab-11e6-a0d5-68f72823d03e,Cuddapah,2026-05-07,2026-06-28
IN_APWRIMS_upper_pennar_bc723128,UPPER PENNAR,UPPER PENNAR,India,Andhra Pradesh / Telangana,Pennar,Pennar,14.336692,77.354025,1.81,0.24,536.439,,,Irrigation,in_situ,APWRIMS,https://apwrims.ap.gov.in/,2026-06-28 19:13:38,bc723128-4dab-11e6-a0d5-68f72823d03e,Ananthpur,2026-05-09,2026-06-28
IN_APWRIMS_ntr_jalasayam_ec1a0760,NTR Jalasayam,NTR Jalasayam,India,Andhra Pradesh / Telangana,ponnai,other,13.286094,79.13295,0.11,0,294.175,,,irrigation,in_situ,APWRIMS,https://apwrims.ap.gov.in/,2026-06-28 19:13:39,ec1a0760-84e8-11e6-ae22-56b6b6499611,Chittoor,2026-05-07,2026-06-28
IN_APWRIMS_gorakkalu_balancing_reservior_1c1a0760,GORAKKALU BALANCING RESERVIOR,GORAKKALU BALANCING RESERVIOR,India,Andhra Pradesh / Telangana,Krishna,Krishna,15.564181,78.401422,11,2.15,261,,,Irrigation,in_situ,APWRIMS,https://apwrims.ap.gov.in/,2026-06-28 19:13:40,1c1a0760-84e8-11e6-ae22-56b6b6499611,Kurnool,2026-05-07,2026-06-28
IN_APWRIMS_nellore_tank_4d351fe8,NELLORE TANK,NELLORE TANK,India,Andhra Pradesh / Telangana,Pennar,Pennar,14.469751,79.984404,0.837,0,20.79,,,Irrigation,in_situ,APWRIMS,https://apwrims.ap.gov.in/,2026-06-28 19:13:41,4d351fe8-c072-11e6-a4a6-cec0c932ce01,Nellore,2026-05-07,2026-06-28
IN_APWRIMS_nellore_anicut_ecc0c894,NELLORE ANICUT,NELLORE ANICUT,India,Andhra Pradesh / Telangana,Pennar,Pennar,14.469751,79.984404,0.38,0.04,13.719,,,Irrigation & Drinking water,in_situ,APWRIMS,https://apwrims.ap.gov.in/,2026-06-28 19:13:42,ecc0c894-c06f-11e6-a4a6-cec0c932ce01,Nellore,2026-05-07,2026-06-27
IN_APWRIMS_cherlopalli_reservoir_d47c97a8,Cherlopalli Reservoir,Cherlopalli Reservoir,India,Andhra Pradesh / Telangana,,,14.03475,78.112675,1.608,0.35,599.493,,,Irrigation,in_situ,APWRIMS,https://apwrims.ap.gov.in/,2026-06-28 19:13:43,d47c97a8-bfec-11e8-a355-529269fb1459,Ananthapur,2026-05-07,2026-06-25
IN_APWRIMS_marala_reservoir_85ddf356,Marala Reservoir,Marala Reservoir,India,Andhra Pradesh / Telangana,,,14.292201,77.938535,0.483,0.02,445.008,,,Irrigation,in_situ,APWRIMS,https://apwrims.ap.gov.in/,2026-06-28 19:13:44,85ddf356-bfee-11e8-a355-529269fb1459,Ananthapur,2026-05-09,2026-06-28
IN_APWRIMS_gollapalli_reservoir_9c2cc428,GOLLAPALLI RESERVOIR,GOLLAPALLI RESERVOIR,India,Andhra Pradesh / Telangana,,,14.200295,77.58291,1.913,0.65,528.999,,,"Irrigation, drinking water",in_situ,APWRIMS,https://apwrims.ap.gov.in/,2026-06-28 19:13:45,9c2cc428-c7b6-11e8-a8d5-f2801f1b9fd1,Ananthapur,2026-05-09,2026-06-27
IN_APWRIMS_badvel_tank_78adc592,BADVEL TANK,BADVEL TANK,India,Andhra Pradesh / Telangana,,,14.783333,79.075,1.36,0,145.63,,,Irrigation,in_situ,APWRIMS,https://apwrims.ap.gov.in/,2026-06-28 19:13:46,78adc592-336d-11e9-b210-d663bd873d93,KADAPA,2026-05-07,2026-06-28
IN_APWRIMS_goddamvaripalli_sr3_78ade112,GODDAMVARIPALLI SR3,GODDAMVARIPALLI SR3,India,Andhra Pradesh / Telangana,Pennar,Pennar,14.669581,78.032801,0.3,0.1,250,,,Irrigation,in_situ,APWRIMS,https://apwrims.ap.gov.in/,2026-06-28 19:13:46,78ade112-336d-11e9-b210-d663bd873d93,ANANTAPUR,2026-05-07,2026-06-28
IN_APWRIMS_goddumarri_anicut_78ade252,GODDUMARRI ANICUT,GODDUMARRI ANICUT,India,Andhra Pradesh / Telangana,Zurreru,Krishna,14.596922,78.009065,0.07,0.02,263.649,,,Irrigation,in_situ,APWRIMS,https://apwrims.ap.gov.in/,2026-06-28 19:13:47,78ade252-336d-11e9-b210-d663bd873d93,ANANTAPUR,2026-05-07,2026-06-28
IN_APWRIMS_paidipalem_balancing_reservoir_78ae1628,PAIDIPALEM BALANCING RESERVOIR,PAIDIPALEM BALANCING RESERVOIR,India,Andhra Pradesh / Telangana,Pennar,Pennar,14.70595,78.192531,6,0.05,281.33,,,Irrigation,in_situ,APWRIMS,https://apwrims.ap.gov.in/,2026-06-28 19:13:48,78ae1628-336d-11e9-b210-d663bd873d93,KADAPA,2026-05-09,2026-06-28
IN_APWRIMS_sarvaraja_sagar_78ae2974,SARVARAJA SAGAR,SARVARAJA SAGAR,India,Andhra Pradesh / Telangana,Pennar,Pennar,14.534967,78.455686,1.06,0.3,201.299,,,Irrigation,in_situ,APWRIMS,https://apwrims.ap.gov.in/,2026-06-28 19:13:49,78ae2974-336d-11e9-b210-d663bd873d93,KADAPA,2026-05-07,2026-06-28
IN_APWRIMS_thimmapuram_sr1_78ae40b2,THIMMAPURAM SR1,THIMMAPURAM SR1,India,Andhra Pradesh / Telangana,Pennar,Pennar,14.751429,78.140138,0.3,0.1,220.599,,,Irrigation,in_situ,APWRIMS,https://apwrims.ap.gov.in/,2026-06-28 19:13:50,78ae40b2-336d-11e9-b210-d663bd873d93,KADAPA,2026-05-07,2026-06-28
IN_APWRIMS_upper_sagileru_78ae45ee,UPPER SAGILERU,UPPER SAGILERU,India,Andhra Pradesh / Telangana,Sagileru,Pennar,15.143654,78.9202,,,,,,irrigation,in_situ,APWRIMS,https://apwrims.ap.gov.in/,2026-06-28 19:13:51,78ae45ee-336d-11e9-b210-d663bd873d93,"Kadapa, Kurnool, Nellore",,
IN_APWRIMS_vamikonda_sagar_reservoir_78ae4724,VAMIKONDA SAGAR RESERVOIR,VAMIKONDA SAGAR RESERVOIR,India,Andhra Pradesh / Telangana,Pennar,Pennar,14.599138,78.442685,1.658,0.26,200.001,,,Irrigation,in_situ,APWRIMS,https://apwrims.ap.gov.in/,2026-06-28 19:13:58,78ae4724-336d-11e9-b210-d663bd873d93,KADAPA,2026-05-07,2026-06-28
IN_APWRIMS_yellanur_sr2_78ae56f6,YELLANUR SR2,YELLANUR SR2,India,Andhra Pradesh / Telangana,Pennar,Pennar,14.695404,78.071,0.31,0.1,237.899,,,irrigation,in_situ,APWRIMS,https://apwrims.ap.gov.in/,2026-06-28 19:13:59,78ae56f6-336d-11e9-b210-d663bd873d93,"Kadapa, Anantapur",2026-05-07,2026-06-28
IN_APWRIMS_adavipalli_reservoir_78ae5c1e,ADAVIPALLI RESERVOIR,ADAVIPALLI RESERVOIR,India,Andhra Pradesh / Telangana,,,13.794386,78.871278,1.814,0.33,491.999,,,Irrigation,in_situ,APWRIMS,https://apwrims.ap.gov.in/,2026-06-28 19:14:00,78ae5c1e-336d-11e9-b210-d663bd873d93,CHITTOOR,2026-05-08,2026-06-27
IN_APWRIMS_adinimmayapalli_anicut_78ae5db8,ADINIMMAYAPALLI ANICUT,ADINIMMAYAPALLI ANICUT,India,Andhra Pradesh / Telangana,pennar,,14.605185,78.734177,0,0,132.5,,,Irrigation,in_situ,APWRIMS,https://apwrims.ap.gov.in/,2026-06-28 19:14:01,78ae5db8-336d-11e9-b210-d663bd873d93,KADAPA,2026-05-11,2026-06-25
IN_APWRIMS_krishnagiri_reservoir_78ae63d0,KRISHNAGIRI RESERVOIR,KRISHNAGIRI RESERVOIR,India,Andhra Pradesh / Telangana,,,15.538932,77.837385,0.164,,369,,,Irrigation,in_situ,APWRIMS,https://apwrims.ap.gov.in/,2026-06-28 19:14:02,78ae63d0-336d-11e9-b210-d663bd873d93,KURNOOL,2026-05-08,2026-06-28
IN_APWRIMS_paleru_bitragunta_anicut_78ae6524,PALERU BITRAGUNTA ANICUT,PALERU BITRAGUNTA ANICUT,India,Andhra Pradesh / Telangana,Paleru,Paleru,18.2154,83.8826,0.37,,13.82,,,irrigation,in_situ,APWRIMS,https://apwrims.ap.gov.in/,2026-06-28 19:14:03,78ae6524-336d-11e9-b210-d663bd873d93,PRAKASAM,2026-05-07,2026-06-28
IN_APWRIMS_pathikonda_reservoir_78ae665a,PATHIKONDA RESERVOIR,PATHIKONDA RESERVOIR,India,Andhra Pradesh / Telangana,Krishna,Pennar,15.45128,77.546633,1.126,0.24,450.601,,,Irrigation,in_situ,APWRIMS,https://apwrims.ap.gov.in/,2026-06-28 19:14:04,78ae665a-336d-11e9-b210-d663bd873d93,KURNOOL,2026-05-08,2026-06-28
IN_APWRIMS_pennar_kumudwathi_project_anicut_78ae68da,PENNAR KUMUDWATHI PROJECT (ANICUT),PENNAR KUMUDWATHI PROJECT (ANICUT),India,Andhra Pradesh / Telangana,,,13.824631,77.463211,0,,2034.351,,,Irrigation,in_situ,APWRIMS,https://apwrims.ap.gov.in/,2026-06-28 19:14:05,78ae68da-336d-11e9-b210-d663bd873d93,ANANTAPUR,2026-05-07,2026-06-27
IN_APWRIMS_srinivasapuram_reservoir_hnss_78ae6b6e,SRINIVASAPURAM RESERVOIR (HNSS),SRINIVASAPURAM RESERVOIR (HNSS),India,Andhra Pradesh / Telangana,Krishna,Pennar,13.968044,78.715085,1.02,0.032,430,,,Irrigation,in_situ,APWRIMS,https://apwrims.ap.gov.in/,2026-06-28 19:14:05,78ae6b6e-336d-11e9-b210-d663bd873d93,KADAPA,2026-05-07,2026-06-28
IN_APWRIMS_veera_raghavani_kota_anicut_78ae6cfe,VEERA RAGHAVANI KOTA ANICUT,VEERA RAGHAVANI KOTA ANICUT,India,Andhra Pradesh / Telangana,Manneru,Manneru,15.100972,79.80412,0.6,,74.14,,,irrigation,in_situ,APWRIMS,https://apwrims.ap.gov.in/,2026-06-28 19:14:06,78ae6cfe-336d-11e9-b210-d663bd873d93,PRAKASAM,2026-05-08,2026-06-28
IN_APWRIMS_purushotha_patnam_ls_4689cb6b,Purushotha patnam LS,Purushotha patnam LS,India,Andhra Pradesh / Telangana,,,,,,,,,,,in_situ,APWRIMS,https://apwrims.ap.gov.in/,2026-06-28 19:14:07,4689cb6b-ac60-474f-a345-5eb7279c46cc,,,
IN_APWRIMS_sileru_guntawada_reservoir_efdbd08c,Sileru (Guntawada) Reservoir,Sileru (Guntawada) Reservoir,India,Andhra Pradesh / Telangana,,,18.054767,82.035228,4.334,,414.528,,,,in_situ,APWRIMS,https://apwrims.ap.gov.in/,2026-06-28 19:14:08,efdbd08c-030f-41c2-a1ce-81bafa9ced34,,2026-05-07,2026-06-28
IN_APWRIMS_balimela_reservoir_d4ab99d9,Balimela Reservoir,Balimela Reservoir,India,Andhra Pradesh / Telangana,,,18.133665,82.115259,127.5,,462.07,,,,in_situ,APWRIMS,https://apwrims.ap.gov.in/,2026-06-28 19:14:09,d4ab99d9-f8f7-4bf8-9682-087c1bb3f95c,,,
IN_APWRIMS_donkarayi_reservoir_2de9e7fe,Donkarayi Reservoir,Donkarayi Reservoir,India,Andhra Pradesh / Telangana,Sileru River,GODAVARI,17.93428,81.795176,16.51,3.243,316.07,,,,in_situ,APWRIMS,https://apwrims.ap.gov.in/,2026-06-28 19:14:10,2de9e7fe-f1b3-4821-b295-0e3ab607ee4f,,2026-05-07,2026-06-28
IN_APWRIMS_hiramandalam_reservoir_88810ce5,HIRAMANDALAM RESERVOIR,HIRAMANDALAM RESERVOIR,India,Andhra Pradesh / Telangana,Vamsadara,,18.676385,83.945657,10,2.674,67.302,,,,in_situ,APWRIMS,https://apwrims.ap.gov.in/,2026-06-28 19:14:11,88810ce5-2eff-48aa-9977-8ba93fd1e650,,2026-05-07,2026-06-28
IN_APWRIMS_pendekallu_reservoir_6c7f0a4f,PENDEKALLU RESERVOIR,PENDEKALLU RESERVOIR,India,Andhra Pradesh / Telangana,Pennar,,14.973142,77.867327,0.65,0.042,256.934,,,,in_situ,APWRIMS,https://apwrims.ap.gov.in/,2026-06-28 19:14:12,6c7f0a4f-cecc-449f-9f84-079cd13e6742,,2026-05-07,2026-06-28
IN_APWRIMS_bcr_complex_db9ad359,BCR Complex,BCR Complex,India,Andhra Pradesh / Telangana,,Pennar,,,0,,,,,Irrigation,in_situ,APWRIMS,https://apwrims.ap.gov.in/,2026-06-28 19:14:13,db9ad359-7ba6-4641-b68f-c3f7cefed68e,,,
IN_APWRIMS_santajuturu_anicut_1eababfc,Santajuturu Anicut,Santajuturu Anicut,India,Andhra Pradesh / Telangana,Galeru,Pennar,,,0,,218.46,,,Irrigation,in_situ,APWRIMS,https://apwrims.ap.gov.in/,2026-06-28 19:14:14,1eababfc-41ff-46a0-9ad8-6cc79ad10a11,,,
IN_APWRIMS_rajoli_anicut_00ae58ac,Rajoli Anicut,Rajoli Anicut,India,Andhra Pradesh / Telangana,Kundu,pennar,,,0,,162.8,,,Irrigation,in_situ,APWRIMS,https://apwrims.ap.gov.in/,2026-06-28 19:14:15,00ae58ac-5d7f-4680-9a93-8c567215f7e3,,,
