reservoir_id,reservoir_name,reservoir_name_en,country,admin_unit,river,basin,lat,lon,capacity_total (million m^3),storage_capacity (million m^3),usable_capacity (million m^3),dead_storage (million m^3),avg_year_inflow (million m^3/year),source_type,province,rid_office,project_name,source_agency,source_url,last_updated
200102,เขื่อนสิริกิติ์,,Thailand,เหนือ,,,17.7656,100.5646,10508.0,9510.0,6660.0,2850.0,5696.45,large,,,,RID,https://app.rid.go.th/reservoir/,2026-04-22 07:36:15
200101,เขื่อนภูมิพล,,Thailand,เหนือ,,,17.247,98.971,13462.0,13462.0,9662.0,3800.0,5696.42,large,,,,RID,https://app.rid.go.th/reservoir/,2026-04-22 07:36:15
100104,เขื่อนแม่กวงอุดมธารา,,Thailand,เหนือ,,,18.92348,99.121978,295.0,263.0,249.0,14.0,194.33,large,,,,RID,https://app.rid.go.th/reservoir/,2026-04-22 07:36:15
100107,เขื่อนแควน้อยบำรุงแดน,,Thailand,เหนือ,,,17.023,100.327,1080.0,939.0,896.0,43.0,1511.64,large,,,,RID,https://app.rid.go.th/reservoir/,2026-04-22 07:36:15
200103,เขื่อนแม่งัดสมบูรณ์ชล,,Thailand,เหนือ,,,19.16138,99.04011,323.0,265.0,253.0,12.0,23739.24,large,,,,RID,https://app.rid.go.th/reservoir/,2026-04-22 07:36:15
100108,เขื่อนแม่มอก,,Thailand,เหนือ,,,17.20818657,99.42361467,110.0,110.0,94.1,15.9,201.67,large,,,,RID,https://app.rid.go.th/reservoir/,2026-04-22 07:36:15
100105,เขื่อนกิ่วลม,,Thailand,เหนือ,,,18.5239,99.6239,106.22,106.22,102.67,3.55,577.52,large,,,,RID,https://app.rid.go.th/reservoir/,2026-04-22 07:36:15
100106,เขื่อนกิ่วคอหมา,,Thailand,เหนือ,,,18.8,99.64,208.6,170.0,163.8,6.2,263.33,large,,,,RID,https://app.rid.go.th/reservoir/,2026-04-22 07:36:15
200205,เขื่อนอุบลรัตน์,,Thailand,ตะวันออกเฉียงเหนือ,,,16.774,102.619,2431.0,2431.0,1850.0,581.0,2653.76,large,,,,RID,https://app.rid.go.th/reservoir/,2026-04-22 07:36:15
200204,เขื่อนจุฬาภรณ์,,Thailand,ตะวันออกเฉียงเหนือ,,,16.5356,101.6493,181.0,164.0,127.0,37.0,171.81,large,,,,RID,https://app.rid.go.th/reservoir/,2026-04-22 07:36:15
200203,เขื่อนน้ำพุง,,Thailand,ตะวันออกเฉียงเหนือ,,,16.977,103.9707,200.0,165.0,157.0,8.0,136.36,large,,,,RID,https://app.rid.go.th/reservoir/,2026-04-22 07:36:15
200212,เขื่อนสิรินธร,,Thailand,ตะวันออกเฉียงเหนือ,,,15.207,105.428,1966.0,1966.0,1134.62,831.38,1654.65,large,,,,RID,https://app.rid.go.th/reservoir/,2026-04-22 07:36:15
100208,เขื่อนลำพระเพลิง,,Thailand,ตะวันออกเฉียงเหนือ,,,14.5944,101.8401,242.0,155.0,153.6,1.4,173.91,large,,,,RID,https://app.rid.go.th/reservoir/,2026-04-22 07:36:15
100207,เขื่อนลำตะคอง,,Thailand,ตะวันออกเฉียงเหนือ,,,14.8652,101.5604,445.0,314.49,291.79,22.7,282.46,large,,,,RID,https://app.rid.go.th/reservoir/,2026-04-22 07:36:15
100210,เขื่อนลำแชะ,,Thailand,ตะวันออกเฉียงเหนือ,,,14.4084,102.2836,325.0,275.0,268.0,7.0,203.31,large,,,,RID,https://app.rid.go.th/reservoir/,2026-04-22 07:36:15
100201,เขื่อนห้วยหลวง,,Thailand,ตะวันออกเฉียงเหนือ,,,17.364,102.583,135.57,135.57,128.98,6.59,170.0,large,,,,RID,https://app.rid.go.th/reservoir/,2026-04-22 07:36:15
100206,เขื่อนลำปาว,,Thailand,ตะวันออกเฉียงเหนือ,,,16.602595,103.441,2450.0,1980.0,1880.0,100.0,2255.04,large,,,,RID,https://app.rid.go.th/reservoir/,2026-04-22 07:36:15
100211,เขื่อนลำนางรอง,,Thailand,ตะวันออกเฉียงเหนือ,,,14.3012,102.764,196.67,121.41,118.41,3.0,135.45,large,,,,RID,https://app.rid.go.th/reservoir/,2026-04-22 07:36:15
100209,เขื่อนมูลบน,,Thailand,ตะวันออกเฉียงเหนือ,,,14.484,102.1474,350.0,141.0,134.0,7.0,99.21,large,,,,RID,https://app.rid.go.th/reservoir/,2026-04-22 07:36:15
100202,เขื่อนน้ำอูน,,Thailand,ตะวันออกเฉียงเหนือ,,,17.3095,103.7428,780.0,520.0,475.0,45.0,447.59,large,,,,RID,https://app.rid.go.th/reservoir/,2026-04-22 07:36:15
100301,เขื่อนป่าสักชลสิทธิ์,,Thailand,กลาง,,,14.8613,101.06615,960.0,960.0,957.0,3.0,2347.62,large,,,,RID,https://app.rid.go.th/reservoir/,2026-04-22 07:36:15
100302,เขื่อนทับเสลา,,Thailand,กลาง,,,15.54369,99.4482,190.0,160.0,143.0,17.0,148.87,large,,,,RID,https://app.rid.go.th/reservoir/,2026-04-22 07:36:15
100303,เขื่อนกระเสียว,,Thailand,กลาง,,,14.835957,99.6645,390.0,299.0,259.0,40.0,328.18,large,,,,RID,https://app.rid.go.th/reservoir/,2026-04-22 07:36:15
200402,เขื่อนวชิราลงกรณ,,Thailand,ตะวันตก,,,14.7982,98.5929,11000.0,8860.0,5848.0,3012.0,5464.48,large,,,,RID,https://app.rid.go.th/reservoir/,2026-04-22 07:36:15
200401,เขื่อนศรีนครินทร์,,Thailand,ตะวันตก,,,14.4091,99.1284,18770.0,17745.0,7480.0,10265.0,4729.03,large,,,,RID,https://app.rid.go.th/reservoir/,2026-04-22 07:36:15
100514,เขื่อนนฤบดินทรจินดา,,Thailand,ตะวันออก,,,14.0446,102.0149,338.0,295.0,280.75,14.25,548.97,large,,,,RID,https://app.rid.go.th/reservoir/,2026-04-22 07:36:15
100503,เขื่อนบางพระ,,Thailand,ตะวันออก,,,13.2148,100.9632,127.0,117.0,104.94,12.06,54.21,large,,,,RID,https://app.rid.go.th/reservoir/,2026-04-22 07:36:15
100501,เขื่อนขุนด่านปราการชล,,Thailand,ตะวันออก,,,14.312,101.319,224.9,224.0,219.48,4.52,817.76,large,,,,RID,https://app.rid.go.th/reservoir/,2026-04-22 07:36:15
100502,เขื่อนคลองสียัด,,Thailand,ตะวันออก,,,13.45,101.65,450.0,420.0,390.0,30.0,277.98,large,,,,RID,https://app.rid.go.th/reservoir/,2026-04-22 07:36:15
100504,เขื่อนหนองปลาไหล,,Thailand,ตะวันออก,,,12.969,101.251,205.85,163.75,150.25,13.5,259.99,large,,,,RID,https://app.rid.go.th/reservoir/,2026-04-22 07:36:15
100505,เขื่อนประแสร์,,Thailand,ตะวันออก,,,13.028,101.57,322.0,295.0,275.0,20.0,266.55,large,,,,RID,https://app.rid.go.th/reservoir/,2026-04-22 07:36:15
200603,เขื่อนรัชชประภา,,Thailand,ใต้,,,8.9726,98.806,6144.0,5638.84,4287.3,1351.54,2631.32,large,,,,RID,https://app.rid.go.th/reservoir/,2026-04-22 07:36:15
200604,เขื่อนบางลาง,,Thailand,ใต้,,,6.155,101.268,1590.0,1454.36,1178.08,276.28,1714.15,large,,,,RID,https://app.rid.go.th/reservoir/,2026-04-22 07:36:15
200601,เขื่อนแก่งกระจาน,,Thailand,ใต้,,,12.93162,99.62814,900.0,710.0,645.0,65.0,937.44,large,,,,RID,https://app.rid.go.th/reservoir/,2026-04-22 07:36:15
100602,เขื่อนปราณบุรี,,Thailand,ใต้,,,12.462558,99.79311,490.0,391.0,373.41,17.59,431.95,large,,,,RID,https://app.rid.go.th/reservoir/,2026-04-22 07:36:15
rsv01,อ่างเก็บน้ำห้วยแม่ออน,,Thailand,north,,,18.808626407,99.264615387,4.53,,,0.8,,middle,เชียงใหม่,สำนักงานชลประทานที่ 1,โครงการชลประทานเชียงใหม่,RID,https://app.rid.go.th/reservoir/,2026-04-22 07:36:15
rsv02,อ่างเก็บน้ำแม่จอกหลวง,,Thailand,north,,,18.839381,98.954616,1.1,,,0.1,,middle,เชียงใหม่,สำนักงานชลประทานที่ 1,โครงการชลประทานเชียงใหม่,RID,https://app.rid.go.th/reservoir/,2026-04-22 07:36:15
rsv03,อ่างเก็บน้ำห้วยมะนาว,,Thailand,north,,,18.63773077,98.780188953,4.3,,,0.1,,middle,เชียงใหม่,สำนักงานชลประทานที่ 1,โครงการชลประทานเชียงใหม่,RID,https://app.rid.go.th/reservoir/,2026-04-22 07:36:15
rsv04,อ่างเก็บน้ำห้วยโป่งจ้อ,,Thailand,north,,,18.528970873,98.75531857,2.772,,,0.05,,middle,เชียงใหม่,สำนักงานชลประทานที่ 1,โครงการชลประทานเชียงใหม่,RID,https://app.rid.go.th/reservoir/,2026-04-22 07:36:15
rsv05,อ่างเก็บน้ำแม่ตูบ,,Thailand,north,,,17.874245826,98.767761451,39.0,,,0.5,,middle,เชียงใหม่,สำนักงานชลประทานที่ 1,โครงการชลประทานเชียงใหม่,RID,https://app.rid.go.th/reservoir/,2026-04-22 07:36:15
rsv06,อ่างเก็บน้ำแม่โก๋น,,Thailand,north,,,19.433155174,99.229267277,5.53,,,0.32,,middle,เชียงใหม่,สำนักงานชลประทานที่ 1,โครงการชลประทานเชียงใหม่,RID,https://app.rid.go.th/reservoir/,2026-04-22 07:36:15
rsv07,อ่างเก็บน้ำห้วยเดื่อ,,Thailand,north,,,19.760401185,99.238730569,4.276,,,0.283,,middle,เชียงใหม่,สำนักงานชลประทานที่ 1,โครงการชลประทานเชียงใหม่,RID,https://app.rid.go.th/reservoir/,2026-04-22 07:36:15
rsv08,อ่างเก็บน้ำแม่แหลงหลวง,,Thailand,north,,,20.043662261,99.263467384,3.641,,,0.127,,middle,เชียงใหม่,สำนักงานชลประทานที่ 1,โครงการชลประทานเชียงใหม่,RID,https://app.rid.go.th/reservoir/,2026-04-22 07:36:15
rsv09,อ่างเก็บน้ำแม่ข้อน,,Thailand,north,,,19.46115612,98.934100494,4.08,,,0.35,,middle,เชียงใหม่,สำนักงานชลประทานที่ 1,โครงการชลประทานเชียงใหม่,RID,https://app.rid.go.th/reservoir/,2026-04-22 07:36:15
rsv10,อ่างเก็บน้ำสันหนอง,,Thailand,north,,,18.497546694,98.348224625,1.45,,,0.35,,middle,เชียงใหม่,สำนักงานชลประทานที่ 1,โครงการชลประทานเชียงใหม่,RID,https://app.rid.go.th/reservoir/,2026-04-22 07:36:15
rsv11,อ่างเก็บน้ำแม่ทะลบหลวง,,Thailand,north,,,19.712462023,99.213358519,15.3,,,2.3,,middle,เชียงใหม่,สำนักงานชลประทานที่ 1,โครงการชลประทานเชียงใหม่,RID,https://app.rid.go.th/reservoir/,2026-04-22 07:36:15
rsv531,อ่างเก็บน้ำ แม่สะลวม,,Thailand,north,,,19.373515,99.248612,16.24,,,0.55,,middle,เชียงใหม่,สำนักงานชลประทานที่ 1,โครงการชลประทานเชียงใหม่,RID,https://app.rid.go.th/reservoir/,2026-04-22 07:36:15
rsv13,อ่างเก็บน้ำแม่ตีบ,,Thailand,north,,,18.584366854,99.155063325,10.0,,,0.5,,middle,ลำพูน,สำนักงานชลประทานที่ 1,โครงการชลประทานลำพูน,RID,https://app.rid.go.th/reservoir/,2026-04-22 07:36:15
rsv14,อ่างเก็บน้ำแม่สาน,,Thailand,north,,,18.512844675,99.132700857,16.0,,,0.88,,middle,ลำพูน,สำนักงานชลประทานที่ 1,โครงการชลประทานลำพูน,RID,https://app.rid.go.th/reservoir/,2026-04-22 07:36:15
rsv15,อ่างเก็บน้ำแม่ธิ,,Thailand,north,,,18.614486772,99.182690939,5.5,,,0.15,,middle,ลำพูน,สำนักงานชลประทานที่ 1,โครงการชลประทานลำพูน,RID,https://app.rid.go.th/reservoir/,2026-04-22 07:36:15
rsv16,อ่างเก็บน้ำแม่เมย,,Thailand,north,,,18.357157675,98.960364761,3.6,,,0.02,,middle,ลำพูน,สำนักงานชลประทานที่ 1,โครงการชลประทานลำพูน,RID,https://app.rid.go.th/reservoir/,2026-04-22 07:36:15
rsv19,อ่างเก็บน้ำห้วยช้าง,,Thailand,north,,,20.226754231,100.368568692,6.3,,,0.3,,middle,เชียงราย,สำนักงานชลประทานที่ 2,โครงการชลประทานเชียงราย,RID,https://app.rid.go.th/reservoir/,2026-04-22 07:36:15
rsv20,อ่างเก็บน้ำแม่ต๊าก,,Thailand,north,,,19.796507893,100.014467204,13.0,,,1.45,,middle,เชียงราย,สำนักงานชลประทานที่ 2,โครงการชลประทานเชียงราย,RID,https://app.rid.go.th/reservoir/,2026-04-22 07:36:15
rsv21,อ่างเก็บน้ำแม่สรวย,,Thailand,north,,,19.681042949,99.536651461,73.0,,,3.0,,middle,เชียงราย,สำนักงานชลประทานที่ 2,โครงการส่งน้ำและบำรุงรักษาแม่ลาว,RID,https://app.rid.go.th/reservoir/,2026-04-22 07:36:15
rsv483,อ่างเก็บน้ำดอยงู,,Thailand,north,,,19.190984494,99.490613206,7.37,,,1.34,,middle,เชียงราย,สำนักงานชลประทานที่ 2,โครงการชลประทานเชียงราย,RID,https://app.rid.go.th/reservoir/,2026-04-22 07:36:15
rsv22,อ่างเก็บน้ำแม่ทะ,,Thailand,north,,,18.222775854,99.580865137,2.54,,,0.24,,middle,ลำปาง,สำนักงานชลประทานที่ 2,โครงการชลประทานลำปาง,RID,https://app.rid.go.th/reservoir/,2026-04-22 07:36:15
rsv23,อ่างเก็บน้ำแม่อาบ,,Thailand,north,,,17.657868411,99.128863598,7.56,,,0.54,,middle,ลำปาง,สำนักงานชลประทานที่ 2,โครงการชลประทานลำปาง,RID,https://app.rid.go.th/reservoir/,2026-04-22 07:36:15
rsv24,อ่างเก็บน้ำแม่ทาน,,Thailand,north,,,17.969346,99.3755,13.6,,,1.36,,middle,ลำปาง,สำนักงานชลประทานที่ 2,โครงการชลประทานลำปาง,RID,https://app.rid.go.th/reservoir/,2026-04-22 07:36:15
rsv25,อ่างเก็บน้ำห้วยสมัย,,Thailand,north,,,17.903735,99.430205,1.2,,,0.16,,middle,ลำปาง,สำนักงานชลประทานที่ 2,โครงการชลประทานลำปาง,RID,https://app.rid.go.th/reservoir/,2026-04-22 07:36:15
rsv26,อ่างเก็บน้ำแม่พริก,,Thailand,north,,,17.592993081,98.964775836,4.2,,,0.4,,middle,ลำปาง,สำนักงานชลประทานที่ 2,โครงการชลประทานลำปาง,RID,https://app.rid.go.th/reservoir/,2026-04-22 07:36:15
rsv27,อ่างเก็บน้ำแม่เลียงพัฒนา,,Thailand,north,,,18.187105936,99.145531481,6.9,,,0.8,,middle,ลำปาง,สำนักงานชลประทานที่ 2,โครงการชลประทานลำปาง,RID,https://app.rid.go.th/reservoir/,2026-04-22 07:36:15
rsv29,อ่างเก็บน้ำแม่ทรายคำ,,Thailand,north,,,18.432739588,99.524040872,1.248,,,0.138,,middle,ลำปาง,สำนักงานชลประทานที่ 2,โครงการชลประทานลำปาง,RID,https://app.rid.go.th/reservoir/,2026-04-22 07:36:15
rsv30,อ่างเก็บน้ำห้วยหลวงวังวัว,,Thailand,north,,,18.443170478,99.556985565,1.61,,,0.15,,middle,ลำปาง,สำนักงานชลประทานที่ 2,โครงการชลประทานลำปาง,RID,https://app.rid.go.th/reservoir/,2026-04-22 07:36:15
rsv31,อ่างเก็บน้ำห้วยแม่ค่อม,,Thailand,north,,,18.51310303,99.405035953,1.356,,,0.16,,middle,ลำปาง,สำนักงานชลประทานที่ 2,โครงการชลประทานลำปาง,RID,https://app.rid.go.th/reservoir/,2026-04-22 07:36:15
rsv32,อ่างเก็บน้ำแม่ต๋ำน้อย,,Thailand,north,,,18.46918315,99.370268467,1.0,,,0.07,,middle,ลำปาง,สำนักงานชลประทานที่ 2,โครงการชลประทานลำปาง,RID,https://app.rid.go.th/reservoir/,2026-04-22 07:36:15
rsv33,อ่างเก็บน้ำแม่เฟือง,,Thailand,north,,,18.49405792,99.395657184,1.132,,,0.178,,middle,ลำปาง,สำนักงานชลประทานที่ 2,โครงการชลประทานลำปาง,RID,https://app.rid.go.th/reservoir/,2026-04-22 07:36:15
rsv34,อ่างเก็บน้ำแม่ไฮ,,Thailand,north,,,18.076992604,99.370764588,1.225,,,0.115,,middle,ลำปาง,สำนักงานชลประทานที่ 2,โครงการชลประทานลำปาง,RID,https://app.rid.go.th/reservoir/,2026-04-22 07:36:15
rsv35,อ่างเก็บน้ำแม่ธิ,,Thailand,north,,,18.129355,99.400933,1.59,,,0.105,,middle,ลำปาง,สำนักงานชลประทานที่ 2,โครงการชลประทานลำปาง,RID,https://app.rid.go.th/reservoir/,2026-04-22 07:36:15
rsv36,อ่างเก็บน้ำห้วยแม่งอน,,Thailand,north,,,18.74176,100.067684,1.28,,,0.116,,middle,ลำปาง,สำนักงานชลประทานที่ 2,โครงการชลประทานลำปาง,RID,https://app.rid.go.th/reservoir/,2026-04-22 07:36:15
rsv37,อ่างเก็บน้ำแม่ต๋ำตอนล่าง,,Thailand,north,,,17.986912046,99.183599527,2.54,,,0.691,,middle,ลำปาง,สำนักงานชลประทานที่ 2,โครงการชลประทานลำปาง,RID,https://app.rid.go.th/reservoir/,2026-04-22 07:36:15
rsv38,อ่างเก็บน้ำแม่วะ,,Thailand,north,,,18.052686,99.490247,5.9,,,0.95,,middle,ลำปาง,สำนักงานชลประทานที่ 2,โครงการชลประทานลำปาง,RID,https://app.rid.go.th/reservoir/,2026-04-22 07:36:15
rsv39,อ่างเก็บน้ำแม่ล้อหัก,,Thailand,north,,,17.45176352,99.081193174,1.336,,,0.048,,middle,ลำปาง,สำนักงานชลประทานที่ 2,โครงการชลประทานลำปาง,RID,https://app.rid.go.th/reservoir/,2026-04-22 07:36:15
rsv40,อ่างเก็บน้ำแม่ทก,,Thailand,north,,,17.826873886,99.355513416,1.113,,,0.054,,middle,ลำปาง,สำนักงานชลประทานที่ 2,โครงการชลประทานลำปาง,RID,https://app.rid.go.th/reservoir/,2026-04-22 07:36:15
rsv41,อ่างเก็บน้ำแม่เรียง,,Thailand,north,,,17.822028194,99.338759255,1.12,,,0.338,,middle,ลำปาง,สำนักงานชลประทานที่ 2,โครงการชลประทานลำปาง,RID,https://app.rid.go.th/reservoir/,2026-04-22 07:36:15
rsv42,อ่างเก็บน้ำห้วยหลวง,,Thailand,north,,,17.917213122,99.393097853,1.26,,,0.17,,middle,ลำปาง,สำนักงานชลประทานที่ 2,โครงการชลประทานลำปาง,RID,https://app.rid.go.th/reservoir/,2026-04-22 07:36:15
rsv43,อ่างเก็บน้ำแม่กึ๊ด,,Thailand,north,,,18.115368378,99.273696227,1.3,,,0.16,,middle,ลำปาง,สำนักงานชลประทานที่ 2,โครงการชลประทานลำปาง,RID,https://app.rid.go.th/reservoir/,2026-04-22 07:36:15
rsv44,อ่างเก็บน้ำห้วยเกี๋ยง,,Thailand,north,,,18.261682163,99.209353794,11.6,,,0.6,,middle,ลำปาง,สำนักงานชลประทานที่ 2,โครงการชลประทานลำปาง,RID,https://app.rid.go.th/reservoir/,2026-04-22 07:36:15
rsv45,อ่างเก็บน้ำแม่ปอน,,Thailand,north,,,18.32111388,99.243257354,1.81,,,0.151,,middle,ลำปาง,สำนักงานชลประทานที่ 2,โครงการชลประทานลำปาง,RID,https://app.rid.go.th/reservoir/,2026-04-22 07:36:15
rsv46,อ่างเก็บน้ำห้วยแม่ยาว,,Thailand,north,,,18.300075,99.229447,3.48,,,0.28,,middle,ลำปาง,สำนักงานชลประทานที่ 2,โครงการชลประทานลำปาง,RID,https://app.rid.go.th/reservoir/,2026-04-22 07:36:15
rsv47,อ่างเก็บน้ำแม่ไพร,,Thailand,north,,,18.426055393,99.354642286,3.2,,,0.13,,middle,ลำปาง,สำนักงานชลประทานที่ 2,โครงการชลประทานลำปาง,RID,https://app.rid.go.th/reservoir/,2026-04-22 07:36:15
rsv48,อ่างเก็บน้ำห้วยแม่สัน,,Thailand,north,,,18.329785,99.277122,3.525,,,0.04,,middle,ลำปาง,สำนักงานชลประทานที่ 2,โครงการชลประทานลำปาง,RID,https://app.rid.go.th/reservoir/,2026-04-22 07:36:15
rsv478,อ่างเก็บน้ำแม่พริก (ผาวิ่งชู้),,Thailand,north,,,17.500485335,99.06898877,36.48,,,5.84,,middle,ลำปาง,สำนักงานชลประทานที่ 2,โครงการชลประทานลำปาง,RID,https://app.rid.go.th/reservoir/,2026-04-22 07:36:15
rsv479,อ่างเก็บน้ำแม่ฟ้า,,Thailand,north,,,18.696045589,99.592435866,19.92,,,1.1,,middle,ลำปาง,สำนักงานชลประทานที่ 2,โครงการชลประทานลำปาง,RID,https://app.rid.go.th/reservoir/,2026-04-22 07:36:15
rsv523,อ่างเก็บน้ำแม่อ้อน 2,,Thailand,north,,,18.779921,99.892218,19.1,,,0.5,,middle,ลำปาง,สำนักงานชลประทานที่ 2,โครงการชลประทานลำปาง,RID,https://app.rid.go.th/reservoir/,2026-04-22 07:36:15
rsv532,อ่างเก็บน้ำ แม่อาง,,Thailand,north,,,18.521677,99.71064,3.122,,,0.099,,middle,ลำปาง,สำนักงานชลประทานที่ 2,โครงการชลประทานลำปาง,RID,https://app.rid.go.th/reservoir/,2026-04-22 07:36:15
rsv49,อ่างเก็บน้ำห้วยแฮต,,Thailand,north,,,18.783135,100.841189,5.0,,,0.54,,middle,น่าน,สำนักงานชลประทานที่ 2,โครงการชลประทานน่าน,RID,https://app.rid.go.th/reservoir/,2026-04-22 07:36:15
rsv50,อ่างเก็บน้ำน้ำแหง,,Thailand,north,,,18.326427,100.681104,13.0,,,2.87,,middle,น่าน,สำนักงานชลประทานที่ 2,โครงการชลประทานน่าน,RID,https://app.rid.go.th/reservoir/,2026-04-22 07:36:15
rsv51,อ่างเก็บน้ำน้ำพงษ์,,Thailand,north,,,18.911141,100.964343,1.49,,,0.37,,middle,น่าน,สำนักงานชลประทานที่ 2,โครงการชลประทานน่าน,RID,https://app.rid.go.th/reservoir/,2026-04-22 07:36:15
rsv52,อ่างเก็บน้ำห้วยน้ำฮิ,,Thailand,north,,,18.588637782,100.684529177,6.0,,,0.4,,middle,น่าน,สำนักงานชลประทานที่ 2,โครงการชลประทานน่าน,RID,https://app.rid.go.th/reservoir/,2026-04-22 07:36:15
rsv533,อ่างเก็บน้ำ น้ำริม,,Thailand,north,,,19.142999,100.745633,3.99,,,0.67,,middle,น่าน,สำนักงานชลประทานที่ 2,โครงการชลประทานน่าน,RID,https://app.rid.go.th/reservoir/,2026-04-22 07:36:15
rsv534,อ่างเก็บน้ำ ห้วยชื่น,,Thailand,north,,,18.687321,100.629406,1.166,,,0.047,,middle,น่าน,สำนักงานชลประทานที่ 2,โครงการชลประทานน่าน,RID,https://app.rid.go.th/reservoir/,2026-04-22 07:36:15
rsv53,อ่างเก็บน้ำแม่ต๋ำ,,Thailand,north,,,19.005164869,99.952735525,41.5,,,2.5,,middle,พะเยา,สำนักงานชลประทานที่ 2,โครงการชลประทานพะเยา,RID,https://app.rid.go.th/reservoir/,2026-04-22 07:36:15
rsv54,อ่างเก็บน้ำแม่ปืม,,Thailand,north,,,19.356278821,99.868070786,50.32,,,1.65,,middle,พะเยา,สำนักงานชลประทานที่ 2,โครงการชลประทานพะเยา,RID,https://app.rid.go.th/reservoir/,2026-04-22 07:36:15
rsv480,อ่างเก็บน้ำแม่ใจ,,Thailand,north,,,19.38518614,99.738912545,3.0,,,1.1,,middle,พะเยา,สำนักงานชลประทานที่ 2,โครงการชลประทานพะเยา,RID,https://app.rid.go.th/reservoir/,2026-04-22 07:36:15
rsv522,อ่างเก็บน้ำแม่จุน,,Thailand,north,,,19.280627658,100.148615886,9.604,,,,,middle,พะเยา,สำนักงานชลประทานที่ 2,โครงการชลประทานพะเยา,RID,https://app.rid.go.th/reservoir/,2026-04-22 07:36:15
rsv55,อ่างเก็บน้ำคลองตรอน,,Thailand,north,,,17.593922539,100.547226629,59.0,,,6.0,,middle,อุตรดิตถ์,สำนักงานชลประทานที่ 3,โครงการชลประทานอุตรดิตถ์,RID,https://app.rid.go.th/reservoir/,2026-04-22 07:36:15
rsv450,อ่างเก็บน้ำห้วยแม่เฉย,,Thailand,north,,,17.772298031,100.165544739,4.0,,,0.27,,middle,อุตรดิตถ์,สำนักงานชลประทานที่ 3,โครงการชลประทานอุตรดิตถ์,RID,https://app.rid.go.th/reservoir/,2026-04-22 07:36:15
rsv518,อ่างเก็บน้ำห้วยน้ำรี,,Thailand,north,,,17.888626,100.352428,73.7,,,5.03,,middle,อุตรดิตถ์,สำนักงานชลประทานที่ 3,โครงการชลประทานอุตรดิตถ์,RID,https://app.rid.go.th/reservoir/,2026-04-22 07:36:15
rsv387,อ่างเก็บน้ำห้วยน้ำลาด,,Thailand,north,,,15.603861,100.683812,1.22,,,0.122,,middle,นครสวรรค์,สำนักงานชลประทานที่ 3,โครงการชลประทานนครสวรรค์,RID,https://app.rid.go.th/reservoir/,2026-04-22 07:36:15
rsv388,อ่างเก็บน้ำห้วยใหญ่(ไพศาลี),,Thailand,north,,,15.487287702,100.792641532,11.87,,,1.03,,middle,นครสวรรค์,สำนักงานชลประทานที่ 3,โครงการชลประทานนครสวรรค์,RID,https://app.rid.go.th/reservoir/,2026-04-22 07:36:15
rsv485,อ่างเก็บน้ำคลองโพธิ์,,Thailand,north,,,15.674370463,99.487057096,86.0,,,6.0,,middle,นครสวรรค์,สำนักงานชลประทานที่ 3,โครงการชลประทานนครสวรรค์,RID,https://app.rid.go.th/reservoir/,2026-04-22 07:36:15
rsv519,อ่างเก็บน้ำห้วยน้ำคับ,,Thailand,north,,,17.398081,100.70654,1.315,,,0.246,,middle,พิษณุโลก,สำนักงานชลประทานที่ 3,โครงการชลประทานพิษณุโลก,RID,https://app.rid.go.th/reservoir/,2026-04-22 07:36:15
rsv520,อ่างเก็บน้ำห้วยน้ำจวง,,Thailand,north,,,17.449292,100.686833,1.6,,,0.11,,middle,พิษณุโลก,สำนักงานชลประทานที่ 3,โครงการชลประทานพิษณุโลก,RID,https://app.rid.go.th/reservoir/,2026-04-22 07:36:15
rsv56,อ่างเก็บน้ำห้วยป่าบง,,Thailand,north,,,16.791856,99.555111,1.4,,,0.02,,middle,กำแพงเพชร,สำนักงานชลประทานที่ 4,โครงการชลประทานกำแพงเพชร,RID,https://app.rid.go.th/reservoir/,2026-04-22 07:36:15
rsv57,อ่างเก็บน้ำคลองน้ำไหล,,Thailand,north,,,16.215924163,99.277729404,38.5,,,0.75,,middle,กำแพงเพชร,สำนักงานชลประทานที่ 4,โครงการชลประทานกำแพงเพชร,RID,https://app.rid.go.th/reservoir/,2026-04-22 07:36:15
rsv511,อ่างเก็บน้ำคลองไพร,,Thailand,north,,,16.486749957,99.23696162,14.358,,,0.031,,middle,กำแพงเพชร,สำนักงานชลประทานที่ 4,โครงการชลประทานกำแพงเพชร,RID,https://app.rid.go.th/reservoir/,2026-04-22 07:36:15
rsv58,อ่างเก็บน้ำแม่มาน,,Thailand,north,,,18.016474294,100.136241703,18.75,,,1.1,,middle,แพร่,สำนักงานชลประทานที่ 4,โครงการชลประทานแพร่,RID,https://app.rid.go.th/reservoir/,2026-04-22 07:36:15
rsv59,อ่างเก็บน้ำแม่สอง,,Thailand,north,,,18.496581919,100.230918568,65.8,,,12.6,,middle,แพร่,สำนักงานชลประทานที่ 4,โครงการชลประทานแพร่,RID,https://app.rid.go.th/reservoir/,2026-04-22 07:36:15
rsv60,อ่างเก็บน้ำแม่ถาง,,Thailand,north,,,18.221104017,100.319328122,30.62,,,2.5,,middle,แพร่,สำนักงานชลประทานที่ 4,โครงการชลประทานแพร่,RID,https://app.rid.go.th/reservoir/,2026-04-22 07:36:15
rsv61,อ่างเก็บน้ำแม่คำปอง,,Thailand,north,,,18.25634392,100.344356306,6.76,,,0.128,,middle,แพร่,สำนักงานชลประทานที่ 4,โครงการชลประทานแพร่,RID,https://app.rid.go.th/reservoir/,2026-04-22 07:36:15
rsv464,อ่างเก็บน้ำแม่สาย,,Thailand,north,,,18.0832894,100.223992987,10.5,,,1.4,,middle,แพร่,สำนักงานชลประทานที่ 4,โครงการชลประทานแพร่,RID,https://app.rid.go.th/reservoir/,2026-04-22 07:36:15
rsv62,อ่างเก็บน้ำคลองข้างใน,,Thailand,north,,,16.835884765,99.72743775,9.0,,,0.34,,middle,สุโขทัย,สำนักงานชลประทานที่ 4,โครงการชลประทานสุโขทัย,RID,https://app.rid.go.th/reservoir/,2026-04-22 07:36:15
rsv63,อ่างเก็บน้ำห้วยท่าแพ,,Thailand,north,,,17.482445046,99.627398993,58.0,,,8.8,,middle,สุโขทัย,สำนักงานชลประทานที่ 4,โครงการชลประทานสุโขทัย,RID,https://app.rid.go.th/reservoir/,2026-04-22 07:36:15
rsv64,อ่างเก็บน้ำห้วยแม่สูง,,Thailand,north,,,17.553468,99.707398,12.45,,,1.04,,middle,สุโขทัย,สำนักงานชลประทานที่ 4,โครงการชลประทานสุโขทัย,RID,https://app.rid.go.th/reservoir/,2026-04-22 07:36:15
rsv490,อ่างเก็บน้ำห้วยทรวง,,Thailand,north,,,17.659236971,99.854640486,8.0,,,0.4,,middle,สุโขทัย,สำนักงานชลประทานที่ 4,โครงการชลประทานสุโขทัย,RID,https://app.rid.go.th/reservoir/,2026-04-22 07:36:15
rsv494,อ่างเก็บน้ำแม่กองค่าย,,Thailand,north,,,17.167828382,99.367476048,13.0,,,0.58,,middle,สุโขทัย,สำนักงานชลประทานที่ 4,โครงการชลประทานสุโขทัย,RID,https://app.rid.go.th/reservoir/,2026-04-22 07:36:15
rsv536,อ่างเก็บน้ำ ห้วยไร่,,Thailand,north,,,17.668762,99.823079,7.33,,,0.14,,middle,สุโขทัย,สำนักงานชลประทานที่ 4,โครงการชลประทานสุโขทัย,RID,https://app.rid.go.th/reservoir/,2026-04-22 07:36:15
rsv537,อ่างเก็บน้ำ ห้วยแม่สำ,,Thailand,north,,,17.603393,99.759026,4.93,,,0.36,,middle,สุโขทัย,สำนักงานชลประทานที่ 4,โครงการชลประทานสุโขทัย,RID,https://app.rid.go.th/reservoir/,2026-04-22 07:36:15
rsv65,อ่างเก็บน้ำห้วยแม่สอด,,Thailand,north,,,16.708299,98.616026,5.5,,,0.434,,middle,ตาก,สำนักงานชลประทานที่ 4,โครงการชลประทานตาก,RID,https://app.rid.go.th/reservoir/,2026-04-22 07:36:15
rsv66,อ่างเก็บน้ำห้วยลึก,,Thailand,north,,,16.758407698,98.603190735,5.8,,,0.1,,middle,ตาก,สำนักงานชลประทานที่ 4,โครงการชลประทานตาก,RID,https://app.rid.go.th/reservoir/,2026-04-22 07:36:15
rsv486,อ่างเก็บน้ำห้วยแม่ท้อ,,Thailand,north,,,16.850855885,99.048945218,63.0,,,3.5,,middle,ตาก,สำนักงานชลประทานที่ 4,โครงการชลประทานตาก,RID,https://app.rid.go.th/reservoir/,2026-04-22 07:36:15
rsv535,อ่างเก็บน้ำ แม่สอดตอนบน,,Thailand,north,,,16.712461,98.642143,13.0,,,0.45,,middle,ตาก,สำนักงานชลประทานที่ 4,โครงการชลประทานตาก,RID,https://app.rid.go.th/reservoir/,2026-04-22 07:36:15
rsv71,อ่างเก็บน้ำห้วยน้ำสวย,,Thailand,northeast,,,17.637888271,101.952534618,3.3,,,0.945,,middle,เลย,สำนักงานชลประทานที่ 5,โครงการชลประทานเลย,RID,https://app.rid.go.th/reservoir/,2026-04-22 07:36:15
rsv72,อ่างเก็บน้ำห้วยยาง,,Thailand,northeast,,,16.892699655,101.882377982,3.713,,,0.72,,middle,เลย,สำนักงานชลประทานที่ 5,โครงการชลประทานเลย,RID,https://app.rid.go.th/reservoir/,2026-04-22 07:36:15
rsv73,อ่างเก็บน้ำห้วยลิ้นควาย,,Thailand,northeast,,,17.509434915,102.015846532,29.0,,,2.0,,middle,เลย,สำนักงานชลประทานที่ 5,โครงการชลประทานเลย,RID,https://app.rid.go.th/reservoir/,2026-04-22 07:36:15
rsv74,อ่างเก็บน้ำห้วยอีเลิศ,,Thailand,northeast,,,17.308552769,101.723302768,1.65,,,0.08,,middle,เลย,สำนักงานชลประทานที่ 5,โครงการชลประทานเลย,RID,https://app.rid.go.th/reservoir/,2026-04-22 07:36:15
rsv75,อ่างเก็บน้ำห้วยน้ำพาว,,Thailand,northeast,,,17.530685,101.702098,1.364,,,0.03,,middle,เลย,สำนักงานชลประทานที่ 5,โครงการชลประทานเลย,RID,https://app.rid.go.th/reservoir/,2026-04-22 07:36:15
rsv76,อ่างเก็บน้ำห้วยน้ำหมาน,,Thailand,northeast,,,17.505748007,101.623984336,26.5,,,1.47,,middle,เลย,สำนักงานชลประทานที่ 5,โครงการชลประทานเลย,RID,https://app.rid.go.th/reservoir/,2026-04-22 07:36:15
rsv77,อ่างเก็บน้ำห้วยแห้ว,,Thailand,northeast,,,17.693607,101.644236,2.73,,,0.188,,middle,เลย,สำนักงานชลประทานที่ 5,โครงการชลประทานเลย,RID,https://app.rid.go.th/reservoir/,2026-04-22 07:36:15
rsv502,อ่างเก็บน้ำน้ำเลย,,Thailand,northeast,,,17.045492881,101.664547606,35.807,,,5.858,,middle,เลย,สำนักงานชลประทานที่ 5,โครงการชลประทานเลย,RID,https://app.rid.go.th/reservoir/,2026-04-22 07:36:15
rsv505,อ่างเก็บน้ำ ห้วยศอก,,Thailand,northeast,,,17.295061559,101.2047998,9.975,,,0.102,,middle,เลย,สำนักงานชลประทานที่ 5,โครงการชลประทานเลย,RID,https://app.rid.go.th/reservoir/,2026-04-22 07:36:15
rsv521,อ่างเก็บน้ำห้วยน้ำทบ,,Thailand,northeast,,,17.246555,101.62383,7.43,,,0.3,,middle,เลย,สำนักงานชลประทานที่ 5,โครงการชลประทานเลย,RID,https://app.rid.go.th/reservoir/,2026-04-22 07:36:15
rsv538,อ่างเก็บน้ำ ห้วยน้ำไพร้,,Thailand,northeast,,,17.463117,101.072816,1.04,,,0.033,,middle,เลย,สำนักงานชลประทานที่ 5,โครงการชลประทานเลย,RID,https://app.rid.go.th/reservoir/,2026-04-22 07:36:15
rsv83,อ่างเก็บน้ำห้วยบังพวน,,Thailand,northeast,,,17.674450049,102.605782774,8.62,,,0.25,,middle,หนองคาย,สำนักงานชลประทานที่ 5,โครงการชลประทานหนองคาย,RID,https://app.rid.go.th/reservoir/,2026-04-22 07:36:15
rsv84,อ่างเก็บน้ำห้วยทอน (ตอนบน),,Thailand,northeast,,,17.961364599,102.383662685,7.8,,,0.153,,middle,หนองคาย,สำนักงานชลประทานที่ 5,โครงการชลประทานหนองคาย,RID,https://app.rid.go.th/reservoir/,2026-04-22 07:36:15
rsv85,อ่างเก็บน้ำห้วยเปลวเงือก,,Thailand,northeast,,,18.061983,103.147914,2.75,,,0.12,,middle,หนองคาย,สำนักงานชลประทานที่ 5,โครงการชลประทานหนองคาย,RID,https://app.rid.go.th/reservoir/,2026-04-22 07:36:15
rsv88,อ่างเก็บน้ำห้วยหินแก้ว,,Thailand,northeast,,,17.948825312,102.365557614,4.0,,,0.3,,middle,หนองคาย,สำนักงานชลประทานที่ 5,โครงการชลประทานหนองคาย,RID,https://app.rid.go.th/reservoir/,2026-04-22 07:36:15
rsv512,อ่างเก็บน้ำห้วยไฮ,,Thailand,northeast,,,17.930406254,102.341642976,4.1,,,0.2,,middle,หนองคาย,สำนักงานชลประทานที่ 5,โครงการชลประทานหนองคาย,RID,https://app.rid.go.th/reservoir/,2026-04-22 07:36:15
rsv86,อ่างเก็บน้ำห้วยซำ,,Thailand,northeast,,,18.088346954,103.441996569,2.4,,,0.525,,middle,บึงกาฬ,สำนักงานชลประทานที่ 5,โครงการชลประทานบึงกาฬ,RID,https://app.rid.go.th/reservoir/,2026-04-22 07:36:15
rsv87,อ่างเก็บน้ำห้วยสหาย,,Thailand,northeast,,,18.300192746,103.985246886,1.96,,,0.137,,middle,บึงกาฬ,สำนักงานชลประทานที่ 5,โครงการชลประทานบึงกาฬ,RID,https://app.rid.go.th/reservoir/,2026-04-22 07:36:15
rsv91,อ่างเก็บน้ำภูเพ็ก,,Thailand,northeast,,,17.218594254,103.950996169,2.7,,,0.175,,middle,สกลนคร,สำนักงานชลประทานที่ 5,โครงการชลประทานสกลนคร,RID,https://app.rid.go.th/reservoir/,2026-04-22 07:36:15
rsv92,อ่างเก็บน้ำห้วยเดียก,,Thailand,northeast,,,17.125402026,104.033908091,4.0,,,0.24,,middle,สกลนคร,สำนักงานชลประทานที่ 5,โครงการชลประทานสกลนคร,RID,https://app.rid.go.th/reservoir/,2026-04-22 07:36:15
rsv93,อ่างเก็บน้ำห้วยโท-ห้วยยาง,,Thailand,northeast,,,16.962343454,104.315840374,7.75,,,1.0,,middle,สกลนคร,สำนักงานชลประทานที่ 5,โครงการชลประทานสกลนคร,RID,https://app.rid.go.th/reservoir/,2026-04-22 07:36:15
rsv94,อ่างเก็บน้ำห้วยหวด,,Thailand,northeast,,,16.933631476,104.170595917,21.0,,,1.29,,middle,สกลนคร,สำนักงานชลประทานที่ 5,โครงการชลประทานสกลนคร,RID,https://app.rid.go.th/reservoir/,2026-04-22 07:36:15
rsv95,อ่างเก็บน้ำห้วยโป่ง,,Thailand,northeast,,,17.398998461,103.670337544,1.63,,,0.83,,middle,สกลนคร,สำนักงานชลประทานที่ 5,โครงการชลประทานสกลนคร,RID,https://app.rid.go.th/reservoir/,2026-04-22 07:36:15
rsv96,อ่างเก็บน้ำห้วยกระเฌอ,,Thailand,northeast,,,17.080041616,103.72695738,8.99,,,0.7,,middle,สกลนคร,สำนักงานชลประทานที่ 5,โครงการชลประทานสกลนคร,RID,https://app.rid.go.th/reservoir/,2026-04-22 07:36:15
rsv97,อ่างเก็บน้ำห้วยโทง,,Thailand,northeast,,,17.662148115,103.73803139,7.6,,,0.04,,middle,สกลนคร,สำนักงานชลประทานที่ 5,โครงการชลประทานสกลนคร,RID,https://app.rid.go.th/reservoir/,2026-04-22 07:36:15
rsv98,อ่างเก็บน้ำห้วยทรายสว่าง,,Thailand,northeast,,,17.478047496,103.474622266,1.1,,,0.15,,middle,สกลนคร,สำนักงานชลประทานที่ 5,โครงการชลประทานสกลนคร,RID,https://app.rid.go.th/reservoir/,2026-04-22 07:36:15
rsv100,อ่างเก็บน้ำห้วยก้านเหลือง,,Thailand,northeast,,,17.338522315,103.397442888,5.9,,,0.52,,middle,สกลนคร,สำนักงานชลประทานที่ 5,โครงการชลประทานสกลนคร,RID,https://app.rid.go.th/reservoir/,2026-04-22 07:36:15
rsv101,อ่างเก็บน้ำห้วยขี้หิน,,Thailand,northeast,,,16.847204459,103.933452717,4.0,,,0.55,,middle,สกลนคร,สำนักงานชลประทานที่ 5,โครงการชลประทานสกลนคร,RID,https://app.rid.go.th/reservoir/,2026-04-22 07:36:15
rsv103,อ่างเก็บน้ำห้วยคำ,,Thailand,northeast,,,17.725318884,103.588678128,6.5,,,0.4,,middle,สกลนคร,สำนักงานชลประทานที่ 5,โครงการชลประทานสกลนคร,RID,https://app.rid.go.th/reservoir/,2026-04-22 07:36:15
rsv104,อ่างเก็บน้ำห้วยซวง,,Thailand,northeast,,,17.731677427,103.624291124,6.0,,,0.4,,middle,สกลนคร,สำนักงานชลประทานที่ 5,โครงการชลประทานสกลนคร,RID,https://app.rid.go.th/reservoir/,2026-04-22 07:36:15
rsv105,อ่างเก็บน้ำห้วยรังแร้ง,,Thailand,northeast,,,17.936744416,103.551133805,2.2,,,0.1,,middle,สกลนคร,สำนักงานชลประทานที่ 5,โครงการชลประทานสกลนคร,RID,https://app.rid.go.th/reservoir/,2026-04-22 07:36:15
rsv106,อ่างเก็บน้ำห้วยหินแตก,,Thailand,northeast,,,17.264549,103.838393,1.5,,,0.15,,middle,สกลนคร,สำนักงานชลประทานที่ 5,โครงการชลประทานสกลนคร,RID,https://app.rid.go.th/reservoir/,2026-04-22 07:36:15
rsv107,อ่างเก็บน้ำห้วยน้ำบ่อ,,Thailand,northeast,,,17.200224347,103.990888987,2.2,,,0.075,,middle,สกลนคร,สำนักงานชลประทานที่ 5,โครงการชลประทานสกลนคร,RID,https://app.rid.go.th/reservoir/,2026-04-22 07:36:15
rsv108,อ่างเก็บน้ำห้วยแข้,,Thailand,northeast,,,16.824435524,103.95332752,3.8,,,0.225,,middle,สกลนคร,สำนักงานชลประทานที่ 5,โครงการชลประทานสกลนคร,RID,https://app.rid.go.th/reservoir/,2026-04-22 07:36:15
rsv109,อ่างเก็บน้ำห้วยนาอ่าง,,Thailand,northeast,,,16.984649,104.1108995,1.82,,,0.16,,middle,สกลนคร,สำนักงานชลประทานที่ 5,ศูนย์ศึกษาการพัฒนาภูพานอันเนื่องมาจากพระราชดำริ จังหวัดสกลนคร,RID,https://app.rid.go.th/reservoir/,2026-04-22 07:36:15
rsv110,อ่างเก็บน้ำห้วยซับคำโรงสี,,Thailand,northeast,,,17.903933472,103.612142385,2.0,,,0.5,,middle,สกลนคร,สำนักงานชลประทานที่ 5,โครงการชลประทานสกลนคร,RID,https://app.rid.go.th/reservoir/,2026-04-22 07:36:15
rsv111,อ่างเก็บน้ำบ้านดงมะไฟ,,Thailand,northeast,,,17.882063525,103.593709038,1.0,,,0.1,,middle,สกลนคร,สำนักงานชลประทานที่ 5,โครงการชลประทานสกลนคร,RID,https://app.rid.go.th/reservoir/,2026-04-22 07:36:15
rsv112,อ่างเก็บน้ำห้วยทราย,,Thailand,northeast,,,16.975224204,104.28710241,1.5,,,0.003,,middle,สกลนคร,สำนักงานชลประทานที่ 5,โครงการชลประทานสกลนคร,RID,https://app.rid.go.th/reservoir/,2026-04-22 07:36:15
rsv113,อ่างเก็บน้ำห้วยทรายขมิ้น,,Thailand,northeast,,,17.219040449,104.031373731,3.18,,,0.24,,middle,สกลนคร,สำนักงานชลประทานที่ 5,โครงการชลประทานสกลนคร,RID,https://app.rid.go.th/reservoir/,2026-04-22 07:36:15
rsv114,อ่างเก็บน้ำห้วยคำบากน้อย,,Thailand,northeast,,,17.315693683,103.335320877,4.0,,,0.495,,middle,สกลนคร,สำนักงานชลประทานที่ 5,โครงการชลประทานสกลนคร,RID,https://app.rid.go.th/reservoir/,2026-04-22 07:36:15
rsv117,อ่างเก็บน้ำห้วยหินชะแนนใหญ่,,Thailand,northeast,,,17.382056932,104.406741514,12.5,,,0.17,,middle,สกลนคร,สำนักงานชลประทานที่ 5,โครงการชลประทานสกลนคร,RID,https://app.rid.go.th/reservoir/,2026-04-22 07:36:15
rsv118,อ่างเก็บน้ำห้วยคำผักหนาม,,Thailand,northeast,,,17.86226,103.61112,2.91,,,0.44,,middle,สกลนคร,สำนักงานชลประทานที่ 5,โครงการชลประทานสกลนคร,RID,https://app.rid.go.th/reservoir/,2026-04-22 07:36:15
rsv128,อ่างเก็บน้ำโคกภูใหม่ 2,,Thailand,northeast,,,17.029865115,103.80175076,1.0,,,0.12,,middle,สกลนคร,สำนักงานชลประทานที่ 5,โครงการชลประทานสกลนคร,RID,https://app.rid.go.th/reservoir/,2026-04-22 07:36:15
rsv131,อ่างเก็บน้ำห้วยเคลิ้ม,,Thailand,northeast,,,17.066733186,104.063948794,1.5,,,0.11,,middle,สกลนคร,สำนักงานชลประทานที่ 5,ศูนย์ศึกษาการพัฒนาภูพานอันเนื่องมาจากพระราชดำริ จังหวัดสกลนคร,RID,https://app.rid.go.th/reservoir/,2026-04-22 07:36:15
rsv132,อ่างเก็บน้ำห้วยเรือ,,Thailand,northeast,,,17.043948402,104.077846892,2.9,,,0.15,,middle,สกลนคร,สำนักงานชลประทานที่ 5,ศูนย์ศึกษาการพัฒนาภูพานอันเนื่องมาจากพระราชดำริ จังหวัดสกลนคร,RID,https://app.rid.go.th/reservoir/,2026-04-22 07:36:15
rsv133,อ่างเก็บน้ำห้วยอ่าง,,Thailand,northeast,,,17.076136185,104.051423627,1.5,,,0.12,,middle,สกลนคร,สำนักงานชลประทานที่ 5,ศูนย์ศึกษาการพัฒนาภูพานอันเนื่องมาจากพระราชดำริ จังหวัดสกลนคร,RID,https://app.rid.go.th/reservoir/,2026-04-22 07:36:15
rsv134,อ่างเก็บน้ำห้วยทรายตอนบน 1,,Thailand,northeast,,,17.178747,103.994149,2.1,,,0.27,,middle,สกลนคร,สำนักงานชลประทานที่ 5,ศูนย์ศึกษาการพัฒนาภูพานอันเนื่องมาจากพระราชดำริ จังหวัดสกลนคร,RID,https://app.rid.go.th/reservoir/,2026-04-22 07:36:15
rsv135,อ่างเก็บน้ำห้วยทราย,,Thailand,northeast,,,17.810802629,102.31957804,2.288,,,0.25,,middle,อุดรธานี,สำนักงานชลประทานที่ 5,โครงการชลประทานอุดรธานี,RID,https://app.rid.go.th/reservoir/,2026-04-22 07:36:15
rsv136,อ่างเก็บน้ำห้วยสามพาด,,Thailand,northeast,,,17.215434119,102.785219513,18.5,,,0.89,,middle,อุดรธานี,สำนักงานชลประทานที่ 5,โครงการชลประทานอุดรธานี,RID,https://app.rid.go.th/reservoir/,2026-04-22 07:36:15
rsv137,อ่างเก็บน้ำบ้านจั่น,,Thailand,northeast,,,17.352576648,102.794535337,4.35,,,,,middle,อุดรธานี,สำนักงานชลประทานที่ 5,โครงการชลประทานอุดรธานี,RID,https://app.rid.go.th/reservoir/,2026-04-22 07:36:15
rsv138,อ่างเก็บน้ำกุดลิงง้อ,,Thailand,northeast,,,17.323868285,102.730482612,6.44,,,0.225,,middle,อุดรธานี,สำนักงานชลประทานที่ 5,โครงการชลประทานอุดรธานี,RID,https://app.rid.go.th/reservoir/,2026-04-22 07:36:15
rsv139,อ่างเก็บน้ำหนองสำโรง,,Thailand,northeast,,,17.466368021,102.776266695,11.4,,,8.21,,middle,อุดรธานี,สำนักงานชลประทานที่ 5,โครงการชลประทานอุดรธานี,RID,https://app.rid.go.th/reservoir/,2026-04-22 07:36:15
rsv140,อ่างเก็บน้ำหนองปะโค,,Thailand,northeast,,,17.105066232,102.937950332,3.077,,,1.0,,middle,อุดรธานี,สำนักงานชลประทานที่ 5,โครงการชลประทานอุดรธานี,RID,https://app.rid.go.th/reservoir/,2026-04-22 07:36:15
rsv465,อ่างเก็บน้ำลำพันชาด,,Thailand,northeast,,,17.017870283,103.516112415,53.5,,,5.88,,middle,อุดรธานี,สำนักงานชลประทานที่ 5,โครงการชลประทานอุดรธานี,RID,https://app.rid.go.th/reservoir/,2026-04-22 07:36:15
rsv466,อ่างเก็บน้ำลำพันชาดน้อย,,Thailand,northeast,,,17.08101,103.627888,1.9,,,0.14,,middle,อุดรธานี,สำนักงานชลประทานที่ 5,โครงการชลประทานอุดรธานี,RID,https://app.rid.go.th/reservoir/,2026-04-22 07:36:15
rsv513,อ่างเก็บน้ำห้วยตะคลองใหญ่,,Thailand,northeast,,,17.894668148,102.362395326,8.4,,,0.3,,middle,อุดรธานี,สำนักงานชลประทานที่ 5,โครงการชลประทานอุดรธานี,RID,https://app.rid.go.th/reservoir/,2026-04-22 07:36:15
rsv514,อ่างเก็บน้ำห้วยน้ำม้า,,Thailand,northeast,,,17.852532903,102.351048761,5.4,,,0.28,,middle,อุดรธานี,สำนักงานชลประทานที่ 5,โครงการชลประทานอุดรธานี,RID,https://app.rid.go.th/reservoir/,2026-04-22 07:36:15
rsv149,อ่างเก็บน้ำห้วยเหล่ายาง,,Thailand,northeast,,,17.237484,102.462481,2.469,,,0.12,,middle,หนองบัวลำภู,สำนักงานชลประทานที่ 5,โครงการชลประทานหนองบัวลำภู,RID,https://app.rid.go.th/reservoir/,2026-04-22 07:36:15
rsv501,อ่างเก็บน้ำห้วยน้ำบอง,,Thailand,northeast,,,16.907239056,102.414030623,20.8,,,2.18,,middle,หนองบัวลำภู,สำนักงานชลประทานที่ 5,โครงการชลประทานหนองบัวลำภู,RID,https://app.rid.go.th/reservoir/,2026-04-22 07:36:15
rsv150,อ่างเก็บน้ำห้วยส้มป่อย,,Thailand,northeast,,,15.624182073,101.710640117,7.646,,,0.6,,middle,ชัยภูมิ,สำนักงานชลประทานที่ 6,โครงการชลประทานชัยภูมิ,RID,https://app.rid.go.th/reservoir/,2026-04-22 07:36:15
rsv151,อ่างเก็บน้ำลำช่อระกา,,Thailand,northeast,,,15.900433451,101.983922937,10.312,,,1.033,,middle,ชัยภูมิ,สำนักงานชลประทานที่ 6,โครงการชลประทานชัยภูมิ,RID,https://app.rid.go.th/reservoir/,2026-04-22 07:36:15
rsv152,อ่างเก็บน้ำน้ำพรม,,Thailand,northeast,,,16.324895,101.857628,3.34,,,0.08,,middle,ชัยภูมิ,สำนักงานชลประทานที่ 6,โครงการชลประทานชัยภูมิ,RID,https://app.rid.go.th/reservoir/,2026-04-22 07:36:15
rsv153,อ่างเก็บน้ำลำคันฉู,,Thailand,northeast,,,15.493549466,101.545172598,42.6,,,3.3,,middle,ชัยภูมิ,สำนักงานชลประทานที่ 6,โครงการส่งน้ำและบำรุงรักษาพัฒนาลุ่มน้ำชีตอนบน,RID,https://app.rid.go.th/reservoir/,2026-04-22 07:36:15
rsv154,อ่างเก็บน้ำบ้านเพชร,,Thailand,northeast,,,16.361017645,102.297462303,19.675,,,3.0,,middle,ชัยภูมิ,สำนักงานชลประทานที่ 6,โครงการชลประทานชัยภูมิ,RID,https://app.rid.go.th/reservoir/,2026-04-22 07:36:15
rsv155,อ่างเก็บน้ำห้วยทราย,,Thailand,northeast,,,15.556669091,101.612453982,10.3,,,1.5,,middle,ชัยภูมิ,สำนักงานชลประทานที่ 6,โครงการชลประทานชัยภูมิ,RID,https://app.rid.go.th/reservoir/,2026-04-22 07:36:15
rsv539,อ่างเก็บน้ำ โปร่งขุนเพชร,,Thailand,northeast,,,15.756598,101.665037,43.7,,,1.04,,middle,ชัยภูมิ,สำนักงานชลประทานที่ 6,โครงการส่งน้ำและบำรุงรักษาพัฒนาลุ่มน้ำชีตอนบน,RID,https://app.rid.go.th/reservoir/,2026-04-22 07:36:15
rsv159,อ่างเก็บน้ำห้วยแกง,,Thailand,northeast,,,16.536524189,103.68773234,23.325,,,0.65,,middle,กาฬสินธุ์,สำนักงานชลประทานที่ 6,โครงการชลประทานกาฬสินธุ์,RID,https://app.rid.go.th/reservoir/,2026-04-22 07:36:15
rsv160,อ่างเก็บน้ำห้วยสะทด,,Thailand,northeast,,,16.692612,103.858008,11.66,,,0.5,,middle,กาฬสินธุ์,สำนักงานชลประทานที่ 6,โครงการชลประทานกาฬสินธุ์,RID,https://app.rid.go.th/reservoir/,2026-04-22 07:36:15
rsv161,อ่างเก็บน้ำบึงอร่าม,,Thailand,northeast,,,16.400905779,103.346664327,3.6,,,0.285,,middle,กาฬสินธุ์,สำนักงานชลประทานที่ 6,โครงการชลประทานกาฬสินธุ์,RID,https://app.rid.go.th/reservoir/,2026-04-22 07:36:15
rsv162,อ่างเก็บน้ำหนองหญ้าม้า,,Thailand,northeast,,,16.470686001,103.273859096,2.558,,,0.3,,middle,กาฬสินธุ์,สำนักงานชลประทานที่ 6,โครงการชลประทานกาฬสินธุ์,RID,https://app.rid.go.th/reservoir/,2026-04-22 07:36:15
rsv163,อ่างเก็บน้ำห้วยวังลิ้นฟ้า,,Thailand,northeast,,,16.509505,103.205704,3.35,,,0.17,,middle,กาฬสินธุ์,สำนักงานชลประทานที่ 6,โครงการชลประทานกาฬสินธุ์,RID,https://app.rid.go.th/reservoir/,2026-04-22 07:36:15
rsv164,อ่างเก็บน้ำห้วยสังเคียบ,,Thailand,northeast,,,16.837744,103.755912,7.5,,,0.529,,middle,กาฬสินธุ์,สำนักงานชลประทานที่ 6,โครงการชลประทานกาฬสินธุ์,RID,https://app.rid.go.th/reservoir/,2026-04-22 07:36:15
rsv165,อ่างเก็บน้ำลำพะยัง (ตอนบน),,Thailand,northeast,,,16.658727121,104.172373208,4.137,,,0.15,,middle,กาฬสินธุ์,สำนักงานชลประทานที่ 6,โครงการชลประทานกาฬสินธุ์,RID,https://app.rid.go.th/reservoir/,2026-04-22 07:36:15
rsv166,อ่างเก็บน้ำห้วยสีทน,,Thailand,northeast,,,16.487627053,103.529317222,3.55,,,0.09,,middle,กาฬสินธุ์,สำนักงานชลประทานที่ 6,โครงการชลประทานกาฬสินธุ์,RID,https://app.rid.go.th/reservoir/,2026-04-22 07:36:15
rsv167,อ่างเก็บน้ำห้วยโพธิ์,,Thailand,northeast,,,16.371101245,103.563164602,2.444,,,0.23,,middle,กาฬสินธุ์,สำนักงานชลประทานที่ 6,โครงการชลประทานกาฬสินธุ์,RID,https://app.rid.go.th/reservoir/,2026-04-22 07:36:15
rsv168,อ่างเก็บน้ำห้วยมะโน,,Thailand,northeast,,,16.764058244,104.041930048,5.815,,,0.6,,middle,กาฬสินธุ์,สำนักงานชลประทานที่ 6,โครงการชลประทานกาฬสินธุ์,RID,https://app.rid.go.th/reservoir/,2026-04-22 07:36:15
rsv169,อ่างเก็บน้ำห้วยผึ้ง,,Thailand,northeast,,,16.660949296,103.905816982,4.15,,,0.24,,middle,กาฬสินธุ์,สำนักงานชลประทานที่ 6,โครงการชลประทานกาฬสินธุ์,RID,https://app.rid.go.th/reservoir/,2026-04-22 07:36:15
rsv170,อ่างเก็บน้ำห้วยฝา,,Thailand,northeast,,,16.672070385,103.890902763,6.422,,,0.7,,middle,กาฬสินธุ์,สำนักงานชลประทานที่ 6,โครงการชลประทานกาฬสินธุ์,RID,https://app.rid.go.th/reservoir/,2026-04-22 07:36:15
rsv171,อ่างเก็บน้ำห้วยจุมจัง,,Thailand,northeast,,,16.525717574,104.143338787,7.381,,,0.667,,middle,กาฬสินธุ์,สำนักงานชลประทานที่ 6,โครงการชลประทานกาฬสินธุ์,RID,https://app.rid.go.th/reservoir/,2026-04-22 07:36:15
rsv540,อ่างเก็บน้ำ ห้วยสมอทบ,,Thailand,northeast,,,16.945119,103.748553,2.065,,,0.3,,middle,กาฬสินธุ์,สำนักงานชลประทานที่ 6,โครงการชลประทานกาฬสินธุ์,RID,https://app.rid.go.th/reservoir/,2026-04-22 07:36:15
rsv177,อ่างเก็บน้ำแก่งละว้า,,Thailand,northeast,,,16.174878888,102.68120831,45.784,,,1.3,,middle,ขอนแก่น,สำนักงานชลประทานที่ 6,โครงการชลประทานขอนแก่น,RID,https://app.rid.go.th/reservoir/,2026-04-22 07:36:15
rsv178,อ่างเก็บน้ำห้วยยาง,,Thailand,northeast,,,16.134533369,102.4759817,3.019,,,0.53,,middle,ขอนแก่น,สำนักงานชลประทานที่ 6,โครงการชลประทานขอนแก่น,RID,https://app.rid.go.th/reservoir/,2026-04-22 07:36:15
rsv179,อ่างเก็บน้ำหนองนาวัว,,Thailand,northeast,,,16.042757414,102.711328079,1.391,,,0.207,,middle,ขอนแก่น,สำนักงานชลประทานที่ 6,โครงการชลประทานขอนแก่น,RID,https://app.rid.go.th/reservoir/,2026-04-22 07:36:15
rsv180,อ่างเก็บน้ำห้วยทราย,,Thailand,northeast,,,16.066452151,102.77090024,2.355,,,0.23,,middle,ขอนแก่น,สำนักงานชลประทานที่ 6,โครงการชลประทานขอนแก่น,RID,https://app.rid.go.th/reservoir/,2026-04-22 07:36:15
rsv181,อ่างเก็บน้ำหนองกรองแก้ว,,Thailand,northeast,,,16.0980436,102.621150652,13.589,,,4.31,,middle,ขอนแก่น,สำนักงานชลประทานที่ 6,โครงการชลประทานขอนแก่น,RID,https://app.rid.go.th/reservoir/,2026-04-22 07:36:15
rsv182,อ่างเก็บน้ำห้วยใหญ่,,Thailand,northeast,,,16.5727,102.6187,1.4,,,0.37,,middle,ขอนแก่น,สำนักงานชลประทานที่ 6,โครงการชลประทานขอนแก่น,RID,https://app.rid.go.th/reservoir/,2026-04-22 07:36:15
rsv183,อ่างเก็บน้ำละเลิงหวาย,,Thailand,northeast,,,15.794215371,102.604945587,3.737,,,0.03,,middle,ขอนแก่น,สำนักงานชลประทานที่ 6,โครงการชลประทานขอนแก่น,RID,https://app.rid.go.th/reservoir/,2026-04-22 07:36:15
rsv184,อ่างเก็บน้ำห้วยเตย,,Thailand,northeast,,,16.269635269,102.815654324,5.337,,,0.03,,middle,ขอนแก่น,สำนักงานชลประทานที่ 6,โครงการชลประทานขอนแก่น,RID,https://app.rid.go.th/reservoir/,2026-04-22 07:36:15
rsv185,อ่างเก็บน้ำห้วยลอมไผ่,,Thailand,northeast,,,16.734570915,102.133935665,5.6,,,0.26,,middle,ขอนแก่น,สำนักงานชลประทานที่ 6,โครงการชลประทานขอนแก่น,RID,https://app.rid.go.th/reservoir/,2026-04-22 07:36:15
rsv188,อ่างเก็บน้ำโสกรวก,,Thailand,northeast,,,16.6437626,102.3733173,1.0,,,0.177,,middle,ขอนแก่น,สำนักงานชลประทานที่ 6,โครงการชลประทานขอนแก่น,RID,https://app.rid.go.th/reservoir/,2026-04-22 07:36:15
rsv190,อ่างเก็บน้ำแก่งเลิงจาน,,Thailand,northeast,,,16.185624015,103.268506486,8.024,,,2.275,,middle,มหาสารคาม,สำนักงานชลประทานที่ 6,โครงการชลประทานมหาสารคาม,RID,https://app.rid.go.th/reservoir/,2026-04-22 07:36:15
rsv191,อ่างเก็บน้ำห้วยขอนสัก,,Thailand,northeast,,,16.207243199,102.916738615,8.659,,,1.08,,middle,มหาสารคาม,สำนักงานชลประทานที่ 6,โครงการชลประทานมหาสารคาม,RID,https://app.rid.go.th/reservoir/,2026-04-22 07:36:15
rsv192,อ่างเก็บน้ำหนองเทวราช,,Thailand,northeast,,,16.416480032,103.106818931,1.606,,,0.278,,middle,มหาสารคาม,สำนักงานชลประทานที่ 6,โครงการชลประทานมหาสารคาม,RID,https://app.rid.go.th/reservoir/,2026-04-22 07:36:15
rsv193,อ่างเก็บน้ำหนองบัว,,Thailand,northeast,,,16.318097034,103.299142063,3.58,,,0.492,,middle,มหาสารคาม,สำนักงานชลประทานที่ 6,โครงการชลประทานมหาสารคาม,RID,https://app.rid.go.th/reservoir/,2026-04-22 07:36:15
rsv194,อ่างเก็บน้ำร่องหัวช้าง,,Thailand,northeast,,,16.088830345,103.160844457,1.29,,,0.759,,middle,มหาสารคาม,สำนักงานชลประทานที่ 6,โครงการชลประทานมหาสารคาม,RID,https://app.rid.go.th/reservoir/,2026-04-22 07:36:15
rsv195,อ่างเก็บน้ำห้วยประดู่,,Thailand,northeast,,,16.130171634,103.17452129,2.804,,,0.04,,middle,มหาสารคาม,สำนักงานชลประทานที่ 6,โครงการชลประทานมหาสารคาม,RID,https://app.rid.go.th/reservoir/,2026-04-22 07:36:15
rsv196,อ่างเก็บน้ำห้วยคะคาง,,Thailand,northeast,,,16.05,103.26880072,4.126,,,0.334,,middle,มหาสารคาม,สำนักงานชลประทานที่ 6,โครงการชลประทานมหาสารคาม,RID,https://app.rid.go.th/reservoir/,2026-04-22 07:36:15
rsv197,อ่างเก็บน้ำหนองกระทุ่ม,,Thailand,northeast,,,16.160303977,103.418266629,2.636,,,0.075,,middle,มหาสารคาม,สำนักงานชลประทานที่ 6,โครงการชลประทานมหาสารคาม,RID,https://app.rid.go.th/reservoir/,2026-04-22 07:36:15
rsv198,อ่างเก็บน้ำหนองแกดำ,,Thailand,northeast,,,16.028621894,103.394556062,1.625,,,0.12,,middle,มหาสารคาม,สำนักงานชลประทานที่ 6,โครงการชลประทานมหาสารคาม,RID,https://app.rid.go.th/reservoir/,2026-04-22 07:36:15
rsv199,อ่างเก็บน้ำห้วยค้อ,,Thailand,northeast,,,15.824344761,103.032387141,31.338,,,3.193,,middle,มหาสารคาม,สำนักงานชลประทานที่ 6,โครงการชลประทานมหาสารคาม,RID,https://app.rid.go.th/reservoir/,2026-04-22 07:36:15
rsv201,อ่างฯ อ่างเก็บน้ำหนองบ่อ,,Thailand,northeast,,,16.023258765,103.126448521,3.584,,,0.191,,middle,มหาสารคาม,สำนักงานชลประทานที่ 6,โครงการส่งน้ำและบำรุงรักษาเสียวใหญ่,RID,https://app.rid.go.th/reservoir/,2026-04-22 07:36:15
rsv202,อ่างเก็บน้ำห้วยเชียงคำ,,Thailand,northeast,,,15.970988763,103.101980315,5.066,,,0.679,,middle,มหาสารคาม,สำนักงานชลประทานที่ 6,โครงการชลประทานมหาสารคาม,RID,https://app.rid.go.th/reservoir/,2026-04-22 07:36:15
rsv203,อ่างเก็บน้ำห้วยจอกขวาง,,Thailand,northeast,,,15.830489021,103.383361779,3.04,,,0.139,,middle,มหาสารคาม,สำนักงานชลประทานที่ 6,โครงการชลประทานมหาสารคาม,RID,https://app.rid.go.th/reservoir/,2026-04-22 07:36:15
rsv204,อ่างเก็บน้ำหนองไฮ,,Thailand,northeast,,,15.814838994,103.426781799,2.244,,,0.167,,middle,มหาสารคาม,สำนักงานชลประทานที่ 6,โครงการชลประทานมหาสารคาม,RID,https://app.rid.go.th/reservoir/,2026-04-22 07:36:15
rsv207,อ่างเก็บน้ำห้วยแอ่ง,,Thailand,northeast,,,16.116402802,103.457361238,22.299,,,0.4,,middle,ร้อยเอ็ด,สำนักงานชลประทานที่ 6,โครงการชลประทานร้อยเอ็ด,RID,https://app.rid.go.th/reservoir/,2026-04-22 07:36:15
rsv208,อ่างเก็บน้ำหนองหญ้าม้า,,Thailand,northeast,,,16.027369,103.683763,2.117,,,0.091,,middle,ร้อยเอ็ด,สำนักงานชลประทานที่ 6,โครงการชลประทานร้อยเอ็ด,RID,https://app.rid.go.th/reservoir/,2026-04-22 07:36:15
rsv209,อ่างเก็บน้ำธวัชชัย,,Thailand,northeast,,,16.049941929,103.74759958,5.007,,,0.11,,middle,ร้อยเอ็ด,สำนักงานชลประทานที่ 6,โครงการชลประทานร้อยเอ็ด,RID,https://app.rid.go.th/reservoir/,2026-04-22 07:36:15
rsv210,อ่างเก็บน้ำห้วยแล้ง,,Thailand,northeast,,,15.878654128,103.448574539,4.414,,,0.185,,middle,ร้อยเอ็ด,สำนักงานชลประทานที่ 6,โครงการชลประทานร้อยเอ็ด,RID,https://app.rid.go.th/reservoir/,2026-04-22 07:36:15
rsv211,อ่างเก็บน้ำห้วยวังนอง,,Thailand,northeast,,,16.43235662,104.236327281,11.492,,,0.314,,middle,ร้อยเอ็ด,สำนักงานชลประทานที่ 6,โครงการชลประทานร้อยเอ็ด,RID,https://app.rid.go.th/reservoir/,2026-04-22 07:36:15
rsv212,อ่างเก็บน้ำห้วยกุดแคน,,Thailand,northeast,,,15.852704859,103.507427729,1.996,,,0.223,,middle,ร้อยเอ็ด,สำนักงานชลประทานที่ 6,โครงการชลประทานร้อยเอ็ด,RID,https://app.rid.go.th/reservoir/,2026-04-22 07:36:15
rsv213,อ่างเก็บน้ำห้วยกุดแดง,,Thailand,northeast,,,15.84790135,103.558854046,2.806,,,0.268,,middle,ร้อยเอ็ด,สำนักงานชลประทานที่ 6,โครงการชลประทานร้อยเอ็ด,RID,https://app.rid.go.th/reservoir/,2026-04-22 07:36:15
rsv214,อ่างเก็บน้ำห้วยจานใต้,,Thailand,northeast,,,15.650636687,103.377641506,5.795,,,0.56,,middle,ร้อยเอ็ด,สำนักงานชลประทานที่ 6,โครงการชลประทานร้อยเอ็ด,RID,https://app.rid.go.th/reservoir/,2026-04-22 07:36:15
rsv215,อ่างเก็บน้ำหนองผือ,,Thailand,northeast,,,15.600526155,104.086907234,4.178,,,1.204,,middle,ร้อยเอ็ด,สำนักงานชลประทานที่ 6,โครงการชลประทานร้อยเอ็ด,RID,https://app.rid.go.th/reservoir/,2026-04-22 07:36:15
rsv217,อ่างเก็บน้ำห้วยพุงใหญ่,,Thailand,northeast,,,16.388487461,104.274309347,7.8,,,0.45,,middle,ร้อยเอ็ด,สำนักงานชลประทานที่ 6,โครงการชลประทานร้อยเอ็ด,RID,https://app.rid.go.th/reservoir/,2026-04-22 07:36:15
rsv218,อ่างเก็บน้ำห้วยหินชะแนน,,Thailand,northeast,,,17.273983295,104.431605624,2.4,,,0.125,,middle,นครพนม,สำนักงานชลประทานที่ 7,โครงการชลประทานนครพนม,RID,https://app.rid.go.th/reservoir/,2026-04-22 07:36:15
rsv219,อ่างเก็บน้ำห้วยผักดอก,,Thailand,northeast,,,16.94375,104.3559,2.8,,,0.3,,middle,นครพนม,สำนักงานชลประทานที่ 7,โครงการชลประทานนครพนม,RID,https://app.rid.go.th/reservoir/,2026-04-22 07:36:15
rsv220,อ่างเก็บน้ำห้วยก้านเหลือง,,Thailand,northeast,,,16.947409,104.41997,7.408,,,0.72,,middle,นครพนม,สำนักงานชลประทานที่ 7,โครงการชลประทานนครพนม,RID,https://app.rid.go.th/reservoir/,2026-04-22 07:36:15
rsv221,อ่างเก็บน้ำห้วยศรีคุณ,,Thailand,northeast,,,16.93124516,104.487258739,2.312,,,0.023,,middle,นครพนม,สำนักงานชลประทานที่ 7,โครงการชลประทานนครพนม,RID,https://app.rid.go.th/reservoir/,2026-04-22 07:36:15
rsv222,อ่างเก็บน้ำบ้านดงน้อย,,Thailand,northeast,,,16.884583496,104.52895481,5.2,,,0.25,,middle,นครพนม,สำนักงานชลประทานที่ 7,โครงการชลประทานนครพนม,RID,https://app.rid.go.th/reservoir/,2026-04-22 07:36:15
rsv223,อ่างเก็บน้ำห้วยแคน,,Thailand,northeast,,,17.14093084,104.606248276,11.014,,,0.55,,middle,นครพนม,สำนักงานชลประทานที่ 7,โครงการชลประทานนครพนม,RID,https://app.rid.go.th/reservoir/,2026-04-22 07:36:15
rsv224,อ่างเก็บน้ำห้วยส้มโฮง,,Thailand,northeast,,,17.34198096,104.590375467,3.12,,,0.02,,middle,นครพนม,สำนักงานชลประทานที่ 7,โครงการชลประทานนครพนม,RID,https://app.rid.go.th/reservoir/,2026-04-22 07:36:15
rsv225,อ่างเก็บน้ำบุ่งหมากโมง,,Thailand,northeast,,,17.340042543,104.481210655,2.19,,,0.4,,middle,นครพนม,สำนักงานชลประทานที่ 7,โครงการชลประทานนครพนม,RID,https://app.rid.go.th/reservoir/,2026-04-22 07:36:15
rsv226,อ่างเก็บน้ำห้วยนางออ,,Thailand,northeast,,,16.948669794,104.336076155,3.3,,,0.45,,middle,นครพนม,สำนักงานชลประทานที่ 7,โครงการชลประทานนครพนม,RID,https://app.rid.go.th/reservoir/,2026-04-22 07:36:15
rsv227,อ่างเก็บน้ำห้วยกกคูณ,,Thailand,northeast,,,16.9312,104.3865,2.0,,,0.08,,middle,นครพนม,สำนักงานชลประทานที่ 7,โครงการชลประทานนครพนม,RID,https://app.rid.go.th/reservoir/,2026-04-22 07:36:15
rsv228,อ่างเก็บน้ำห้วยกะเบา,,Thailand,northeast,,,16.830553299,104.672762463,5.1,,,0.4,,middle,นครพนม,สำนักงานชลประทานที่ 7,โครงการชลประทานนครพนม,RID,https://app.rid.go.th/reservoir/,2026-04-22 07:36:15
rsv229,อ่างเก็บน้ำห้วยวังม่วง,,Thailand,northeast,,,16.937109017,104.367767377,1.5,,,0.03,,middle,นครพนม,สำนักงานชลประทานที่ 7,โครงการชลประทานนครพนม,RID,https://app.rid.go.th/reservoir/,2026-04-22 07:36:15
rsv515,อ่างเก็บน้ำห้วยอ้วน,,Thailand,northeast,,,17.709104661,104.315088938,5.22,,,2.1,,middle,นครพนม,สำนักงานชลประทานที่ 7,โครงการชลประทานนครพนม,RID,https://app.rid.go.th/reservoir/,2026-04-22 07:36:15
rsv235,อ่างเก็บน้ำห้วยขี้เหล็ก,,Thailand,northeast,,,16.358721811,104.571696758,26.75,,,2.0,,middle,มุกดาหาร,สำนักงานชลประทานที่ 7,โครงการชลประทานมุกดาหาร,RID,https://app.rid.go.th/reservoir/,2026-04-22 07:36:15
rsv236,อ่างเก็บน้ำห้วยชะโนด,,Thailand,northeast,,,16.814161347,104.557005895,18.4,,,0.65,,middle,มุกดาหาร,สำนักงานชลประทานที่ 7,โครงการชลประทานมุกดาหาร,RID,https://app.rid.go.th/reservoir/,2026-04-22 07:36:15
rsv237,อ่างเก็บน้ำห้วยมุก,,Thailand,northeast,,,16.566071179,104.404972843,4.9,,,0.2,,middle,มุกดาหาร,สำนักงานชลประทานที่ 7,โครงการชลประทานมุกดาหาร,RID,https://app.rid.go.th/reservoir/,2026-04-22 07:36:15
rsv238,อ่างเก็บน้ำห้วยหินลับ,,Thailand,northeast,,,16.781373503,104.486592215,4.0,,,0.6,,middle,มุกดาหาร,สำนักงานชลประทานที่ 7,โครงการชลประทานมุกดาหาร,RID,https://app.rid.go.th/reservoir/,2026-04-22 07:36:15
rsv239,อ่างเก็บน้ำห้วยไร่,,Thailand,northeast,,,16.801916119,104.461548272,2.8,,,0.11,,middle,มุกดาหาร,สำนักงานชลประทานที่ 7,โครงการชลประทานมุกดาหาร,RID,https://app.rid.go.th/reservoir/,2026-04-22 07:36:15
rsv240,อ่างเก็บน้ำห้วยไผ่,,Thailand,northeast,,,16.686537168,104.193023205,12.8,,,0.8,,middle,มุกดาหาร,สำนักงานชลประทานที่ 7,โครงการชลประทานมุกดาหาร,RID,https://app.rid.go.th/reservoir/,2026-04-22 07:36:15
rsv241,อ่างเก็บน้ำห้วยพุ (ห้วยแข้),,Thailand,northeast,,,16.73682639,104.188053523,4.5,,,0.7,,middle,มุกดาหาร,สำนักงานชลประทานที่ 7,โครงการชลประทานมุกดาหาร,RID,https://app.rid.go.th/reservoir/,2026-04-22 07:36:15
rsv242,อ่างเก็บน้ำห้วยพุง,,Thailand,northeast,,,16.780725261,104.146061826,4.0,,,0.85,,middle,มุกดาหาร,สำนักงานชลประทานที่ 7,โครงการชลประทานมุกดาหาร,RID,https://app.rid.go.th/reservoir/,2026-04-22 07:36:15
rsv243,อ่างเก็บน้ำห้วยทา,,Thailand,northeast,,,16.710406178,104.230445966,2.23,,,0.53,,middle,มุกดาหาร,สำนักงานชลประทานที่ 7,โครงการชลประทานมุกดาหาร,RID,https://app.rid.go.th/reservoir/,2026-04-22 07:36:15
rsv244,อ่างเก็บน้ำห้วยหอย,,Thailand,northeast,,,16.746266813,104.158159455,2.0,,,0.3,,middle,มุกดาหาร,สำนักงานชลประทานที่ 7,โครงการชลประทานมุกดาหาร,RID,https://app.rid.go.th/reservoir/,2026-04-22 07:36:15
rsv245,อ่างเก็บน้ำห้วยขี้เหล็ก (ตอนบน),,Thailand,northeast,,,16.254944457,104.786898135,1.2,,,0.15,,middle,มุกดาหาร,สำนักงานชลประทานที่ 7,โครงการชลประทานมุกดาหาร,RID,https://app.rid.go.th/reservoir/,2026-04-22 07:36:15
rsv247,อ่างเก็บน้ำห้วยไร่ 2,,Thailand,northeast,,,16.72827871,104.49094283,2.68,,,0.3,,middle,มุกดาหาร,สำนักงานชลประทานที่ 7,โครงการชลประทานมุกดาหาร,RID,https://app.rid.go.th/reservoir/,2026-04-22 07:36:15
rsv455,อ่างเก็บน้ำห้วยแคน,,Thailand,northeast,,,16.7223,104.4242,2.1,,,0.09,,middle,มุกดาหาร,สำนักงานชลประทานที่ 7,โครงการชลประทานมุกดาหาร,RID,https://app.rid.go.th/reservoir/,2026-04-22 07:36:15
rsv456,อ่างเก็บน้ำห้วยหมากไฟ,,Thailand,northeast,,,16.651032138,104.621935335,1.5,,,0.3,,middle,มุกดาหาร,สำนักงานชลประทานที่ 7,โครงการชลประทานมุกดาหาร,RID,https://app.rid.go.th/reservoir/,2026-04-22 07:36:15
rsv458,อ่างเก็บน้ำห้วยขาหน้า,,Thailand,northeast,,,16.755518609,104.378134901,1.7,,,0.37,,middle,มุกดาหาร,สำนักงานชลประทานที่ 7,โครงการชลประทานมุกดาหาร,RID,https://app.rid.go.th/reservoir/,2026-04-22 07:36:15
rsv460,อ่างเก็บน้ำห้วยถ้ำไม้ดู่,,Thailand,northeast,,,16.5382,104.3175,1.7,,,0.24,,middle,มุกดาหาร,สำนักงานชลประทานที่ 7,โครงการชลประทานมุกดาหาร,RID,https://app.rid.go.th/reservoir/,2026-04-22 07:36:15
rsv468,อ่างเก็บน้ำห้วยหินลาด,,Thailand,northeast,,,16.347064724,104.660644519,1.35,,,0.4,,middle,มุกดาหาร,สำนักงานชลประทานที่ 7,โครงการชลประทานมุกดาหาร,RID,https://app.rid.go.th/reservoir/,2026-04-22 07:36:15
rsv504,อ่างเก็บน้ำห้วยคันแทใหญ่,,Thailand,northeast,,,16.532664383,104.345175971,4.62,,,,,middle,มุกดาหาร,สำนักงานชลประทานที่ 7,โครงการชลประทานมุกดาหาร,RID,https://app.rid.go.th/reservoir/,2026-04-22 07:36:15
rsv248,อ่างเก็บน้ำห้วยถ้ำแข้,,Thailand,northeast,,,15.630675472,105.047259905,13.7,,,0.85,,middle,อุบลราชธานี,สำนักงานชลประทานที่ 7,โครงการชลประทานอุบลราชธานี,RID,https://app.rid.go.th/reservoir/,2026-04-22 07:36:15
rsv249,อ่างเก็บน้ำห้วยพลาญเสือ (ตอนล่าง),,Thailand,northeast,,,14.4258,105.1959,33.5,,,1.12,,middle,อุบลราชธานี,สำนักงานชลประทานที่ 7,โครงการชลประทานอุบลราชธานี,RID,https://app.rid.go.th/reservoir/,2026-04-22 07:36:15
rsv250,อ่างเก็บน้ำห้วยจันลา,,Thailand,northeast,,,14.412595,105.138376,16.9,,,0.6,,middle,อุบลราชธานี,สำนักงานชลประทานที่ 7,โครงการชลประทานอุบลราชธานี,RID,https://app.rid.go.th/reservoir/,2026-04-22 07:36:15
rsv251,อ่างเก็บน้ำห้วยวังใหญ่,,Thailand,northeast,,,14.450019264,105.052360045,8.0,,,0.8,,middle,อุบลราชธานี,สำนักงานชลประทานที่ 7,โครงการชลประทานอุบลราชธานี,RID,https://app.rid.go.th/reservoir/,2026-04-22 07:36:15
rsv252,อ่างเก็บน้ำห้วยเดือนห้า,,Thailand,northeast,,,14.644604,105.437913,12.0,,,1.846,,middle,อุบลราชธานี,สำนักงานชลประทานที่ 7,โครงการชลประทานอุบลราชธานี,RID,https://app.rid.go.th/reservoir/,2026-04-22 07:36:15
rsv253,อ่างเก็บน้ำห้วยสะพงน้อย,,Thailand,northeast,,,14.68107208,105.429829518,14.7,,,1.6,,middle,อุบลราชธานี,สำนักงานชลประทานที่ 7,โครงการชลประทานอุบลราชธานี,RID,https://app.rid.go.th/reservoir/,2026-04-22 07:36:15
rsv254,อ่างเก็บน้ำสระสมิง,,Thailand,northeast,,,15.417512261,104.988780777,1.011,,,0.3,,middle,อุบลราชธานี,สำนักงานชลประทานที่ 7,โครงการชลประทานอุบลราชธานี,RID,https://app.rid.go.th/reservoir/,2026-04-22 07:36:15
rsv255,อ่างเก็บน้ำหนองเหล่าหิน,,Thailand,northeast,,,15.3995,104.4893,2.48,,,0.362,,middle,อุบลราชธานี,สำนักงานชลประทานที่ 7,โครงการชลประทานอุบลราชธานี,RID,https://app.rid.go.th/reservoir/,2026-04-22 07:36:15
rsv256,อ่างเก็บน้ำหนองช้างใหญ่,,Thailand,northeast,,,15.398654626,104.830459665,7.675,,,0.041,,middle,อุบลราชธานี,สำนักงานชลประทานที่ 7,โครงการชลประทานอุบลราชธานี,RID,https://app.rid.go.th/reservoir/,2026-04-22 07:36:15
rsv258,อ่างเก็บน้ำห้วยโดน,,Thailand,northeast,,,14.7561,105.478,4.7,,,0.55,,middle,อุบลราชธานี,สำนักงานชลประทานที่ 7,โครงการชลประทานอุบลราชธานี,RID,https://app.rid.go.th/reservoir/,2026-04-22 07:36:15
rsv451,อ่างเก็บน้ำห้วยละมืด,,Thailand,northeast,,,14.623594525,105.391175644,6.7,,,0.1,,middle,อุบลราชธานี,สำนักงานชลประทานที่ 7,โครงการชลประทานอุบลราชธานี,RID,https://app.rid.go.th/reservoir/,2026-04-22 07:36:15
rsv452,อ่างเก็บน้ำห้วยหินกอง,,Thailand,northeast,,,14.8461,105.4785,8.0,,,1.7,,middle,อุบลราชธานี,สำนักงานชลประทานที่ 7,โครงการชลประทานอุบลราชธานี,RID,https://app.rid.go.th/reservoir/,2026-04-22 07:36:15
rsv524,อ่างเก็บน้ำห้วยพลาญเสือ (ตอนบน),,Thailand,northeast,,,14.364128979,105.211013904,5.0,,,0.8,,middle,อุบลราชธานี,สำนักงานชลประทานที่ 7,โครงการชลประทานอุบลราชธานี,RID,https://app.rid.go.th/reservoir/,2026-04-22 07:36:15
rsv259,อ่างเก็บน้ำห้วยลิงโจน,,Thailand,northeast,,,16.247228,104.402323,21.05,,,0.4,,middle,ยโสธร,สำนักงานชลประทานที่ 7,โครงการชลประทานยโสธร,RID,https://app.rid.go.th/reservoir/,2026-04-22 07:36:15
rsv260,อ่างเก็บน้ำห้วยสะแบก,,Thailand,northeast,,,16.155656,104.685469,30.3,,,0.6,,middle,ยโสธร,สำนักงานชลประทานที่ 7,โครงการชลประทานยโสธร,RID,https://app.rid.go.th/reservoir/,2026-04-22 07:36:15
rsv453,อ่างเก็บน้ำห้วยโพง (ตอนบน),,Thailand,northeast,,,16.1906,104.3315,12.4,,,1.0,,middle,ยโสธร,สำนักงานชลประทานที่ 7,โครงการชลประทานยโสธร,RID,https://app.rid.go.th/reservoir/,2026-04-22 07:36:15
rsv261,อ่างเก็บน้ำพุทธอุทธยาน,,Thailand,northeast,,,15.8879,104.6325,19.325,,,0.891,,middle,อำนาจเจริญ,สำนักงานชลประทานที่ 7,โครงการชลประทานอำนาจเจริญ,RID,https://app.rid.go.th/reservoir/,2026-04-22 07:36:15
rsv262,อ่างเก็บน้ำห้วยโพธิ์ (ตอนบน),,Thailand,northeast,,,15.890788919,104.586074633,7.438,,,0.544,,middle,อำนาจเจริญ,สำนักงานชลประทานที่ 7,โครงการชลประทานอำนาจเจริญ,RID,https://app.rid.go.th/reservoir/,2026-04-22 07:36:15
rsv263,อ่างเก็บน้ำห้วยสีโท,,Thailand,northeast,,,15.886748841,104.742565202,10.6,,,0.4,,middle,อำนาจเจริญ,สำนักงานชลประทานที่ 7,โครงการชลประทานอำนาจเจริญ,RID,https://app.rid.go.th/reservoir/,2026-04-22 07:36:15
rsv265,อ่างเก็บน้ำลำตะโคง,,Thailand,northeast,,,15.285901189,103.199916091,7.531,,,0.308,,middle,บุรีรัมย์,สำนักงานชลประทานที่ 8,โครงการชลประทานบุรีรัมย์,RID,https://app.rid.go.th/reservoir/,2026-04-22 07:36:15
rsv266,อ่างเก็บน้ำห้วยยาง,,Thailand,northeast,,,14.59135347,102.481473605,13.8,,,1.0,,middle,บุรีรัมย์,สำนักงานชลประทานที่ 8,โครงการชลประทานบุรีรัมย์,RID,https://app.rid.go.th/reservoir/,2026-04-22 07:36:15
rsv267,อ่างเก็บน้ำห้วยตาเขียว,,Thailand,northeast,,,14.363909311,103.047101645,1.9,,,0.29,,middle,บุรีรัมย์,สำนักงานชลประทานที่ 8,โครงการชลประทานบุรีรัมย์,RID,https://app.rid.go.th/reservoir/,2026-04-22 07:36:15
rsv268,อ่างเก็บน้ำห้วยสวาย,,Thailand,northeast,,,14.91242342,103.245837565,13.56,,,0.97,,middle,บุรีรัมย์,สำนักงานชลประทานที่ 8,โครงการชลประทานบุรีรัมย์,RID,https://app.rid.go.th/reservoir/,2026-04-22 07:36:15
rsv269,อ่างเก็บน้ำห้วยตลาด,,Thailand,northeast,,,14.877731,103.087522,30.85,,,2.93,,middle,บุรีรัมย์,สำนักงานชลประทานที่ 8,โครงการชลประทานบุรีรัมย์,RID,https://app.rid.go.th/reservoir/,2026-04-22 07:36:15
rsv270,อ่างเก็บน้ำห้วยจระเข้มาก,,Thailand,northeast,,,14.91332643,103.042519385,26.022,,,1.61,,middle,บุรีรัมย์,สำนักงานชลประทานที่ 8,โครงการชลประทานบุรีรัมย์,RID,https://app.rid.go.th/reservoir/,2026-04-22 07:36:15
rsv271,อ่างเก็บน้ำห้วยเมฆา,,Thailand,northeast,,,14.356700138,103.070970514,4.07,,,0.1,,middle,บุรีรัมย์,สำนักงานชลประทานที่ 8,โครงการชลประทานบุรีรัมย์,RID,https://app.rid.go.th/reservoir/,2026-04-22 07:36:15
rsv272,อ่างเก็บน้ำคลองมะนาว,,Thailand,northeast,,,14.297882755,102.748205538,2.848,,,0.444,,middle,บุรีรัมย์,สำนักงานชลประทานที่ 8,โครงการส่งน้ำและบำรุงรักษาลำนางรอง,RID,https://app.rid.go.th/reservoir/,2026-04-22 07:36:15
rsv273,อ่างเก็บน้ำหนองทะลอก,,Thailand,northeast,,,14.662850923,102.787133851,4.645,,,0.1,,middle,บุรีรัมย์,สำนักงานชลประทานที่ 8,โครงการชลประทานบุรีรัมย์,RID,https://app.rid.go.th/reservoir/,2026-04-22 07:36:15
rsv274,อ่างเก็บน้ำห้วยขี้หนู,,Thailand,northeast,,,15.023056,102.841389,1.59,,,0.03,,middle,บุรีรัมย์,สำนักงานชลประทานที่ 8,โครงการชลประทานบุรีรัมย์,RID,https://app.rid.go.th/reservoir/,2026-04-22 07:36:15
rsv275,อ่างเก็บน้ำห้วยน้อย,,Thailand,northeast,,,15.076410767,102.839292612,1.2,,,0.2,,middle,บุรีรัมย์,สำนักงานชลประทานที่ 8,โครงการชลประทานบุรีรัมย์,RID,https://app.rid.go.th/reservoir/,2026-04-22 07:36:15
rsv276,อ่างเก็บน้ำห้วยใหญ่,,Thailand,northeast,,,15.097186,102.840017,1.3,,,0.14,,middle,บุรีรัมย์,สำนักงานชลประทานที่ 8,โครงการชลประทานบุรีรัมย์,RID,https://app.rid.go.th/reservoir/,2026-04-22 07:36:15
rsv277,อ่างเก็บน้ำลำปะเทีย,,Thailand,northeast,,,14.324085237,102.937738322,25.4,,,1.2,,middle,บุรีรัมย์,สำนักงานชลประทานที่ 8,โครงการส่งน้ำและบำรุงรักษาลำนางรอง,RID,https://app.rid.go.th/reservoir/,2026-04-22 07:36:15
rsv278,อ่างเก็บน้ำลำจังหัน,,Thailand,northeast,,,14.314558,102.873594,36.0,,,1.8,,middle,บุรีรัมย์,สำนักงานชลประทานที่ 8,โครงการส่งน้ำและบำรุงรักษาลำนางรอง,RID,https://app.rid.go.th/reservoir/,2026-04-22 07:36:15
rsv279,อ่างเก็บน้ำห้วยตะโก,,Thailand,northeast,,,14.369930102,103.162793929,3.25,,,0.4,,middle,บุรีรัมย์,สำนักงานชลประทานที่ 8,โครงการชลประทานบุรีรัมย์,RID,https://app.rid.go.th/reservoir/,2026-04-22 07:36:15
rsv281,อ่างเก็บน้ำลำปลายมาศ,,Thailand,northeast,,,14.304753911,102.435903481,98.0,,,9.3,,middle,นครราชสีมา,สำนักงานชลประทานที่ 8,โครงการส่งน้ำและบำรุงรักษาลำปลายมาศ,RID,https://app.rid.go.th/reservoir/,2026-04-22 07:36:15
rsv288,อ่างเก็บน้ำลำสำลาย,,Thailand,northeast,,,14.680143,101.872618,42.0,,,2.0,,middle,นครราชสีมา,สำนักงานชลประทานที่ 8,โครงการส่งน้ำและบำรุงรักษาลำพระเพลิง,RID,https://app.rid.go.th/reservoir/,2026-04-22 07:36:15
rsv296,อ่างเก็บน้ำห้วยเตย,,Thailand,northeast,,,14.346340006,102.539023423,4.396,,,0.14,,middle,นครราชสีมา,สำนักงานชลประทานที่ 8,โครงการส่งน้ำและบำรุงรักษาลำปลายมาศ,RID,https://app.rid.go.th/reservoir/,2026-04-22 07:36:15
rsv298,อ่างเก็บน้ำลำเชียงสา,,Thailand,northeast,,,14.494435019,101.953774065,7.5,,,1.4,,middle,นครราชสีมา,สำนักงานชลประทานที่ 8,โครงการส่งน้ำและบำรุงรักษาลำพระเพลิง,RID,https://app.rid.go.th/reservoir/,2026-04-22 07:36:15
rsv489,อ่างเก็บน้ำสันกำแพง,,Thailand,northeast,,,14.38340646,101.702149096,6.4,,,0.76,,middle,นครราชสีมา,สำนักงานชลประทานที่ 8,โครงการส่งน้ำและบำรุงรักษาลำพระเพลิง,RID,https://app.rid.go.th/reservoir/,2026-04-22 07:36:15
rsv302,อ่างเก็บน้ำห้วยขนุน,,Thailand,northeast,,,14.441628883,104.82986382,10.023,,,0.627,,middle,ศรีสะเกษ,สำนักงานชลประทานที่ 8,โครงการชลประทานศรีสะเกษ,RID,https://app.rid.go.th/reservoir/,2026-04-22 07:36:15
rsv303,อ่างเก็บน้ำห้วยโอตาลัต,,Thailand,northeast,,,14.547201,104.238244,3.8,,,0.45,,middle,ศรีสะเกษ,สำนักงานชลประทานที่ 8,โครงการชลประทานศรีสะเกษ,RID,https://app.rid.go.th/reservoir/,2026-04-22 07:36:15
rsv304,อ่างเก็บน้ำห้วยด่านไอ,,Thailand,northeast,,,14.493378,104.5744,8.027,,,0.699,,middle,ศรีสะเกษ,สำนักงานชลประทานที่ 8,โครงการชลประทานศรีสะเกษ,RID,https://app.rid.go.th/reservoir/,2026-04-22 07:36:15
rsv305,อ่างเก็บน้ำห้วยตาจู,,Thailand,northeast,,,14.545839677,104.351301409,22.28,,,1.8,,middle,ศรีสะเกษ,สำนักงานชลประทานที่ 8,โครงการชลประทานศรีสะเกษ,RID,https://app.rid.go.th/reservoir/,2026-04-22 07:36:15
rsv306,อ่างเก็บน้ำห้วยสำราญ,,Thailand,northeast,,,14.425099,104.050277,12.35,,,1.3,,middle,ศรีสะเกษ,สำนักงานชลประทานที่ 8,โครงการชลประทานศรีสะเกษ,RID,https://app.rid.go.th/reservoir/,2026-04-22 07:36:15
rsv307,อ่างเก็บน้ำห้วยศาลา,,Thailand,northeast,,,14.527694,104.193355,37.07,,,2.8,,middle,ศรีสะเกษ,สำนักงานชลประทานที่ 8,โครงการชลประทานศรีสะเกษ,RID,https://app.rid.go.th/reservoir/,2026-04-22 07:36:15
rsv308,อ่างเก็บน้ำห้วยติ๊กชู,,Thailand,northeast,,,14.527284,104.144902,26.2,,,2.82,,middle,ศรีสะเกษ,สำนักงานชลประทานที่ 8,โครงการชลประทานศรีสะเกษ,RID,https://app.rid.go.th/reservoir/,2026-04-22 07:36:15
rsv309,อ่างเก็บน้ำห้วยน้ำคำ,,Thailand,northeast,,,15.099182,104.331651,2.45,,,0.11,,middle,ศรีสะเกษ,สำนักงานชลประทานที่ 8,โครงการชลประทานศรีสะเกษ,RID,https://app.rid.go.th/reservoir/,2026-04-22 07:36:15
rsv310,อ่างเก็บน้ำห้วยคล้า,,Thailand,northeast,,,15.015283451,104.249818737,3.783,,,0.114,,middle,ศรีสะเกษ,สำนักงานชลประทานที่ 8,โครงการชลประทานศรีสะเกษ,RID,https://app.rid.go.th/reservoir/,2026-04-22 07:36:15
rsv311,อ่างเก็บน้ำห้วยน้ำเค็ม,,Thailand,northeast,,,15.413649,104.12924,1.07,,,0.6,,middle,ศรีสะเกษ,สำนักงานชลประทานที่ 8,โครงการชลประทานศรีสะเกษ,RID,https://app.rid.go.th/reservoir/,2026-04-22 07:36:15
rsv312,อ่างเก็บน้ำห้วยซัน,,Thailand,northeast,,,15.068419384,104.370417368,2.71,,,0.67,,middle,ศรีสะเกษ,สำนักงานชลประทานที่ 8,โครงการชลประทานศรีสะเกษ,RID,https://app.rid.go.th/reservoir/,2026-04-22 07:36:15
rsv313,อ่างเก็บน้ำห้วยตามาย,,Thailand,northeast,,,14.732425398,104.584149733,37.29,,,0.65,,middle,ศรีสะเกษ,สำนักงานชลประทานที่ 8,โครงการชลประทานศรีสะเกษ,RID,https://app.rid.go.th/reservoir/,2026-04-22 07:36:15
rsv314,อ่างเก็บน้ำหนองสิ,,Thailand,northeast,,,14.61508716,104.426359582,4.16,,,2.3,,middle,ศรีสะเกษ,สำนักงานชลประทานที่ 8,โครงการชลประทานศรีสะเกษ,RID,https://app.rid.go.th/reservoir/,2026-04-22 07:36:15
rsv316,อ่างเก็บน้ำห้วยทา,,Thailand,northeast,,,14.519771527,104.472357183,29.582,,,3.3,,middle,ศรีสะเกษ,สำนักงานชลประทานที่ 8,โครงการชลประทานศรีสะเกษ,RID,https://app.rid.go.th/reservoir/,2026-04-22 07:36:15
rsv317,อ่างเก็บน้ำห้วยตะแบง,,Thailand,northeast,,,14.491073907,104.477613665,6.875,,,0.3,,middle,ศรีสะเกษ,สำนักงานชลประทานที่ 8,โครงการชลประทานศรีสะเกษ,RID,https://app.rid.go.th/reservoir/,2026-04-22 07:36:15
rsv318,อ่างเก็บน้ำห้วยแก้ว,,Thailand,northeast,,,15.288209542,103.84483701,4.919,,,0.44,,middle,สุรินทร์,สำนักงานชลประทานที่ 8,โครงการชลประทานสุรินทร์,RID,https://app.rid.go.th/reservoir/,2026-04-22 07:36:15
rsv319,อ่างเก็บน้ำห้วยเชิง,,Thailand,northeast,,,14.456473785,103.741877614,8.0,,,0.44,,middle,สุรินทร์,สำนักงานชลประทานที่ 8,โครงการชลประทานสุรินทร์,RID,https://app.rid.go.th/reservoir/,2026-04-22 07:36:15
rsv320,อ่างเก็บน้ำห้วยขนาดมอญ,,Thailand,northeast,,,14.439575,103.787094,15.5,,,0.65,,middle,สุรินทร์,สำนักงานชลประทานที่ 8,โครงการชลประทานสุรินทร์,RID,https://app.rid.go.th/reservoir/,2026-04-22 07:36:15
rsv321,อ่างเก็บน้ำอำปึล,,Thailand,northeast,,,14.762424252,103.544438946,27.678,,,1.43,,middle,สุรินทร์,สำนักงานชลประทานที่ 8,โครงการชลประทานสุรินทร์,RID,https://app.rid.go.th/reservoir/,2026-04-22 07:36:15
rsv322,อ่างเก็บน้ำห้วยเสนง,,Thailand,northeast,,,14.816775109,103.498890671,21.96,,,0.82,,middle,สุรินทร์,สำนักงานชลประทานที่ 8,โครงการชลประทานสุรินทร์,RID,https://app.rid.go.th/reservoir/,2026-04-22 07:36:15
rsv323,อ่างเก็บน้ำลำพอก,,Thailand,northeast,,,14.938991261,103.851642836,14.58,,,0.65,,middle,สุรินทร์,สำนักงานชลประทานที่ 8,โครงการชลประทานสุรินทร์,RID,https://app.rid.go.th/reservoir/,2026-04-22 07:36:15
rsv324,อ่างเก็บน้ำห้วยด่าน,,Thailand,northeast,,,14.440804677,103.711502748,9.4,,,1.14,,middle,สุรินทร์,สำนักงานชลประทานที่ 8,โครงการชลประทานสุรินทร์,RID,https://app.rid.go.th/reservoir/,2026-04-22 07:36:15
rsv325,อ่างเก็บน้ำบ้านทำนบ,,Thailand,northeast,,,14.429834406,103.982328558,12.0,,,0.4,,middle,สุรินทร์,สำนักงานชลประทานที่ 8,โครงการชลประทานสุรินทร์,RID,https://app.rid.go.th/reservoir/,2026-04-22 07:36:15
rsv326,อ่างเก็บน้ำบ้านจรัส,,Thailand,northeast,,,14.419518572,103.947659914,15.0,,,0.5,,middle,สุรินทร์,สำนักงานชลประทานที่ 8,โครงการชลประทานสุรินทร์,RID,https://app.rid.go.th/reservoir/,2026-04-22 07:36:15
rsv328,อ่างเก็บน้ำห้วยตาเกาว์,,Thailand,northeast,,,14.461098,103.611428,8.6,,,0.059,,middle,สุรินทร์,สำนักงานชลประทานที่ 8,โครงการชลประทานสุรินทร์,RID,https://app.rid.go.th/reservoir/,2026-04-22 07:36:15
rsv329,อ่างเก็บน้ำสุวรรณภา,,Thailand,northeast,,,14.642046416,103.398216087,1.57,,,0.02,,middle,สุรินทร์,สำนักงานชลประทานที่ 8,โครงการชลประทานสุรินทร์,RID,https://app.rid.go.th/reservoir/,2026-04-22 07:36:15
rsv330,อ่างเก็บน้ำห้วยกะเลงเวก,,Thailand,northeast,,,14.429261,103.865279,3.4,,,0.4,,middle,สุรินทร์,สำนักงานชลประทานที่ 8,โครงการชลประทานสุรินทร์,RID,https://app.rid.go.th/reservoir/,2026-04-22 07:36:15
rsv331,อ่างเก็บน้ำห้วยระหาร,,Thailand,northeast,,,15.093927,103.69737,1.012,,,0.03,,middle,สุรินทร์,สำนักงานชลประทานที่ 8,โครงการชลประทานสุรินทร์,RID,https://app.rid.go.th/reservoir/,2026-04-22 07:36:15
rsv290,อ่างเก็บน้ำห้วยบ้านยาง,,Thailand,northeast,,,14.911833863,101.996784281,6.519,,,0.52,,middle,นครราชสีมา,สำนักงานชลประทานที่ 8,โครงการชลประทานนครราชสีมา,RID,https://app.rid.go.th/reservoir/,2026-04-22 07:36:15
rsv286,อ่างเก็บน้ำห้วยยาง,,Thailand,northeast,,,14.802232026,102.089496623,5.53,,,0.3,,middle,นครราชสีมา,สำนักงานชลประทานที่ 8,โครงการชลประทานนครราชสีมา,RID,https://app.rid.go.th/reservoir/,2026-04-22 07:36:15
rsv299,อ่างเก็บน้ำห้วยบะอีแตน,,Thailand,northeast,,,14.531515706,102.02206074,1.8,,,0.302,,middle,นครราชสีมา,สำนักงานชลประทานที่ 8,โครงการชลประทานนครราชสีมา,RID,https://app.rid.go.th/reservoir/,2026-04-22 07:36:15
rsv289,อ่างเก็บน้ำห้วยซับประดู่,,Thailand,northeast,,,14.850686,101.703011,27.664,,,1.401,,middle,นครราชสีมา,สำนักงานชลประทานที่ 8,โครงการชลประทานนครราชสีมา,RID,https://app.rid.go.th/reservoir/,2026-04-22 07:36:15
rsv530,อ่างเก็บน้ำทับรั้ง,,Thailand,northeast,,,15.271389,101.509167,4.1,,,0.34,,middle,นครราชสีมา,สำนักงานชลประทานที่ 8,โครงการชลประทานนครราชสีมา,RID,https://app.rid.go.th/reservoir/,2026-04-22 07:36:15
rsv295,อ่างเก็บน้ำห้วยปราสาทใหญ่,,Thailand,northeast,,,15.121742432,101.558668683,8.7,,,0.85,,middle,นครราชสีมา,สำนักงานชลประทานที่ 8,โครงการชลประทานนครราชสีมา,RID,https://app.rid.go.th/reservoir/,2026-04-22 07:36:15
rsv300,อ่างเก็บน้ำลำเชียงไกรตอนบน,,Thailand,northeast,,,15.188233264,101.637750799,8.4,,,0.95,,middle,นครราชสีมา,สำนักงานชลประทานที่ 8,โครงการชลประทานนครราชสีมา,RID,https://app.rid.go.th/reservoir/,2026-04-22 07:36:15
rsv292,อ่างเก็บน้ำลำเชียงไกรตอนล่าง,,Thailand,northeast,,,15.222414206,101.901824851,27.7,,,1.15,,middle,นครราชสีมา,สำนักงานชลประทานที่ 8,โครงการชลประทานนครราชสีมา,RID,https://app.rid.go.th/reservoir/,2026-04-22 07:36:15
rsv293,อ่างเก็บน้ำหนองกก,,Thailand,northeast,,,15.244862203,101.968587424,2.967,,,0.18,,middle,นครราชสีมา,สำนักงานชลประทานที่ 8,โครงการชลประทานนครราชสีมา,RID,https://app.rid.go.th/reservoir/,2026-04-22 07:36:15
rsv297,อ่างเก็บน้ำห้วยตะคร้อ,,Thailand,northeast,,,15.457807454,102.290540798,9.5,,,0.63,,middle,นครราชสีมา,สำนักงานชลประทานที่ 8,โครงการชลประทานนครราชสีมา,RID,https://app.rid.go.th/reservoir/,2026-04-22 07:36:15
rsv294,อ่างเก็บน้ำห้วยยางพะไล,,Thailand,northeast,,,15.670608222,102.193836498,13.3,,,0.55,,middle,นครราชสีมา,สำนักงานชลประทานที่ 8,โครงการชลประทานนครราชสีมา,RID,https://app.rid.go.th/reservoir/,2026-04-22 07:36:15
rsv285,อ่างเก็บน้ำบึงกระโตน,,Thailand,northeast,,,15.555986571,102.740219822,10.21,,,1.232,,middle,นครราชสีมา,สำนักงานชลประทานที่ 8,โครงการชลประทานนครราชสีมา,RID,https://app.rid.go.th/reservoir/,2026-04-22 07:36:15
rsv287,อ่างเก็บน้ำห้วยบง,,Thailand,northeast,,,15.304009845,102.717901809,14.5,,,0.76,,middle,นครราชสีมา,สำนักงานชลประทานที่ 8,โครงการชลประทานนครราชสีมา,RID,https://app.rid.go.th/reservoir/,2026-04-22 07:36:15
rsv284,อ่างเก็บน้ำห้วยสะกาด,,Thailand,northeast,,,15.156266,102.5142,3.578,,,0.12,,middle,นครราชสีมา,สำนักงานชลประทานที่ 8,โครงการชลประทานนครราชสีมา,RID,https://app.rid.go.th/reservoir/,2026-04-22 07:36:15
rsv283,อ่างเก็บน้ำลำฉมวก,,Thailand,northeast,,,15.08486396,102.487932497,23.45,,,1.26,,middle,นครราชสีมา,สำนักงานชลประทานที่ 8,โครงการชลประทานนครราชสีมา,RID,https://app.rid.go.th/reservoir/,2026-04-22 07:36:15
rsv291,อ่างเก็บน้ำห้วยทับครัว,,Thailand,northeast,,,14.396912148,102.180633995,5.0,,,0.77,,middle,นครราชสีมา,สำนักงานชลประทานที่ 8,โครงการชลประทานนครราชสีมา,RID,https://app.rid.go.th/reservoir/,2026-04-22 07:36:15
rsv280,อ่างเก็บน้ำห้วยเพลียก,,Thailand,northeast,,,14.315556466,102.305278599,1.5,,,0.302,,middle,นครราชสีมา,สำนักงานชลประทานที่ 8,โครงการชลประทานนครราชสีมา,RID,https://app.rid.go.th/reservoir/,2026-04-22 07:36:15
rsv282,อ่างเก็บน้ำห้วยหิน,,Thailand,northeast,,,14.351185672,102.387637445,1.95,,,0.05,,middle,นครราชสีมา,สำนักงานชลประทานที่ 8,โครงการชลประทานนครราชสีมา,RID,https://app.rid.go.th/reservoir/,2026-04-22 07:36:15
rsv336,อ่างเก็บน้ำคลองระบม,,Thailand,east,,,13.697582643,101.639645789,55.5,,,7.8,,middle,ฉะเชิงเทรา,สำนักงานชลประทานที่ 9,โครงการชลประทานฉะเชิงเทรา,RID,https://app.rid.go.th/reservoir/,2026-04-22 07:36:15
rsv337,อ่างเก็บน้ำลาดกระทิง,,Thailand,east,,,13.569792,101.435041,4.2,,,0.2,,middle,ฉะเชิงเทรา,สำนักงานชลประทานที่ 9,โครงการชลประทานฉะเชิงเทรา,RID,https://app.rid.go.th/reservoir/,2026-04-22 07:36:15
rsv338,อ่างเก็บน้ำลุ่มน้ำโจน 16,,Thailand,east,,,13.720287,101.474733,1.97,,,0.17,,middle,ฉะเชิงเทรา,สำนักงานชลประทานที่ 9,โครงการชลประทานฉะเชิงเทรา,RID,https://app.rid.go.th/reservoir/,2026-04-22 07:36:15
rsv339,อ่างเก็บน้ำลุ่มน้ำโจน 2,,Thailand,east,,,13.748385786,101.537950168,1.96,,,0.3,,middle,ฉะเชิงเทรา,สำนักงานชลประทานที่ 9,โครงการชลประทานฉะเชิงเทรา,RID,https://app.rid.go.th/reservoir/,2026-04-22 07:36:15
rsv340,อ่างเก็บน้ำคลองบอน,,Thailand,east,,,13.09774,102.384811,2.5,,,0.3,,middle,จันทบุรี,สำนักงานชลประทานที่ 9,โครงการชลประทานจันทบุรี,RID,https://app.rid.go.th/reservoir/,2026-04-22 07:36:15
rsv341,อ่างเก็บน้ำคลองศาลทราย,,Thailand,east,,,12.932087,102.029974,10.0,,,1.0,,middle,จันทบุรี,สำนักงานชลประทานที่ 9,โครงการชลประทานจันทบุรี,RID,https://app.rid.go.th/reservoir/,2026-04-22 07:36:15
rsv342,อ่างเก็บน้ำคลองพระพุทธ,,Thailand,east,,,13.028424979,102.311822211,70.51,,,0.99,,middle,จันทบุรี,สำนักงานชลประทานที่ 9,โครงการชลประทานจันทบุรี,RID,https://app.rid.go.th/reservoir/,2026-04-22 07:36:15
rsv516,อ่างเก็บน้ำคลองประแกด,,Thailand,east,,,13.08995,101.811808,60.26,,,2.9,,middle,จันทบุรี,สำนักงานชลประทานที่ 9,โครงการชลประทานจันทบุรี,RID,https://app.rid.go.th/reservoir/,2026-04-22 07:36:15
rsv343,อ่างเก็บน้ำหนองกลางดง,,Thailand,east,,,13.042629,101.017341,7.65,,,0.3,,middle,ชลบุรี,สำนักงานชลประทานที่ 9,โครงการชลประทานชลบุรี,RID,https://app.rid.go.th/reservoir/,2026-04-22 07:36:15
rsv344,อ่างเก็บน้ำชากนอก,,Thailand,east,,,12.881360759,100.934799805,7.03,,,0.4,,middle,ชลบุรี,สำนักงานชลประทานที่ 9,โครงการชลประทานชลบุรี,RID,https://app.rid.go.th/reservoir/,2026-04-22 07:36:15
rsv345,อ่างเก็บน้ำมาบประชัน,,Thailand,east,,,12.934915478,100.958013891,16.6,,,0.76,,middle,ชลบุรี,สำนักงานชลประทานที่ 9,โครงการชลประทานชลบุรี,RID,https://app.rid.go.th/reservoir/,2026-04-22 07:36:15
rsv346,อ่างเก็บน้ำหนองค้อ,,Thailand,east,,,13.130143,101.03597,21.4,,,1.0,,middle,ชลบุรี,สำนักงานชลประทานที่ 9,โครงการชลประทานชลบุรี,RID,https://app.rid.go.th/reservoir/,2026-04-22 07:36:15
rsv347,อ่างเก็บน้ำห้วยขุนจิต,,Thailand,east,,,13.011844057,101.007715414,4.8,,,0.25,,middle,ชลบุรี,สำนักงานชลประทานที่ 9,โครงการชลประทานชลบุรี,RID,https://app.rid.go.th/reservoir/,2026-04-22 07:36:15
rsv348,อ่างเก็บน้ำมาบฟักทอง 1,,Thailand,east,,,12.791044262,100.973059258,1.23,,,0.2,,middle,ชลบุรี,สำนักงานชลประทานที่ 9,โครงการชลประทานชลบุรี,RID,https://app.rid.go.th/reservoir/,2026-04-22 07:36:15
rsv349,อ่างเก็บน้ำห้วยสะพาน,,Thailand,east,,,13.07688854,101.038150435,3.84,,,0.3,,middle,ชลบุรี,สำนักงานชลประทานที่ 9,โครงการชลประทานชลบุรี,RID,https://app.rid.go.th/reservoir/,2026-04-22 07:36:15
rsv350,อ่างเก็บน้ำมาบฟักทอง 2,,Thailand,east,,,12.809434481,100.966974266,2.0,,,0.19,,middle,ชลบุรี,สำนักงานชลประทานที่ 9,โครงการชลประทานชลบุรี,RID,https://app.rid.go.th/reservoir/,2026-04-22 07:36:15
rsv351,อ่างเก็บน้ำบ้านบึง,,Thailand,east,,,13.247851,101.129034,10.979,,,2.82,,middle,ชลบุรี,สำนักงานชลประทานที่ 9,โครงการชลประทานชลบุรี,RID,https://app.rid.go.th/reservoir/,2026-04-22 07:36:15
rsv352,อ่างเก็บน้ำห้วยตู้ 1,,Thailand,east,,,12.757987034,100.932760507,1.5,,,0.09,,middle,ชลบุรี,สำนักงานชลประทานที่ 9,โครงการชลประทานชลบุรี,RID,https://app.rid.go.th/reservoir/,2026-04-22 07:36:15
rsv353,อ่างเก็บน้ำห้วยตู้ 2,,Thailand,east,,,12.75535978,100.945950162,2.9,,,0.2,,middle,ชลบุรี,สำนักงานชลประทานที่ 9,โครงการชลประทานชลบุรี,RID,https://app.rid.go.th/reservoir/,2026-04-22 07:36:15
rsv491,อ่างเก็บน้ำคลองหลวง รัชชโลทร,,Thailand,east,,,13.392334924,101.357058533,98.0,,,2.95,,middle,ชลบุรี,สำนักงานชลประทานที่ 9,โครงการส่งน้ำและบำรุงรักษาคลองหลวงรัชชโลทร,RID,https://app.rid.go.th/reservoir/,2026-04-22 07:36:15
rsv354,อ่างเก็บน้ำเขาอีโต้ 1,,Thailand,east,,,14.154627,101.406548,2.9,,,0.5,,middle,ปราจีนบุรี,สำนักงานชลประทานที่ 9,โครงการชลประทานปราจีนบุรี,RID,https://app.rid.go.th/reservoir/,2026-04-22 07:36:15
rsv355,อ่างเก็บน้ำทับลาน,,Thailand,east,,,14.204205723,101.918211758,2.725,,,0.5,,middle,ปราจีนบุรี,สำนักงานชลประทานที่ 9,โครงการชลประทานปราจีนบุรี,RID,https://app.rid.go.th/reservoir/,2026-04-22 07:36:15
rsv499,อ่างเก็บน้ำคลองไม้ปล้อง,,Thailand,east,,,14.224976551,101.415013288,11.335,,,0.11,,middle,ปราจีนบุรี,สำนักงานชลประทานที่ 9,โครงการชลประทานปราจีนบุรี,RID,https://app.rid.go.th/reservoir/,2026-04-22 07:36:15
rsv357,อ่างเก็บน้ำดอกกราย,,Thailand,east,,,12.890301739,101.219914228,71.4,,,3.0,,middle,ระยอง,สำนักงานชลประทานที่ 9,โครงการชลประทานระยอง,RID,https://app.rid.go.th/reservoir/,2026-04-22 07:36:15
rsv358,อ่างเก็บน้ำคลองระโอก,,Thailand,east,,,12.861846155,101.757801194,19.65,,,0.49,,middle,ระยอง,สำนักงานชลประทานที่ 9,โครงการชลประทานระยอง,RID,https://app.rid.go.th/reservoir/,2026-04-22 07:36:15
rsv359,อ่างเก็บน้ำคลองใหญ่,,Thailand,east,,,12.964319015,101.313237918,40.1,,,3.0,,middle,ระยอง,สำนักงานชลประทานที่ 9,โครงการชลประทานระยอง,RID,https://app.rid.go.th/reservoir/,2026-04-22 07:36:15
rsv360,อ่างเก็บน้ำเขาระกำ,,Thailand,east,,,12.266506971,102.422050475,47.69,,,2.31,,middle,ตราด,สำนักงานชลประทานที่ 9,โครงการชลประทานตราด,RID,https://app.rid.go.th/reservoir/,2026-04-22 07:36:15
rsv361,อ่างเก็บน้ำบ้านมะนาว,,Thailand,east,,,12.606126958,102.517796286,2.35,,,0.07,,middle,ตราด,สำนักงานชลประทานที่ 9,โครงการชลประทานตราด,RID,https://app.rid.go.th/reservoir/,2026-04-22 07:36:15
rsv362,อ่างเก็บน้ำด่านชุมพล,,Thailand,east,,,12.464895562,102.640472067,5.6,,,0.3,,middle,ตราด,สำนักงานชลประทานที่ 9,โครงการชลประทานตราด,RID,https://app.rid.go.th/reservoir/,2026-04-22 07:36:15
rsv363,อ่างเก็บน้ำห้วยแร้ง,,Thailand,east,,,12.404524323,102.6767975,36.8,,,2.5,,middle,ตราด,สำนักงานชลประทานที่ 9,โครงการชลประทานตราด,RID,https://app.rid.go.th/reservoir/,2026-04-22 07:36:15
rsv364,อ่างเก็บน้ำวังปลาหมอ,,Thailand,east,,,12.299926169,102.398191401,6.632,,,0.6,,middle,ตราด,สำนักงานชลประทานที่ 9,โครงการชลประทานตราด,RID,https://app.rid.go.th/reservoir/,2026-04-22 07:36:15
rsv497,อ่างเก็บน้ำคลองสะพานหิน,,Thailand,east,,,12.099982882,102.729299914,20.0,,,0.5,,middle,ตราด,สำนักงานชลประทานที่ 9,โครงการชลประทานตราด,RID,https://app.rid.go.th/reservoir/,2026-04-22 07:36:15
rsv498,อ่างเก็บน้ำคลองโสน,,Thailand,east,,,12.526515619,102.608871258,65.0,,,2.48,,middle,ตราด,สำนักงานชลประทานที่ 9,โครงการชลประทานตราด,RID,https://app.rid.go.th/reservoir/,2026-04-22 07:36:15
rsv365,อ่างเก็บน้ำพระปรง,,Thailand,east,,,13.997334314,102.421454814,97.0,,,4.0,,middle,สระแก้ว,สำนักงานชลประทานที่ 9,โครงการชลประทานสระแก้ว,RID,https://app.rid.go.th/reservoir/,2026-04-22 07:36:15
rsv366,อ่างเก็บน้ำห้วยชัน,,Thailand,east,,,13.985790827,102.446994889,4.0,,,0.86,,middle,สระแก้ว,สำนักงานชลประทานที่ 9,โครงการชลประทานสระแก้ว,RID,https://app.rid.go.th/reservoir/,2026-04-22 07:36:15
rsv367,อ่างเก็บน้ำท่ากะบาก,,Thailand,east,,,13.971484,102.263244,7.3,,,0.8,,middle,สระแก้ว,สำนักงานชลประทานที่ 9,โครงการชลประทานสระแก้ว,RID,https://app.rid.go.th/reservoir/,2026-04-22 07:36:15
rsv368,อ่างเก็บน้ำคลองสามสิบ,,Thailand,east,,,13.672296,102.173215,5.775,,,0.8,,middle,สระแก้ว,สำนักงานชลประทานที่ 9,โครงการชลประทานสระแก้ว,RID,https://app.rid.go.th/reservoir/,2026-04-22 07:36:15
rsv369,อ่างเก็บน้ำเขารัง,,Thailand,east,,,13.601774695,102.398877918,3.72,,,0.12,,middle,สระแก้ว,สำนักงานชลประทานที่ 9,โครงการชลประทานสระแก้ว,RID,https://app.rid.go.th/reservoir/,2026-04-22 07:36:15
rsv370,อ่างเก็บน้ำคลองเกลือ,,Thailand,east,,,13.959977096,102.359060214,5.5,,,0.8,,middle,สระแก้ว,สำนักงานชลประทานที่ 9,โครงการชลประทานสระแก้ว,RID,https://app.rid.go.th/reservoir/,2026-04-22 07:36:15
rsv371,อ่างเก็บน้ำช่องกล่ำล่าง,,Thailand,east,,,13.95737,102.281987,2.2,,,0.2,,middle,สระแก้ว,สำนักงานชลประทานที่ 9,โครงการชลประทานสระแก้ว,RID,https://app.rid.go.th/reservoir/,2026-04-22 07:36:15
rsv372,อ่างเก็บน้ำห้วยเขาดิน,,Thailand,east,,,13.430838,102.339459,1.4,,,0.1,,middle,สระแก้ว,สำนักงานชลประทานที่ 9,โครงการชลประทานสระแก้ว,RID,https://app.rid.go.th/reservoir/,2026-04-22 07:36:15
rsv373,อ่างเก็บน้ำห้วยยาง,,Thailand,east,,,14.028045776,102.649114836,60.0,,,4.0,,middle,สระแก้ว,สำนักงานชลประทานที่ 9,โครงการชลประทานสระแก้ว,RID,https://app.rid.go.th/reservoir/,2026-04-22 07:36:15
rsv374,อ่างเก็บน้ำห้วยตะเคียน,,Thailand,east,,,13.957857478,102.670770243,10.0,,,0.2,,middle,สระแก้ว,สำนักงานชลประทานที่ 9,โครงการชลประทานสระแก้ว,RID,https://app.rid.go.th/reservoir/,2026-04-22 07:36:15
rsv375,อ่างเก็บน้ำคลองส้มป่อย,,Thailand,east,,,14.118234667,102.870270705,1.8,,,0.1,,middle,สระแก้ว,สำนักงานชลประทานที่ 9,โครงการชลประทานสระแก้ว,RID,https://app.rid.go.th/reservoir/,2026-04-22 07:36:15
rsv379,อ่างเก็บน้ำคลองตาด้วง,,Thailand,east,,,14.148207206,102.894251493,1.8,,,0.1,,middle,สระแก้ว,สำนักงานชลประทานที่ 9,โครงการชลประทานสระแก้ว,RID,https://app.rid.go.th/reservoir/,2026-04-22 07:36:15
rsv496,อ่างเก็บน้ำคลองพระสะทึง,,Thailand,east,,,13.416127524,102.087595625,65.0,,,4.0,,middle,สระแก้ว,สำนักงานชลประทานที่ 9,โครงการชลประทานสระแก้ว,RID,https://app.rid.go.th/reservoir/,2026-04-22 07:36:15
rsv380,อ่างเก็บน้ำห้วยปรือ,,Thailand,east,,,14.309803043,101.217320435,8.87,,,0.12,,middle,นครนายก,สำนักงานชลประทานที่ 9,โครงการชลประทานนครนายก,RID,https://app.rid.go.th/reservoir/,2026-04-22 07:36:15
rsv381,อ่างเก็บน้ำคลองสีเสียด,,Thailand,east,,,14.249540951,101.32427955,1.14,,,0.07,,middle,นครนายก,สำนักงานชลประทานที่ 9,โครงการชลประทานนครนายก,RID,https://app.rid.go.th/reservoir/,2026-04-22 07:36:15
rsv382,อ่างเก็บน้ำคลองโบด,,Thailand,east,,,14.289578224,101.191503688,4.25,,,0.01,,middle,นครนายก,สำนักงานชลประทานที่ 9,โครงการชลประทานนครนายก,RID,https://app.rid.go.th/reservoir/,2026-04-22 07:36:15
rsv383,อ่างเก็บน้ำทรายทอง,,Thailand,east,,,14.333138002,101.202995328,2.0,,,0.12,,middle,นครนายก,สำนักงานชลประทานที่ 9,โครงการชลประทานนครนายก,RID,https://app.rid.go.th/reservoir/,2026-04-22 07:36:15
rsv384,อ่างเก็บน้ำคลองวังบอน,,Thailand,east,,,14.234093872,101.382860526,7.6,,,0.28,,middle,นครนายก,สำนักงานชลประทานที่ 9,โครงการชลประทานนครนายก,RID,https://app.rid.go.th/reservoir/,2026-04-22 07:36:15
rsv386,อ่างเก็บน้ำคลองกลาง,,Thailand,east,,,14.241370306,101.356192469,3.1,,,0.1,,middle,นครนายก,สำนักงานชลประทานที่ 9,โครงการชลประทานนครนายก,RID,https://app.rid.go.th/reservoir/,2026-04-22 07:36:15
rsv67,อ่างเก็บน้ำคลองเฉลียงลับ,,Thailand,central,,,16.41252203,101.286491139,7.85,,,0.6,,middle,เพชรบูรณ์,สำนักงานชลประทานที่ 10,โครงการชลประทานเพชรบูรณ์,RID,https://app.rid.go.th/reservoir/,2026-04-22 07:36:15
rsv68,อ่างเก็บน้ำห้วยขอนแก่น,,Thailand,central,,,16.823115896,101.360260766,33.22,,,3.22,,middle,เพชรบูรณ์,สำนักงานชลประทานที่ 10,โครงการชลประทานเพชรบูรณ์,RID,https://app.rid.go.th/reservoir/,2026-04-22 07:36:15
rsv69,อ่างเก็บน้ำห้วยป่าแดง,,Thailand,central,,,16.45132927,101.090177757,18.74,,,0.1,,middle,เพชรบูรณ์,สำนักงานชลประทานที่ 10,โครงการชลประทานเพชรบูรณ์,RID,https://app.rid.go.th/reservoir/,2026-04-22 07:36:15
rsv70,อ่างเก็บน้ำห้วยป่าเลา,,Thailand,central,,,16.485816843,101.105560426,8.4,,,0.184,,middle,เพชรบูรณ์,สำนักงานชลประทานที่ 10,โครงการชลประทานเพชรบูรณ์,RID,https://app.rid.go.th/reservoir/,2026-04-22 07:36:15
rsv472,อ่างเก็บน้ำน้ำก้อ,,Thailand,central,,,16.800626493,101.155582623,20.58,,,0.81,,middle,เพชรบูรณ์,สำนักงานชลประทานที่ 10,โครงการชลประทานเพชรบูรณ์,RID,https://app.rid.go.th/reservoir/,2026-04-22 07:36:15
rsv473,อ่างเก็บน้ำห้วยใหญ่,,Thailand,central,,,16.471960062,101.321167815,13.25,,,1.0,,middle,เพชรบูรณ์,สำนักงานชลประทานที่ 10,โครงการชลประทานเพชรบูรณ์,RID,https://app.rid.go.th/reservoir/,2026-04-22 07:36:15
rsv474,อ่างเก็บน้ำห้วยนา,,Thailand,central,,,16.279461895,101.027370777,5.65,,,0.6,,middle,เพชรบูรณ์,สำนักงานชลประทานที่ 10,โครงการชลประทานเพชรบูรณ์,RID,https://app.rid.go.th/reservoir/,2026-04-22 07:36:15
rsv475,อ่างเก็บน้ำคลองลำกง,,Thailand,central,,,16.00623258,101.228070018,48.52,,,4.8,,middle,เพชรบูรณ์,สำนักงานชลประทานที่ 10,โครงการชลประทานเพชรบูรณ์,RID,https://app.rid.go.th/reservoir/,2026-04-22 07:36:15
rsv476,อ่างเก็บน้ำห้วยน้ำชุนใหญ่,,Thailand,central,,,16.786054783,101.098107285,7.52,,,0.64,,middle,เพชรบูรณ์,สำนักงานชลประทานที่ 10,โครงการชลประทานเพชรบูรณ์,RID,https://app.rid.go.th/reservoir/,2026-04-22 07:36:15
rsv477,อ่างเก็บน้ำห้วยเล็ง,,Thailand,central,,,15.79438147,101.241366196,17.2,,,3.3,,middle,เพชรบูรณ์,สำนักงานชลประทานที่ 10,โครงการชลประทานเพชรบูรณ์,RID,https://app.rid.go.th/reservoir/,2026-04-22 07:36:15
rsv506,อ่างเก็บน้ำห้วยท่าพล,,Thailand,central,,,16.5944463,101.1132536,12.82,,,0.85,,middle,เพชรบูรณ์,สำนักงานชลประทานที่ 10,โครงการชลประทานเพชรบูรณ์,RID,https://app.rid.go.th/reservoir/,2026-04-22 07:36:15
rsv390,อ่างเก็บน้ำซับตะเคียน,,Thailand,central,,,15.112212976,100.995740181,8.42,,,0.35,,middle,ลพบุรี,สำนักงานชลประทานที่ 10,โครงการชลประทานลพบุรี,RID,https://app.rid.go.th/reservoir/,2026-04-22 07:36:15
rsv391,อ่างเก็บน้ำห้วยโป่ง,,Thailand,central,,,14.962788364,100.681756766,2.07,,,0.05,,middle,ลพบุรี,สำนักงานชลประทานที่ 10,โครงการชลประทานลพบุรี,RID,https://app.rid.go.th/reservoir/,2026-04-22 07:36:15
rsv392,อ่างเก็บน้ำกุดตาเพชร,,Thailand,central,,,15.418654313,101.357984212,43.0,,,2.0,,middle,ลพบุรี,สำนักงานชลประทานที่ 10,โครงการชลประทานลพบุรี,RID,https://app.rid.go.th/reservoir/,2026-04-22 07:36:15
rsv393,อ่างเก็บน้ำห้วยใหญ่ (วังแขม),,Thailand,central,,,15.254410006,100.860530661,12.0,,,1.5,,middle,ลพบุรี,สำนักงานชลประทานที่ 10,โครงการชลประทานลพบุรี,RID,https://app.rid.go.th/reservoir/,2026-04-22 07:36:15
rsv396,อ่างเก็บน้ำห้วยหิน,,Thailand,central,,,15.097909592,100.952579158,2.25,,,0.2,,middle,ลพบุรี,สำนักงานชลประทานที่ 10,โครงการชลประทานลพบุรี,RID,https://app.rid.go.th/reservoir/,2026-04-22 07:36:15
rsv525,อ่างเก็บน้ำห้วยแฟน,,Thailand,central,,,14.8606434,100.690836,1.9,,,0.055,,middle,ลพบุรี,สำนักงานชลประทานที่ 10,โครงการชลประทานลพบุรี,RID,https://app.rid.go.th/reservoir/,2026-04-22 07:36:15
rsv526,อ่างเก็บน้ำห้วยใหญ่,,Thailand,central,,,14.904137877,100.697635694,7.6,,,0.05,,middle,ลพบุรี,สำนักงานชลประทานที่ 10,โครงการชลประทานลพบุรี,RID,https://app.rid.go.th/reservoir/,2026-04-22 07:36:15
rsv397,อ่างเก็บน้ำบ้านดง,,Thailand,central,,,14.529830226,101.084091405,3.18,,,0.25,,middle,สระบุรี,สำนักงานชลประทานที่ 10,โครงการชลประทานสระบุรี,RID,https://app.rid.go.th/reservoir/,2026-04-22 07:36:15
rsv398,อ่างเก็บน้ำคลองเพรียว,,Thailand,central,,,14.54022621,100.938305446,7.2,,,0.097,,middle,สระบุรี,สำนักงานชลประทานที่ 10,โครงการส่งน้ำและบำรุงรักษาคลองเพรียว-เสาไห้,RID,https://app.rid.go.th/reservoir/,2026-04-22 07:36:15
rsv399,อ่างเก็บน้ำห้วยหินขาว,,Thailand,central,,,14.630417712,100.932102664,1.1,,,0.1,,middle,สระบุรี,สำนักงานชลประทานที่ 10,โครงการชลประทานสระบุรี,RID,https://app.rid.go.th/reservoir/,2026-04-22 07:36:15
rsv470,อ่างเก็บน้ำมวกเหล็ก,,Thailand,central,,,14.803190944,101.145850565,61.0,,,1.1,,middle,สระบุรี,สำนักงานชลประทานที่ 10,โครงการชลประทานสระบุรี,RID,https://app.rid.go.th/reservoir/,2026-04-22 07:36:15
rsv389,อ่างเก็บน้ำห้วยขุนแก้ว,,Thailand,central,,,15.343946949,99.523729203,52.0,,,2.17,,middle,อุทัยธานี,สำนักงานชลประทานที่ 12,โครงการชลประทานอุทัยธานี,RID,https://app.rid.go.th/reservoir/,2026-04-22 07:36:15
rsv529,อ่างเก็บน้ำวังร่มเกล้า,,Thailand,central,,,15.501275,99.9484063,4.64,,,0.63,,middle,อุทัยธานี,สำนักงานชลประทานที่ 12,โครงการชลประทานอุทัยธานี,RID,https://app.rid.go.th/reservoir/,2026-04-22 07:36:15
rsv401,อ่างเก็บน้ำห้วยท่าเดื่อ,,Thailand,central,,,14.872912348,99.516681036,2.8,,,0.2,,middle,สุพรรณบุรี,สำนักงานชลประทานที่ 12,โครงการชลประทานสุพรรณบุรี,RID,https://app.rid.go.th/reservoir/,2026-04-22 07:36:15
rsv484,อ่างเก็บน้ำห้วยยาง,,Thailand,central,,,14.915718628,99.365767119,1.6,,,0.15,,middle,สุพรรณบุรี,สำนักงานชลประทานที่ 12,โครงการชลประทานสุพรรณบุรี,RID,https://app.rid.go.th/reservoir/,2026-04-22 07:36:15
rsv527,อ่างเก็บน้ำห้วยหนองโรง,,Thailand,central,,,15.032969589,99.788693387,14.0,,,0.85,,middle,ชัยนาท,สำนักงานชลประทานที่ 12,โครงการชลประทานชัยนาท,RID,https://app.rid.go.th/reservoir/,2026-04-22 07:36:15
rsv402,อ่างเก็บน้ำลำตะเพิน,,Thailand,west,,,14.776175304,99.435931178,50.0,,,4.8,,middle,กาญจนบุรี,สำนักงานชลประทานที่ 13,โครงการชลประทานกาญจนบุรี,RID,https://app.rid.go.th/reservoir/,2026-04-22 07:36:15
rsv403,อ่างเก็บน้ำห้วยเทียน,,Thailand,west,,,14.630033753,99.615496342,10.65,,,1.4,,middle,กาญจนบุรี,สำนักงานชลประทานที่ 13,โครงการชลประทานกาญจนบุรี,RID,https://app.rid.go.th/reservoir/,2026-04-22 07:36:15
rsv404,อ่างเก็บน้ำห้วยพุตะเคียน,,Thailand,west,,,14.80927442,99.337249227,4.0,,,0.24,,middle,กาญจนบุรี,สำนักงานชลประทานที่ 13,โครงการชลประทานกาญจนบุรี,RID,https://app.rid.go.th/reservoir/,2026-04-22 07:36:15
rsv517,อ่างเก็บน้ำห้วยกระพร้อย,,Thailand,west,,,14.629395756,99.411786203,23.17,,,1.142,,middle,กาญจนบุรี,สำนักงานชลประทานที่ 13,โครงการชลประทานกาญจนบุรี,RID,https://app.rid.go.th/reservoir/,2026-04-22 07:36:15
rsv405,อ่างเก็บน้ำชัฎป่าหวาย,,Thailand,west,,,13.542448,99.442022,2.5,,,0.25,,middle,ราชบุรี,สำนักงานชลประทานที่ 13,โครงการชลประทานราชบุรี,RID,https://app.rid.go.th/reservoir/,2026-04-22 07:36:15
rsv406,อ่างเก็บน้ำห้วยสำนักไม้เต็ง,,Thailand,west,,,13.502622543,99.610632711,45.48,,,2.0,,middle,ราชบุรี,สำนักงานชลประทานที่ 13,โครงการชลประทานราชบุรี,RID,https://app.rid.go.th/reservoir/,2026-04-22 07:36:15
rsv407,อ่างเก็บน้ำห้วยมะหาด,,Thailand,west,,,13.456215,99.460353,4.3,,,0.22,,middle,ราชบุรี,สำนักงานชลประทานที่ 13,โครงการชลประทานราชบุรี,RID,https://app.rid.go.th/reservoir/,2026-04-22 07:36:15
rsv408,อ่างเก็บน้ำห้วยท่าเคย,,Thailand,west,,,13.287769762,99.416094343,23.4,,,1.0,,middle,ราชบุรี,สำนักงานชลประทานที่ 13,โครงการชลประทานราชบุรี,RID,https://app.rid.go.th/reservoir/,2026-04-22 07:36:15
rsv410,อ่างเก็บน้ำห้วยสามเขา,,Thailand,south,,,12.665144107,99.659152447,3.4,,,0.12,,middle,เพชรบุรี,สำนักงานชลประทานที่ 14,โครงการชลประทานเพชรบุรี,RID,https://app.rid.go.th/reservoir/,2026-04-22 07:36:15
rsv411,อ่างเก็บน้ำห้วยสงสัย,,Thailand,south,,,12.707276024,99.729830066,4.054,,,0.4,,middle,เพชรบุรี,สำนักงานชลประทานที่ 14,โครงการชลประทานเพชรบุรี,RID,https://app.rid.go.th/reservoir/,2026-04-22 07:36:15
rsv412,อ่างเก็บน้ำห้วยทราย,,Thailand,south,,,12.672284739,99.909299986,1.95,,,0.04,,middle,เพชรบุรี,สำนักงานชลประทานที่ 14,โครงการชลประทานเพชรบุรี,RID,https://app.rid.go.th/reservoir/,2026-04-22 07:36:15
rsv413,อ่างเก็บน้ำทุ่งขาม,,Thailand,south,,,12.638495,99.765576,8.0,,,0.61,,middle,เพชรบุรี,สำนักงานชลประทานที่ 14,โครงการชลประทานเพชรบุรี,RID,https://app.rid.go.th/reservoir/,2026-04-22 07:36:15
rsv414,อ่างเก็บน้ำห้วยตะแปด,,Thailand,south,,,12.719203893,99.889948147,4.0,,,0.13,,middle,เพชรบุรี,สำนักงานชลประทานที่ 14,โครงการชลประทานเพชรบุรี,RID,https://app.rid.go.th/reservoir/,2026-04-22 07:36:15
rsv420,อ่างเก็บน้ำบ้านกระหร่างสาม,,Thailand,south,,,12.599614,99.557683,6.0,,,0.22,,middle,เพชรบุรี,สำนักงานชลประทานที่ 14,โครงการชลประทานเพชรบุรี,RID,https://app.rid.go.th/reservoir/,2026-04-22 07:36:15
rsv421,อ่างเก็บน้ำแม่ประจันต์,,Thailand,south,,,13.19182072,99.668771243,42.2,,,2.04,,middle,เพชรบุรี,สำนักงานชลประทานที่ 14,โครงการส่งน้ำและบำรุงรักษาแก่งกระจาน,RID,https://app.rid.go.th/reservoir/,2026-04-22 07:36:15
rsv467,อ่างเก็บน้ำห้วยผาก,,Thailand,south,,,12.773913384,99.67202787,27.5,,,3.0,,middle,เพชรบุรี,สำนักงานชลประทานที่ 14,โครงการส่งน้ำและบำรุงรักษาแก่งกระจาน,RID,https://app.rid.go.th/reservoir/,2026-04-22 07:36:15
rsv423,อ่างเก็บน้ำคลองช่องลม,,Thailand,south,,,11.566610342,99.531652142,5.5,,,0.3,,middle,ประจวบคีรีขันธ์,สำนักงานชลประทานที่ 14,โครงการชลประทานประจวบคีรีขันธ์,RID,https://app.rid.go.th/reservoir/,2026-04-22 07:36:15
rsv424,อ่างเก็บน้ำคลองจะกระ,,Thailand,south,,,11.541704248,99.493913632,10.4,,,0.5,,middle,ประจวบคีรีขันธ์,สำนักงานชลประทานที่ 14,โครงการชลประทานประจวบคีรีขันธ์,RID,https://app.rid.go.th/reservoir/,2026-04-22 07:36:15
rsv425,อ่างเก็บน้ำยางชุม,,Thailand,south,,,12.081688141,99.685954444,41.1,,,4.0,,middle,ประจวบคีรีขันธ์,สำนักงานชลประทานที่ 14,โครงการชลประทานประจวบคีรีขันธ์,RID,https://app.rid.go.th/reservoir/,2026-04-22 07:36:15
rsv426,อ่างเก็บน้ำคลองบึง,,Thailand,south,,,11.9337064,99.706351214,22.2,,,0.8,,middle,ประจวบคีรีขันธ์,สำนักงานชลประทานที่ 14,โครงการชลประทานประจวบคีรีขันธ์,RID,https://app.rid.go.th/reservoir/,2026-04-22 07:36:15
rsv427,อ่างเก็บน้ำห้วยอ่างหิน,,Thailand,south,,,11.964933402,99.699110998,2.8,,,0.15,,middle,ประจวบคีรีขันธ์,สำนักงานชลประทานที่ 14,โครงการชลประทานประจวบคีรีขันธ์,RID,https://app.rid.go.th/reservoir/,2026-04-22 07:36:15
rsv428,อ่างเก็บน้ำห้วยไทรงาม,,Thailand,south,,,12.563799515,99.688473275,9.5,,,0.9,,middle,ประจวบคีรีขันธ์,สำนักงานชลประทานที่ 14,โครงการชลประทานประจวบคีรีขันธ์,RID,https://app.rid.go.th/reservoir/,2026-04-22 07:36:15
rsv429,อ่างเก็บน้ำห้วยวังเต็น,,Thailand,south,,,12.146909679,99.734447154,11.4,,,0.67,,middle,ประจวบคีรีขันธ์,สำนักงานชลประทานที่ 14,โครงการชลประทานประจวบคีรีขันธ์,RID,https://app.rid.go.th/reservoir/,2026-04-22 07:36:15
rsv488,อ่างเก็บน้ำห้วยมงคล,,Thailand,south,,,12.569955355,99.802204705,5.85,,,0.24,,middle,ประจวบคีรีขันธ์,สำนักงานชลประทานที่ 14,โครงการชลประทานประจวบคีรีขันธ์,RID,https://app.rid.go.th/reservoir/,2026-04-22 07:36:15
rsv500,อ่างเก็บน้ำหาดส้มแป้น,,Thailand,south,,,9.948284,98.700634507,10.0,,,1.8,,middle,ระนอง,สำนักงานชลประทานที่ 14,โครงการชลประทานระนอง,RID,https://app.rid.go.th/reservoir/,2026-04-22 07:36:15
rsv430,อ่างเก็บน้ำบางกำปรัด,,Thailand,south,,,8.22127992,99.200813512,16.0,,,1.5,,middle,กระบี่,สำนักงานชลประทานที่ 15,โครงการชลประทานกระบี่,RID,https://app.rid.go.th/reservoir/,2026-04-22 07:36:15
rsv431,อ่างเก็บน้ำห้วยลึก,,Thailand,south,,,8.596315217,98.813884344,2.45,,,0.06,,middle,กระบี่,สำนักงานชลประทานที่ 15,โครงการชลประทานกระบี่,RID,https://app.rid.go.th/reservoir/,2026-04-22 07:36:15
rsv432,อ่างเก็บน้ำห้วยน้ำเขียว,,Thailand,south,,,7.962062668,99.177578695,7.3,,,0.156,,middle,กระบี่,สำนักงานชลประทานที่ 15,โครงการชลประทานกระบี่,RID,https://app.rid.go.th/reservoir/,2026-04-22 07:36:15
rsv433,อ่างเก็บน้ำคลองหยา,,Thailand,south,,,8.514249125,98.831200984,3.2,,,0.04,,middle,กระบี่,สำนักงานชลประทานที่ 15,โครงการชลประทานกระบี่,RID,https://app.rid.go.th/reservoir/,2026-04-22 07:36:15
rsv471,อ่างเก็บน้ำคลองแห้ง,,Thailand,south,,,8.236321,98.981389,12.5,,,1.0,,middle,กระบี่,สำนักงานชลประทานที่ 15,โครงการชลประทานกระบี่,RID,https://app.rid.go.th/reservoir/,2026-04-22 07:36:15
rsv542,อ่างเก็บน้ำ ห้วยทรายขาว,,Thailand,south,,,7.78393,99.281823,5.0,,,0.1,,middle,กระบี่,สำนักงานชลประทานที่ 15,โครงการชลประทานกระบี่,RID,https://app.rid.go.th/reservoir/,2026-04-22 07:36:15
rsv434,อ่างเก็บน้ำห้วยน้ำใส,,Thailand,south,,,7.88956865,99.809043211,80.0,,,2.0,,middle,นครศรีธรรมราช,สำนักงานชลประทานที่ 15,โครงการส่งน้ำและบำรุงรักษาปากพนังบน,RID,https://app.rid.go.th/reservoir/,2026-04-22 07:36:15
rsv435,อ่างเก็บน้ำคลองกะทูน,,Thailand,south,,,8.565497786,99.528874518,70.5,,,14.3,,middle,นครศรีธรรมราช,สำนักงานชลประทานที่ 15,โครงการชลประทานนครศรีธรรมราช,RID,https://app.rid.go.th/reservoir/,2026-04-22 07:36:15
rsv436,อ่างเก็บน้ำบ้านเสม็ดจวน,,Thailand,south,,,8.178928616,99.328413134,1.7,,,0.05,,middle,นครศรีธรรมราช,สำนักงานชลประทานที่ 15,โครงการชลประทานนครศรีธรรมราช,RID,https://app.rid.go.th/reservoir/,2026-04-22 07:36:15
rsv437,อ่างเก็บน้ำคลองดินแดง,,Thailand,south,,,8.601472253,99.590919977,60.0,,,13.0,,middle,นครศรีธรรมราช,สำนักงานชลประทานที่ 15,โครงการชลประทานนครศรีธรรมราช,RID,https://app.rid.go.th/reservoir/,2026-04-22 07:36:15
rsv543,อ่างเก็บน้ำ คลองสังข์,,Thailand,south,,,8.201226,99.401204,36.575,,,1.18,,middle,นครศรีธรรมราช,สำนักงานชลประทานที่ 15,โครงการชลประทานนครศรีธรรมราช,RID,https://app.rid.go.th/reservoir/,2026-04-22 07:36:15
rsv438,อ่างเก็บน้ำบางวาด,,Thailand,south,,,7.890246602,98.336408492,10.2,,,0.27,,middle,ภูเก็ต,สำนักงานชลประทานที่ 15,โครงการชลประทานภูเก็ต,RID,https://app.rid.go.th/reservoir/,2026-04-22 07:36:15
rsv439,อ่างเก็บน้ำบางเหนียวดำ,,Thailand,south,,,7.968815257,98.332257905,7.79,,,0.028,,middle,ภูเก็ต,สำนักงานชลประทานที่ 15,โครงการชลประทานภูเก็ต,RID,https://app.rid.go.th/reservoir/,2026-04-22 07:36:15
rsv510,อ่างเก็บน้ำคลองกะทะ,,Thailand,south,,,7.858204227,98.327219921,4.14,,,0.163,,middle,ภูเก็ต,สำนักงานชลประทานที่ 15,โครงการชลประทานภูเก็ต,RID,https://app.rid.go.th/reservoir/,2026-04-22 07:36:15
rsv446,อ่างเก็บน้ำบางทรายนวล,,Thailand,south,,,8.734087626,98.791138509,2.2,,,0.1,,middle,สุราษฎร์ธานี,สำนักงานชลประทานที่ 15,โครงการชลประทานสุราษฎร์ธานี,RID,https://app.rid.go.th/reservoir/,2026-04-22 07:36:15
rsv447,อ่างเก็บน้ำคลองสวนหนัง,,Thailand,south,,,8.549075,98.993052,1.29,,,0.02,,middle,สุราษฎร์ธานี,สำนักงานชลประทานที่ 15,โครงการชลประทานสุราษฎร์ธานี,RID,https://app.rid.go.th/reservoir/,2026-04-22 07:36:15
rsv440,อ่างเก็บน้ำคลองท่างิ้ว,,Thailand,south,,,7.838256438,99.692904522,18.5,,,0.4,,middle,ตรัง,สำนักงานชลประทานที่ 16,โครงการชลประทานตรัง,RID,https://app.rid.go.th/reservoir/,2026-04-22 07:36:15
rsv492,อ่างเก็บน้ำบ้านพรุเตย,,Thailand,south,,,7.808973513,99.30743608,1.122,,,0.48,,middle,ตรัง,สำนักงานชลประทานที่ 16,โครงการชลประทานตรัง,RID,https://app.rid.go.th/reservoir/,2026-04-22 07:36:15
rsv528,อ่างเก็บน้ำคลองทรายขาว,,Thailand,south,,,7.8646952,99.4221362,5.5,,,,,middle,ตรัง,สำนักงานชลประทานที่ 16,โครงการชลประทานตรัง,RID,https://app.rid.go.th/reservoir/,2026-04-22 07:36:15
rsv441,อ่างเก็บน้ำคลองป่าบอน,,Thailand,south,,,7.166965205,100.08233024,20.0,,,0.9,,middle,พัทลุง,สำนักงานชลประทานที่ 16,โครงการชลประทานพัทลุง,RID,https://app.rid.go.th/reservoir/,2026-04-22 07:36:15
rsv442,อ่างเก็บน้ำป่าพะยอม,,Thailand,south,,,7.759662455,99.823111473,20.5,,,0.8,,middle,พัทลุง,สำนักงานชลประทานที่ 16,โครงการชลประทานพัทลุง,RID,https://app.rid.go.th/reservoir/,2026-04-22 07:36:15
rsv482,อ่างเก็บน้ำคลองหัวช้าง,,Thailand,south,,,7.31417742,100.013398705,30.0,,,0.55,,middle,พัทลุง,สำนักงานชลประทานที่ 16,โครงการส่งน้ำและบำรุงรักษาท่าเชียด,RID,https://app.rid.go.th/reservoir/,2026-04-22 07:36:15
rsv443,อ่างเก็บน้ำคลองจำไหร,,Thailand,south,,,6.829715778,100.334121768,6.0,,,0.1,,middle,สงขลา,สำนักงานชลประทานที่ 16,โครงการชลประทานสงขลา,RID,https://app.rid.go.th/reservoir/,2026-04-22 07:36:15
rsv444,อ่างเก็บน้ำคลองหลา,,Thailand,south,,,6.879715044,100.326959527,21.42,,,0.305,,middle,สงขลา,สำนักงานชลประทานที่ 16,โครงการชลประทานสงขลา,RID,https://app.rid.go.th/reservoir/,2026-04-22 07:36:15
rsv445,อ่างเก็บน้ำคลองสะเดา,,Thailand,south,,,6.583821589,100.496315813,56.741,,,1.556,,middle,สงขลา,สำนักงานชลประทานที่ 16,โครงการชลประทานสงขลา,RID,https://app.rid.go.th/reservoir/,2026-04-22 07:36:15
rsv448,อ่างเก็บน้ำใกล้บ้าน,,Thailand,south,,,6.384195361,101.86478835,3.73,,,0.05,,middle,นราธิวาส,สำนักงานชลประทานที่ 17,โครงการส่งน้ำและบำรุงรักษาบางนรา,RID,https://app.rid.go.th/reservoir/,2026-04-22 07:36:15
rsv509,อ่างเก็บน้ำบ้านไบก์ (บ้านไบ้),,Thailand,south,,,6.4626405,101.312051,1.2,,,0.03,,middle,ยะลา,สำนักงานชลประทานที่ 17,โครงการชลประทานยะลา,RID,https://app.rid.go.th/reservoir/,2026-04-22 07:36:15
